date,coconut_oil_price_usd_per_mt,usd_inr_rate,rainfall_arsikere_mm,temp_arsikere_c,rainfall_tiptur_mm,temp_tiptur_c,is_festival_window,nearest_festival
2002-01-01,362.0,,0.0,21.5,0.0,20.9,0,
2002-01-02,362.0,,0.0,20.8,0.0,20.2,0,
2002-01-03,362.0,,0.0,20.9,0.0,20.3,0,
2002-01-04,362.0,,0.0,21.6,0.0,21.1,0,
2002-01-05,362.0,,0.0,22.2,0.0,21.5,0,
2002-01-06,362.0,,0.1,23.2,0.0,22.6,0,
2002-01-07,362.0,,0.2,22.8,0.9,22.3,0,
2002-01-08,362.0,,0.8,22.6,0.7,22.0,0,
2002-01-09,362.0,,0.0,22.3,0.1,21.7,0,
2002-01-10,362.0,,0.0,21.6,0.0,21.1,0,
2002-01-11,362.0,,0.0,21.7,0.0,21.2,0,
2002-01-12,362.0,,0.0,21.2,0.0,20.8,0,
2002-01-13,362.0,,0.0,20.6,0.0,19.9,0,
2002-01-14,362.0,,0.0,20.5,0.0,19.8,0,
2002-01-15,362.0,,0.0,20.7,0.0,20.4,0,
2002-01-16,362.0,,0.0,21.1,0.0,20.5,1,Republic Day
2002-01-17,362.0,,0.0,21.2,0.0,21.0,1,Republic Day
2002-01-18,362.0,,0.0,21.7,0.0,21.3,1,Republic Day
2002-01-19,362.0,,0.0,22.2,0.0,21.7,1,Republic Day
2002-01-20,362.0,,0.0,23.1,0.0,22.9,1,Republic Day
2002-01-21,362.0,,0.0,23.5,0.0,23.4,1,Republic Day
2002-01-22,362.0,,0.0,23.8,0.0,23.5,1,Republic Day
2002-01-23,362.0,,0.0,24.4,0.0,24.1,1,Republic Day
2002-01-24,362.0,,0.0,25.8,0.0,25.1,1,Republic Day
2002-01-25,362.0,,0.0,25.6,0.0,25.3,1,Republic Day
2002-01-26,362.0,,0.0,24.3,0.0,23.8,1,Republic Day
2002-01-27,362.0,,0.0,23.7,0.0,23.4,0,
2002-01-28,362.0,,0.0,22.7,0.0,22.6,0,
2002-01-29,362.0,,0.0,22.5,0.0,22.4,0,
2002-01-30,362.0,,0.0,22.9,0.0,22.8,0,
2002-01-31,362.0,,0.0,22.8,0.0,22.5,0,
2002-02-01,376.0,,0.0,22.9,0.0,22.4,0,
2002-02-02,376.0,,1.4,21.9,2.3,21.4,0,
2002-02-03,376.0,,0.0,22.9,0.0,22.4,0,
2002-02-04,376.0,,0.0,24.0,0.0,23.4,0,
2002-02-05,376.0,,0.0,24.4,0.0,23.8,0,
2002-02-06,376.0,,0.7,24.6,1.4,24.2,0,
2002-02-07,376.0,,8.8,23.3,15.3,23.2,0,
2002-02-08,376.0,,49.2,22.5,42.6,22.1,0,
2002-02-09,376.0,,12.6,22.0,10.0,21.9,0,
2002-02-10,376.0,,0.0,22.0,0.0,21.7,0,
2002-02-11,376.0,,0.0,21.8,0.0,21.5,0,
2002-02-12,376.0,,0.2,22.4,0.1,22.4,0,
2002-02-13,376.0,,0.0,21.9,0.0,21.7,1,Eid al-Adha
2002-02-14,376.0,,0.0,21.9,0.0,21.8,1,Eid al-Adha
2002-02-15,376.0,,0.0,22.0,0.0,22.0,1,Eid al-Adha
2002-02-16,376.0,,0.0,21.9,0.0,21.9,1,Eid al-Adha
2002-02-17,376.0,,0.0,22.9,0.0,22.5,1,Eid al-Adha
2002-02-18,376.0,,0.0,22.0,0.0,21.5,1,Eid al-Adha
2002-02-19,376.0,,0.0,22.3,0.0,22.1,1,Eid al-Adha
2002-02-20,376.0,,0.0,22.6,0.0,22.8,1,Eid al-Adha
2002-02-21,376.0,,0.0,22.7,0.0,22.8,1,Eid al-Adha
2002-02-22,376.0,,0.0,22.0,0.0,22.2,1,Eid al-Adha
2002-02-23,376.0,,0.0,22.1,0.0,22.3,1,Eid al-Adha
2002-02-24,376.0,,0.0,21.9,0.0,22.3,0,
2002-02-25,376.0,,0.0,22.2,0.0,22.4,0,
2002-02-26,376.0,,0.0,21.7,0.0,21.6,0,
2002-02-27,376.0,,0.0,22.8,0.0,22.8,0,
2002-02-28,376.0,,0.0,24.4,0.0,24.2,0,
2002-03-01,366.0,,0.0,24.4,0.0,24.4,0,
2002-03-02,366.0,,0.0,24.5,0.0,24.4,1,Maha Shivaratri
2002-03-03,366.0,,0.0,24.6,0.0,24.7,1,Maha Shivaratri
2002-03-04,366.0,,0.0,25.4,0.0,25.4,1,Maha Shivaratri
2002-03-05,366.0,,0.0,25.4,0.0,25.6,1,Maha Shivaratri
2002-03-06,366.0,,0.0,25.2,0.0,25.4,1,Maha Shivaratri
2002-03-07,366.0,,0.0,25.1,0.0,24.7,1,Maha Shivaratri
2002-03-08,366.0,,0.0,25.4,0.0,25.1,1,Maha Shivaratri
2002-03-09,366.0,,0.0,26.5,0.0,26.4,1,Maha Shivaratri
2002-03-10,366.0,,0.0,26.0,0.0,25.8,1,Maha Shivaratri
2002-03-11,366.0,,0.0,26.3,0.0,26.2,1,Maha Shivaratri
2002-03-12,366.0,,0.0,27.0,0.0,26.8,1,Maha Shivaratri
2002-03-13,366.0,,0.0,26.6,0.0,26.4,0,
2002-03-14,366.0,,0.0,25.2,0.0,25.1,0,
2002-03-15,366.0,,0.0,25.4,0.0,25.1,1,Ashura
2002-03-16,366.0,,0.0,26.3,0.0,25.9,1,Ashura
2002-03-17,366.0,,0.0,26.8,0.0,26.8,1,Ashura
2002-03-18,366.0,,0.0,26.9,0.0,26.7,1,Ashura
2002-03-19,366.0,,0.0,26.3,0.0,26.2,1,Ashura
2002-03-20,366.0,,0.0,25.9,0.0,25.8,1,Ashura
2002-03-21,366.0,,0.0,25.6,0.0,25.5,1,Ashura
2002-03-22,366.0,,0.0,26.0,0.0,25.7,1,Ashura
2002-03-23,366.0,,0.0,26.5,0.0,26.1,1,Ashura
2002-03-24,366.0,,0.0,26.7,0.0,26.5,1,Ashura
2002-03-25,366.0,,0.0,26.7,0.0,26.7,1,Ashura
2002-03-26,366.0,,0.0,27.0,0.2,27.2,1,Good Friday
2002-03-27,366.0,,0.0,26.6,0.0,26.6,1,Good Friday
2002-03-28,366.0,,0.3,26.6,0.7,26.3,1,Good Friday
2002-03-29,366.0,,0.0,27.2,0.0,27.0,1,Good Friday
2002-03-30,366.0,,0.0,27.4,0.0,27.2,0,
2002-03-31,366.0,,0.0,27.6,0.0,27.3,0,
2002-04-01,411.0,,0.0,27.4,0.1,27.4,0,
2002-04-02,411.0,,0.0,27.2,0.0,27.1,0,
2002-04-03,411.0,,0.0,26.7,0.0,26.6,0,
2002-04-04,411.0,,0.0,26.7,0.5,26.7,1,Dr. B. R. Ambedkar's Birthday
2002-04-05,411.0,,13.3,25.6,12.1,25.3,1,Dr. B. R. Ambedkar's Birthday
2002-04-06,411.0,,2.5,25.1,2.2,24.7,1,Dr. B. R. Ambedkar's Birthday
2002-04-07,411.0,,0.0,25.8,0.0,25.7,1,Dr. B. R. Ambedkar's Birthday
2002-04-08,411.0,,0.0,25.7,0.1,25.4,1,Dr. B. R. Ambedkar's Birthday
2002-04-09,411.0,,0.1,25.7,0.7,25.5,1,Dr. B. R. Ambedkar's Birthday
2002-04-10,411.0,,1.3,25.8,0.8,25.8,1,Dr. B. R. Ambedkar's Birthday
2002-04-11,411.0,,2.3,25.8,5.1,25.6,1,Dr. B. R. Ambedkar's Birthday
2002-04-12,411.0,,9.3,25.1,11.9,24.7,1,Dr. B. R. Ambedkar's Birthday
2002-04-13,411.0,,9.9,24.8,10.8,24.6,1,Dr. B. R. Ambedkar's Birthday
2002-04-14,411.0,,0.7,25.0,0.5,24.9,1,Dr. B. R. Ambedkar's Birthday
2002-04-15,411.0,,0.3,25.5,0.0,25.4,1,Mahavira's Birthday
2002-04-16,411.0,,0.0,26.6,0.0,26.4,1,Mahavira's Birthday
2002-04-17,411.0,,0.0,26.9,0.0,26.6,1,Mahavira's Birthday
2002-04-18,411.0,,0.0,27.3,0.0,27.1,1,Mahavira's Birthday
2002-04-19,411.0,,0.0,27.3,0.0,26.9,1,Mahavira's Birthday
2002-04-20,411.0,,0.0,27.3,0.0,26.9,1,Mahavira's Birthday
2002-04-21,411.0,,0.0,27.3,0.0,26.9,1,Mahavira's Birthday
2002-04-22,411.0,,2.8,26.0,2.5,25.6,1,Mahavira's Birthday
2002-04-23,411.0,,3.1,26.0,2.5,25.8,1,Mahavira's Birthday
2002-04-24,411.0,,0.2,27.3,0.0,27.2,1,Mahavira's Birthday
2002-04-25,411.0,,0.0,27.2,0.0,27.0,1,Mahavira's Birthday
2002-04-26,411.0,,0.0,27.5,0.0,27.4,0,
2002-04-27,411.0,,0.0,28.2,0.0,27.9,0,
2002-04-28,411.0,,0.0,28.3,0.0,28.2,0,
2002-04-29,411.0,,0.0,28.0,0.0,27.8,0,
2002-04-30,411.0,,1.5,27.8,2.1,27.4,0,
2002-05-01,420.0,,0.0,28.1,0.0,28.0,0,
2002-05-02,420.0,,0.0,28.7,0.0,28.3,0,
2002-05-03,420.0,,0.0,28.0,0.0,27.7,0,
2002-05-04,420.0,,0.0,27.6,0.0,27.3,0,
2002-05-05,420.0,,0.1,27.2,0.0,26.9,0,
2002-05-06,420.0,,0.0,27.7,0.1,27.6,0,
2002-05-07,420.0,,6.8,26.9,1.2,27.0,0,
2002-05-08,420.0,,7.8,26.1,8.8,26.1,0,
2002-05-09,420.0,,8.6,25.5,8.9,25.3,1,Buddha Purnima
2002-05-10,420.0,,2.5,25.9,2.8,25.7,1,Buddha Purnima
2002-05-11,420.0,,1.4,25.8,3.0,25.6,1,Buddha Purnima
2002-05-12,420.0,,0.8,26.1,0.7,26.0,1,Buddha Purnima
2002-05-13,420.0,,1.1,25.6,0.6,25.5,1,Buddha Purnima
2002-05-14,420.0,,0.1,25.7,0.4,25.7,1,Buddha Purnima
2002-05-15,420.0,,3.2,25.9,2.8,25.8,1,Buddha Purnima
2002-05-16,420.0,,6.4,25.2,8.1,25.0,1,Buddha Purnima
2002-05-17,420.0,,6.5,24.8,9.6,24.5,1,Buddha Purnima
2002-05-18,420.0,,6.3,24.2,11.7,23.9,1,Buddha Purnima
2002-05-19,420.0,,1.7,24.0,1.3,23.8,1,Buddha Purnima
2002-05-20,420.0,,0.1,24.5,0.7,24.3,1,Prophet's Birthday
2002-05-21,420.0,,0.0,25.4,0.0,25.1,1,Prophet's Birthday
2002-05-22,420.0,,0.0,25.4,0.0,25.1,1,Prophet's Birthday
2002-05-23,420.0,,3.0,24.9,1.3,24.7,1,Prophet's Birthday
2002-05-24,420.0,,0.9,25.7,1.3,25.5,1,Prophet's Birthday
2002-05-25,420.0,,6.7,25.6,9.0,25.2,1,Prophet's Birthday
2002-05-26,420.0,,1.7,25.1,1.2,24.9,0,
2002-05-27,420.0,,3.0,24.7,1.8,24.4,0,
2002-05-28,420.0,,5.4,24.8,2.6,24.5,0,
2002-05-29,420.0,,2.5,24.4,2.6,24.1,0,
2002-05-30,420.0,,3.5,24.7,5.1,24.4,0,
2002-05-31,420.0,,8.0,25.0,9.4,24.7,0,
2002-06-01,446.0,,10.5,24.5,13.4,24.3,0,
2002-06-02,446.0,,8.6,23.7,8.7,23.5,0,
2002-06-03,446.0,,0.7,23.6,1.2,23.4,0,
2002-06-04,446.0,,1.2,23.3,0.6,23.1,0,
2002-06-05,446.0,,2.3,24.0,3.8,23.8,0,
2002-06-06,446.0,,4.3,24.1,4.1,23.9,0,
2002-06-07,446.0,,4.6,23.9,6.3,23.6,0,
2002-06-08,446.0,,2.0,24.0,2.6,23.8,0,
2002-06-09,446.0,,2.2,24.2,7.0,23.8,0,
2002-06-10,446.0,,9.0,24.4,8.5,24.1,0,
2002-06-11,446.0,,7.7,23.9,4.5,23.7,0,
2002-06-12,446.0,,6.6,23.9,8.2,23.6,0,
2002-06-13,446.0,,12.9,23.7,8.6,23.4,0,
2002-06-14,446.0,,9.0,23.3,10.7,23.1,0,
2002-06-15,446.0,,0.8,23.3,4.8,23.0,0,
2002-06-16,446.0,,0.0,23.3,1.4,23.3,0,
2002-06-17,446.0,,2.8,22.6,1.3,22.5,0,
2002-06-18,446.0,,0.6,23.2,0.2,23.1,0,
2002-06-19,446.0,,5.0,22.7,4.6,22.5,0,
2002-06-20,446.0,,4.5,22.9,3.2,22.8,0,
2002-06-21,446.0,,0.7,23.0,0.6,22.9,0,
2002-06-22,446.0,,0.5,23.5,1.9,23.3,0,
2002-06-23,446.0,,2.0,23.8,3.3,23.6,0,
2002-06-24,446.0,,0.0,23.6,0.1,23.5,0,
2002-06-25,446.0,,0.6,23.7,1.0,23.6,0,
2002-06-26,446.0,,0.0,23.5,0.2,23.4,0,
2002-06-27,446.0,,0.0,24.4,0.1,24.2,0,
2002-06-28,446.0,,0.0,24.4,0.1,24.1,0,
2002-06-29,446.0,,0.5,24.3,0.4,24.1,0,
2002-06-30,446.0,,1.1,23.7,1.6,23.4,0,
2002-07-01,445.0,,0.1,23.6,0.1,23.5,0,
2002-07-02,445.0,,0.0,24.0,0.0,23.8,0,
2002-07-03,445.0,,0.3,24.1,0.7,24.0,0,
2002-07-04,445.0,,0.0,24.4,0.0,24.3,0,
2002-07-05,445.0,,0.1,24.6,0.3,24.5,0,
2002-07-06,445.0,,0.0,24.4,0.2,24.2,0,
2002-07-07,445.0,,0.2,24.3,0.4,24.1,0,
2002-07-08,445.0,,0.5,24.2,0.0,24.0,0,
2002-07-09,445.0,,0.0,23.6,0.1,23.4,0,
2002-07-10,445.0,,0.1,23.8,0.4,23.6,0,
2002-07-11,445.0,,2.7,22.5,3.8,22.4,0,
2002-07-12,445.0,,0.5,23.6,0.1,23.5,0,
2002-07-13,445.0,,0.2,23.6,0.4,23.5,0,
2002-07-14,445.0,,0.8,23.3,1.1,23.1,0,
2002-07-15,445.0,,0.7,23.2,0.4,23.1,0,
2002-07-16,445.0,,0.9,22.5,0.9,22.4,0,
2002-07-17,445.0,,0.7,23.1,0.9,22.9,0,
2002-07-18,445.0,,0.0,23.6,0.3,23.5,0,
2002-07-19,445.0,,0.3,23.6,0.5,23.4,0,
2002-07-20,445.0,,0.3,23.7,0.4,23.5,0,
2002-07-21,445.0,,0.0,23.2,0.0,22.9,0,
2002-07-22,445.0,,2.2,23.3,2.9,23.1,0,
2002-07-23,445.0,,0.6,23.4,1.1,23.2,0,
2002-07-24,445.0,,0.0,23.7,0.1,23.5,0,
2002-07-25,445.0,,1.4,23.4,0.7,23.3,0,
2002-07-26,445.0,,0.0,23.6,0.0,23.4,0,
2002-07-27,445.0,,0.1,23.6,0.3,23.4,0,
2002-07-28,445.0,,0.5,23.7,1.2,23.6,0,
2002-07-29,445.0,,0.9,23.7,1.4,23.5,0,
2002-07-30,445.0,,1.4,23.8,1.5,23.6,0,
2002-07-31,445.0,,1.9,23.6,3.7,23.2,0,
2002-08-01,443.0,,3.0,23.8,3.1,23.6,0,
2002-08-02,443.0,,8.5,23.5,7.4,23.3,0,
2002-08-03,443.0,,9.2,23.3,11.2,22.9,0,
2002-08-04,443.0,,1.4,23.1,4.5,23.0,0,
2002-08-05,443.0,,10.7,21.9,9.9,21.8,1,Independence Day
2002-08-06,443.0,,2.0,22.7,3.2,22.5,1,Independence Day
2002-08-07,443.0,,0.9,22.7,2.0,22.5,1,Independence Day
2002-08-08,443.0,,10.3,21.3,11.3,21.1,1,Independence Day
2002-08-09,443.0,,18.2,20.3,17.6,20.0,1,Independence Day
2002-08-10,443.0,,7.8,21.0,8.0,20.8,1,Independence Day
2002-08-11,443.0,,6.4,21.5,5.5,21.2,1,Independence Day
2002-08-12,443.0,,4.0,21.9,2.8,21.7,1,Independence Day
2002-08-13,443.0,,1.5,22.5,1.3,22.3,1,Independence Day
2002-08-14,443.0,,0.1,22.8,0.4,22.6,1,Independence Day
2002-08-15,443.0,,0.4,23.0,1.0,22.8,1,Independence Day
2002-08-16,443.0,,9.9,21.9,7.4,21.7,0,
2002-08-17,443.0,,2.5,22.3,1.4,22.3,0,
2002-08-18,443.0,,0.0,22.7,0.2,22.5,0,
2002-08-19,443.0,,0.0,22.8,0.2,22.7,0,
2002-08-20,443.0,,1.3,23.0,1.2,22.9,0,
2002-08-21,443.0,,0.2,23.1,1.3,22.9,1,Janmashtami (Vaishnava)
2002-08-22,443.0,,0.2,23.1,0.9,22.9,1,Janmashtami (Vaishnava)
2002-08-23,443.0,,0.5,22.6,0.9,22.4,1,Janmashtami (Vaishnava)
2002-08-24,443.0,,0.3,23.0,0.0,22.9,1,Janmashtami (Vaishnava)
2002-08-25,443.0,,0.2,23.1,0.6,22.9,1,Janmashtami (Vaishnava)
2002-08-26,443.0,,0.0,23.5,0.0,23.2,1,Janmashtami (Vaishnava)
2002-08-27,443.0,,0.0,23.6,0.0,23.4,1,Janmashtami (Vaishnava)
2002-08-28,443.0,,0.0,23.8,0.2,23.6,1,Janmashtami (Vaishnava)
2002-08-29,443.0,,0.0,23.9,0.1,23.7,1,Janmashtami (Vaishnava)
2002-08-30,443.0,,0.5,23.4,0.2,23.2,1,Janmashtami (Vaishnava)
2002-08-31,443.0,,1.2,23.5,0.9,23.4,1,Janmashtami (Vaishnava)
2002-09-01,410.0,,0.4,23.5,0.5,23.4,0,
2002-09-02,410.0,,0.5,23.3,0.9,23.1,0,
2002-09-03,410.0,,0.5,22.8,0.6,22.6,0,
2002-09-04,410.0,,1.0,23.4,7.0,23.1,0,
2002-09-05,410.0,,1.0,23.6,0.9,23.3,0,
2002-09-06,410.0,,12.7,22.9,10.7,22.6,0,
2002-09-07,410.0,,0.5,23.3,0.2,23.1,0,
2002-09-08,410.0,,0.6,23.1,1.3,22.8,0,
2002-09-09,410.0,,2.1,22.1,2.8,21.9,0,
2002-09-10,410.0,,0.2,22.7,0.0,22.4,0,
2002-09-11,410.0,,0.6,22.5,0.5,22.1,0,
2002-09-12,410.0,,0.1,22.7,0.1,22.4,0,
2002-09-13,410.0,,0.0,23.3,0.0,23.1,0,
2002-09-14,410.0,,0.0,23.8,0.0,23.6,0,
2002-09-15,410.0,,9.5,23.8,13.9,23.4,0,
2002-09-16,410.0,,13.9,22.5,14.0,22.2,0,
2002-09-17,410.0,,1.9,22.5,3.4,22.1,0,
2002-09-18,410.0,,0.1,23.3,0.0,23.0,0,
2002-09-19,410.0,,0.5,23.2,0.9,22.8,0,
2002-09-20,410.0,,0.0,23.8,0.0,23.6,0,
2002-09-21,410.0,,0.0,23.9,0.0,23.7,0,
2002-09-22,410.0,,0.0,23.2,0.0,22.9,1,Mahatma Gandhi's Birthday
2002-09-23,410.0,,0.0,23.4,0.0,23.0,1,Mahatma Gandhi's Birthday
2002-09-24,410.0,,0.0,23.7,0.0,23.4,1,Mahatma Gandhi's Birthday
2002-09-25,410.0,,0.0,24.0,0.0,23.7,1,Mahatma Gandhi's Birthday
2002-09-26,410.0,,0.0,24.4,0.0,24.0,1,Mahatma Gandhi's Birthday
2002-09-27,410.0,,0.0,24.6,0.0,24.2,1,Mahatma Gandhi's Birthday
2002-09-28,410.0,,2.8,24.2,1.5,23.9,1,Mahatma Gandhi's Birthday
2002-09-29,410.0,,0.7,24.8,0.4,24.5,1,Mahatma Gandhi's Birthday
2002-09-30,410.0,,3.9,24.6,9.9,24.3,1,Mahatma Gandhi's Birthday
2002-10-01,434.0,,0.0,25.4,0.0,24.9,1,Mahatma Gandhi's Birthday
2002-10-02,434.0,,2.5,25.1,0.9,24.8,1,Mahatma Gandhi's Birthday
2002-10-03,434.0,,4.4,24.8,6.7,24.3,0,
2002-10-04,434.0,,0.8,25.6,0.4,25.2,1,Dussehra (Mahanavami)
2002-10-05,434.0,,0.0,26.5,0.0,25.7,1,Dussehra
2002-10-06,434.0,,0.0,26.1,0.0,25.5,1,Dussehra
2002-10-07,434.0,,2.3,25.7,0.5,25.0,1,Dussehra
2002-10-08,434.0,,0.1,25.3,0.2,24.7,1,Dussehra
2002-10-09,434.0,,18.0,23.6,13.1,23.1,1,Dussehra
2002-10-10,434.0,,21.3,22.9,20.9,22.7,1,Dussehra
2002-10-11,434.0,,9.8,21.7,9.4,21.5,1,Dussehra
2002-10-12,434.0,,13.3,22.0,20.4,21.7,1,Dussehra
2002-10-13,434.0,,18.8,21.4,17.8,21.1,1,Dussehra
2002-10-14,434.0,,7.3,22.4,11.1,21.9,1,Dussehra
2002-10-15,434.0,,2.6,22.9,3.1,22.6,1,Dussehra
2002-10-16,434.0,,0.6,23.2,1.7,22.9,0,
2002-10-17,434.0,,2.3,22.7,3.4,22.4,0,
2002-10-18,434.0,,0.0,22.9,0.1,22.6,0,
2002-10-19,434.0,,20.1,22.5,26.3,22.2,0,
2002-10-20,434.0,,0.0,22.9,0.0,22.8,0,
2002-10-21,434.0,,0.7,22.2,0.6,21.9,0,
2002-10-22,434.0,,0.1,23.0,0.1,22.9,0,
2002-10-23,434.0,,0.0,23.3,0.0,23.0,0,
2002-10-24,434.0,,0.0,23.1,0.0,22.8,0,
2002-10-25,434.0,,0.1,22.5,0.8,22.1,1,Diwali (Deepavali)
2002-10-26,434.0,,12.5,22.3,19.9,21.7,1,Diwali (Deepavali)
2002-10-27,434.0,,3.8,22.2,3.7,21.8,1,Diwali (Deepavali)
2002-10-28,434.0,,7.0,21.9,7.6,21.5,1,Diwali (Deepavali)
2002-10-29,434.0,,20.5,22.0,19.4,21.8,1,Diwali (Deepavali)
2002-10-30,434.0,,9.6,22.2,9.7,21.8,1,Diwali (Deepavali)
2002-10-31,434.0,,0.0,21.7,0.0,21.4,1,Diwali (Deepavali)
2002-11-01,457.0,,1.5,19.3,2.4,18.9,1,Diwali (Deepavali)
2002-11-02,457.0,,9.5,21.1,12.2,20.7,1,Diwali (Deepavali)
2002-11-03,457.0,,1.1,22.2,0.4,21.9,1,Diwali (Deepavali)
2002-11-04,457.0,,0.0,21.6,0.0,21.3,1,Diwali (Deepavali)
2002-11-05,457.0,,0.0,21.6,0.0,21.3,0,
2002-11-06,457.0,,0.3,22.2,1.0,21.9,0,
2002-11-07,457.0,,0.3,22.2,0.6,21.9,0,
2002-11-08,457.0,,1.0,21.8,2.8,21.5,0,
2002-11-09,457.0,,1.9,21.6,4.2,21.1,1,Guru Nanak's Birthday
2002-11-10,457.0,,0.5,22.3,0.6,21.9,1,Guru Nanak's Birthday
2002-11-11,457.0,,0.0,22.4,0.0,22.1,1,Guru Nanak's Birthday
2002-11-12,457.0,,0.0,21.9,0.0,21.6,1,Guru Nanak's Birthday
2002-11-13,457.0,,0.0,21.4,0.0,21.3,1,Guru Nanak's Birthday
2002-11-14,457.0,,0.0,22.9,0.0,22.5,1,Guru Nanak's Birthday
2002-11-15,457.0,,0.0,23.4,0.0,22.9,1,Guru Nanak's Birthday
2002-11-16,457.0,,0.0,23.0,0.0,22.6,1,Guru Nanak's Birthday
2002-11-17,457.0,,0.0,22.5,0.0,22.1,1,Guru Nanak's Birthday
2002-11-18,457.0,,0.0,22.2,0.0,21.8,1,Guru Nanak's Birthday
2002-11-19,457.0,,0.1,22.7,0.1,22.2,1,Guru Nanak's Birthday
2002-11-20,457.0,,5.1,22.4,2.5,22.0,0,
2002-11-21,457.0,,0.0,23.1,0.0,22.6,0,
2002-11-22,457.0,,0.0,21.9,0.0,21.4,0,
2002-11-23,457.0,,0.0,21.4,0.0,20.9,0,
2002-11-24,457.0,,0.0,22.5,0.0,21.9,0,
2002-11-25,457.0,,0.0,22.8,0.0,22.5,0,
2002-11-26,457.0,,0.0,22.8,0.0,22.0,1,Eid al-Fitr
2002-11-27,457.0,,0.0,22.3,0.0,21.9,1,Eid al-Fitr
2002-11-28,457.0,,0.0,22.4,0.0,22.0,1,Eid al-Fitr
2002-11-29,457.0,,0.0,21.7,0.0,21.2,1,Eid al-Fitr
2002-11-30,457.0,,0.0,21.8,0.0,21.0,1,Eid al-Fitr
2002-12-01,482.0,,0.0,20.7,0.0,20.3,1,Eid al-Fitr
2002-12-02,482.0,,0.0,21.0,0.0,20.8,1,Eid al-Fitr
2002-12-03,482.0,,0.0,21.4,0.0,21.0,1,Eid al-Fitr
2002-12-04,482.0,,0.0,21.9,0.0,21.3,1,Eid al-Fitr
2002-12-05,482.0,,0.0,22.1,0.0,21.5,1,Eid al-Fitr
2002-12-06,482.0,,0.0,22.0,0.0,21.3,1,Eid al-Fitr
2002-12-07,482.0,,5.4,22.1,5.3,21.6,0,
2002-12-08,482.0,,0.1,22.8,0.0,22.4,0,
2002-12-09,482.0,,0.0,22.1,0.0,21.6,0,
2002-12-10,482.0,,0.0,21.3,0.0,20.6,0,
2002-12-11,482.0,,0.0,21.8,0.0,21.4,0,
2002-12-12,482.0,,0.0,21.7,0.0,21.2,0,
2002-12-13,482.0,,0.0,21.0,0.0,20.5,0,
2002-12-14,482.0,,0.0,20.9,0.0,20.2,0,
2002-12-15,482.0,,0.0,20.8,0.0,20.5,1,Christmas
2002-12-16,482.0,,0.0,21.3,0.0,20.7,1,Christmas
2002-12-17,482.0,,0.0,20.9,0.0,20.2,1,Christmas
2002-12-18,482.0,,0.0,20.3,0.0,20.0,1,Christmas
2002-12-19,482.0,,0.0,20.7,0.0,20.1,1,Christmas
2002-12-20,482.0,,0.0,20.5,0.0,20.2,1,Christmas
2002-12-21,482.0,,0.0,20.8,0.0,20.5,1,Christmas
2002-12-22,482.0,,0.0,20.7,0.0,20.5,1,Christmas
2002-12-23,482.0,,0.0,21.0,0.0,20.7,1,Christmas
2002-12-24,482.0,,0.0,20.8,0.0,20.5,1,Christmas
2002-12-25,482.0,,0.0,21.1,0.0,20.7,1,Christmas
2002-12-26,482.0,,0.0,21.7,0.0,21.2,0,
2002-12-27,482.0,,0.0,22.3,0.0,22.0,0,
2002-12-28,482.0,,0.0,22.2,0.0,22.1,0,
2002-12-29,482.0,,0.0,21.8,0.0,21.8,0,
2002-12-30,482.0,,0.1,21.3,0.7,21.0,0,
2002-12-31,482.0,,0.0,20.7,0.0,20.6,0,
2003-01-01,494.0,,0.0,21.0,0.0,20.6,0,
2003-01-02,494.0,,0.0,21.6,0.0,21.5,0,
2003-01-03,494.0,,0.0,21.3,0.0,21.2,0,
2003-01-04,494.0,,0.0,22.1,0.0,21.8,0,
2003-01-05,494.0,,0.0,22.4,0.0,22.2,0,
2003-01-06,494.0,,0.0,23.2,0.0,22.9,0,
2003-01-07,494.0,,0.0,22.6,0.0,22.3,0,
2003-01-08,494.0,,0.0,23.3,0.0,22.8,0,
2003-01-09,494.0,,0.0,23.6,0.0,23.0,0,
2003-01-10,494.0,,0.0,23.0,0.0,22.6,0,
2003-01-11,494.0,,0.0,23.1,0.0,22.7,0,
2003-01-12,494.0,,0.0,22.8,0.0,22.4,0,
2003-01-13,494.0,,0.0,22.0,0.0,21.6,0,
2003-01-14,494.0,,0.0,22.8,0.0,22.4,0,
2003-01-15,494.0,,0.0,21.7,0.0,21.3,0,
2003-01-16,494.0,,0.0,22.0,0.0,21.7,1,Republic Day
2003-01-17,494.0,,0.0,22.0,0.0,21.6,1,Republic Day
2003-01-18,494.0,,0.0,22.3,0.0,21.8,1,Republic Day
2003-01-19,494.0,,0.0,22.4,0.0,21.9,1,Republic Day
2003-01-20,494.0,,0.0,23.5,0.0,23.1,1,Republic Day
2003-01-21,494.0,,0.0,23.6,0.0,23.2,1,Republic Day
2003-01-22,494.0,,0.0,23.8,0.0,23.4,1,Republic Day
2003-01-23,494.0,,0.0,23.0,0.0,22.7,1,Republic Day
2003-01-24,494.0,,0.0,23.0,0.0,22.6,1,Republic Day
2003-01-25,494.0,,0.0,23.7,0.0,23.4,1,Republic Day
2003-01-26,494.0,,0.0,23.7,0.0,23.5,1,Republic Day
2003-01-27,494.0,,0.0,23.0,0.0,22.9,0,
2003-01-28,494.0,,0.0,23.1,0.0,23.0,0,
2003-01-29,494.0,,0.0,23.3,0.0,22.9,0,
2003-01-30,494.0,,0.0,23.2,0.0,22.8,0,
2003-01-31,494.0,,0.0,23.3,0.0,23.1,0,
2003-02-01,477.0,,0.0,23.4,0.0,23.5,0,
2003-02-02,477.0,,0.0,24.3,0.0,24.2,1,Eid al-Adha
2003-02-03,477.0,,0.3,24.2,0.1,24.2,1,Eid al-Adha
2003-02-04,477.0,,0.4,24.0,0.9,23.6,1,Eid al-Adha
2003-02-05,477.0,,0.1,24.5,0.1,24.1,1,Eid al-Adha
2003-02-06,477.0,,0.0,24.5,0.0,24.1,1,Eid al-Adha
2003-02-07,477.0,,0.0,24.0,0.0,23.7,1,Eid al-Adha
2003-02-08,477.0,,0.0,24.2,0.0,24.1,1,Eid al-Adha
2003-02-09,477.0,,0.0,24.9,0.0,25.0,1,Eid al-Adha
2003-02-10,477.0,,0.0,25.1,0.0,24.9,1,Eid al-Adha
2003-02-11,477.0,,0.0,24.8,0.0,24.7,1,Eid al-Adha
2003-02-12,477.0,,0.0,24.7,0.0,24.6,1,Eid al-Adha
2003-02-13,477.0,,0.0,25.6,0.0,25.4,0,
2003-02-14,477.0,,0.0,26.5,0.0,26.4,0,
2003-02-15,477.0,,0.0,25.8,0.0,25.5,0,
2003-02-16,477.0,,0.0,26.2,0.0,25.7,0,
2003-02-17,477.0,,0.0,26.6,0.0,26.1,0,
2003-02-18,477.0,,0.0,26.1,0.0,25.8,0,
2003-02-19,477.0,,0.0,25.9,0.0,26.0,0,
2003-02-20,477.0,,0.0,25.8,0.0,25.5,0,
2003-02-21,477.0,,0.0,26.7,0.0,26.5,0,
2003-02-22,477.0,,0.0,26.6,0.0,26.1,0,
2003-02-23,477.0,,0.0,26.8,0.0,26.6,0,
2003-02-24,477.0,,0.0,26.5,0.0,26.3,0,
2003-02-25,477.0,,0.0,25.7,0.1,25.5,0,
2003-02-26,477.0,,0.1,25.7,0.1,25.4,0,
2003-02-27,477.0,,0.0,26.0,0.0,25.6,0,
2003-02-28,477.0,,0.0,26.6,0.0,26.3,0,
2003-03-01,441.0,,0.0,26.1,0.0,26.1,0,
2003-03-02,441.0,,0.0,26.7,0.0,26.5,0,
2003-03-03,441.0,,0.0,27.5,0.0,27.1,0,
2003-03-04,441.0,,0.0,27.6,0.0,27.3,1,Ashura
2003-03-05,441.0,,0.0,28.3,0.0,28.1,1,Ashura
2003-03-06,441.0,,0.0,27.9,0.0,27.4,1,Ashura
2003-03-07,441.0,,0.0,27.5,0.0,27.2,1,Ashura
2003-03-08,441.0,,0.0,27.4,0.0,27.1,1,Holi
2003-03-09,441.0,,0.0,27.8,0.0,27.6,1,Holi
2003-03-10,441.0,,0.0,27.7,0.0,27.3,1,Holi
2003-03-11,441.0,,0.0,27.2,0.0,27.0,1,Holi
2003-03-12,441.0,,0.0,26.5,0.0,26.7,1,Holi
2003-03-13,441.0,,0.0,26.7,0.1,26.6,1,Holi
2003-03-14,441.0,,3.8,25.8,2.3,25.7,1,Holi
2003-03-15,441.0,,3.0,25.9,5.0,25.6,1,Holi
2003-03-16,441.0,,1.7,25.2,1.2,24.7,1,Holi
2003-03-17,441.0,,0.0,25.6,0.3,25.2,1,Holi
2003-03-18,441.0,,0.5,25.3,2.0,24.8,1,Holi
2003-03-19,441.0,,1.2,26.2,1.2,25.6,0,
2003-03-20,441.0,,2.9,24.7,4.7,24.3,0,
2003-03-21,441.0,,0.0,25.5,0.2,24.9,0,
2003-03-22,441.0,,0.0,26.8,0.0,26.2,0,
2003-03-23,441.0,,0.0,26.9,0.0,26.4,0,
2003-03-24,441.0,,0.0,27.4,0.0,26.8,0,
2003-03-25,441.0,,0.0,27.7,0.0,27.4,0,
2003-03-26,441.0,,0.0,27.9,0.0,27.6,0,
2003-03-27,441.0,,0.0,27.7,0.0,27.6,0,
2003-03-28,441.0,,0.0,27.2,0.0,27.2,0,
2003-03-29,441.0,,0.0,27.4,0.0,27.3,0,
2003-03-30,441.0,,0.0,28.3,0.0,28.0,0,
2003-03-31,441.0,,0.0,29.1,0.0,29.1,0,
2003-04-01,421.0,,0.0,28.8,0.0,28.8,1,Ram Navami
2003-04-02,421.0,,0.0,27.8,0.0,27.7,1,Ram Navami
2003-04-03,421.0,,0.0,27.2,0.0,27.1,1,Ram Navami
2003-04-04,421.0,,0.0,26.8,0.0,26.7,1,Dr. B. R. Ambedkar's Birthday
2003-04-05,421.0,,1.5,26.0,1.2,25.9,1,Dr. B. R. Ambedkar's Birthday
2003-04-06,421.0,,4.4,26.0,3.0,25.9,1,Dr. B. R. Ambedkar's Birthday
2003-04-07,421.0,,0.0,27.6,0.0,27.7,1,Dr. B. R. Ambedkar's Birthday
2003-04-08,421.0,,0.0,27.6,0.0,27.7,1,Dr. B. R. Ambedkar's Birthday
2003-04-09,421.0,,0.0,28.3,0.0,28.2,1,Dr. B. R. Ambedkar's Birthday
2003-04-10,421.0,,3.5,26.7,4.3,26.5,1,Dr. B. R. Ambedkar's Birthday
2003-04-11,421.0,,6.1,25.4,5.2,25.2,1,Dr. B. R. Ambedkar's Birthday
2003-04-12,421.0,,3.6,25.6,3.3,25.4,1,Dr. B. R. Ambedkar's Birthday
2003-04-13,421.0,,2.6,26.1,3.7,25.7,1,Dr. B. R. Ambedkar's Birthday
2003-04-14,421.0,,0.3,27.2,0.0,27.2,1,Dr. B. R. Ambedkar's Birthday
2003-04-15,421.0,,0.0,27.6,0.0,27.5,1,Mahavira's Birthday
2003-04-16,421.0,,0.0,28.4,0.0,28.1,1,Good Friday
2003-04-17,421.0,,0.0,28.7,0.0,28.5,1,Good Friday
2003-04-18,421.0,,3.8,26.6,1.8,26.5,1,Good Friday
2003-04-19,421.0,,3.7,26.1,6.5,26.0,0,
2003-04-20,421.0,,8.6,25.9,14.5,25.5,0,
2003-04-21,421.0,,3.5,26.2,2.3,25.9,0,
2003-04-22,421.0,,0.0,27.2,0.0,27.0,0,
2003-04-23,421.0,,0.0,27.8,0.0,27.5,0,
2003-04-24,421.0,,0.6,27.0,0.7,26.8,0,
2003-04-25,421.0,,0.0,27.9,0.0,27.5,0,
2003-04-26,421.0,,0.0,28.0,0.0,27.9,0,
2003-04-27,421.0,,0.0,27.8,0.0,27.4,0,
2003-04-28,421.0,,0.0,28.0,0.0,27.5,1,Buddha Purnima
2003-04-29,421.0,,0.1,26.7,0.7,26.2,1,Buddha Purnima
2003-04-30,421.0,,0.0,27.9,0.3,27.3,1,Buddha Purnima
2003-05-01,440.0,,0.0,28.3,0.0,27.8,1,Buddha Purnima
2003-05-02,440.0,,0.0,28.8,0.0,28.7,1,Buddha Purnima
2003-05-03,440.0,,0.2,27.7,0.1,27.7,1,Buddha Purnima
2003-05-04,440.0,,5.9,26.6,3.3,26.6,1,Buddha Purnima
2003-05-05,440.0,,0.0,28.0,0.0,28.0,1,Buddha Purnima
2003-05-06,440.0,,0.1,26.8,0.0,26.8,1,Buddha Purnima
2003-05-07,440.0,,0.0,27.3,0.0,27.3,1,Buddha Purnima
2003-05-08,440.0,,0.0,27.8,0.0,27.7,1,Buddha Purnima
2003-05-09,440.0,,0.0,28.7,0.0,28.6,1,Prophet's Birthday
2003-05-10,440.0,,0.7,28.6,0.6,28.2,1,Prophet's Birthday
2003-05-11,440.0,,0.0,29.2,0.0,29.0,1,Prophet's Birthday
2003-05-12,440.0,,0.0,28.2,0.0,28.2,1,Prophet's Birthday
2003-05-13,440.0,,0.9,27.5,0.9,27.4,1,Prophet's Birthday
2003-05-14,440.0,,0.1,27.4,0.1,27.3,1,Prophet's Birthday
2003-05-15,440.0,,0.4,27.1,0.7,26.9,0,
2003-05-16,440.0,,0.1,27.4,0.4,27.5,0,
2003-05-17,440.0,,0.1,27.1,0.3,27.1,0,
2003-05-18,440.0,,0.0,27.0,0.0,26.9,0,
2003-05-19,440.0,,0.0,27.3,0.0,27.1,0,
2003-05-20,440.0,,0.0,27.5,0.0,27.3,0,
2003-05-21,440.0,,0.0,27.7,0.0,27.7,0,
2003-05-22,440.0,,0.1,27.2,0.0,27.2,0,
2003-05-23,440.0,,0.3,27.3,0.0,27.4,0,
2003-05-24,440.0,,0.0,27.9,0.0,27.9,0,
2003-05-25,440.0,,2.5,27.9,1.7,27.9,0,
2003-05-26,440.0,,0.0,28.1,0.0,28.2,0,
2003-05-27,440.0,,0.3,27.8,0.0,27.8,0,
2003-05-28,440.0,,0.1,27.3,0.0,27.3,0,
2003-05-29,440.0,,0.0,28.1,0.0,28.1,0,
2003-05-30,440.0,,0.0,27.9,0.0,28.1,0,
2003-05-31,440.0,,0.1,27.9,0.3,27.7,0,
2003-06-01,459.0,,3.7,27.5,4.0,27.6,0,
2003-06-02,459.0,,3.9,27.0,4.3,26.9,0,
2003-06-03,459.0,,0.8,26.8,2.5,26.7,0,
2003-06-04,459.0,,1.4,26.5,2.7,26.4,0,
2003-06-05,459.0,,0.9,26.9,0.7,26.7,0,
2003-06-06,459.0,,0.4,26.7,0.5,26.6,0,
2003-06-07,459.0,,2.2,26.6,1.1,26.5,0,
2003-06-08,459.0,,5.8,25.9,6.1,25.8,0,
2003-06-09,459.0,,4.3,25.6,0.5,25.5,0,
2003-06-10,459.0,,0.4,25.9,0.8,25.9,0,
2003-06-11,459.0,,0.0,26.2,0.1,26.1,0,
2003-06-12,459.0,,3.0,25.4,1.2,25.4,0,
2003-06-13,459.0,,0.7,25.4,3.6,25.2,0,
2003-06-14,459.0,,0.4,24.7,0.8,24.6,0,
2003-06-15,459.0,,0.0,23.8,0.0,23.8,0,
2003-06-16,459.0,,3.2,23.5,4.2,23.4,0,
2003-06-17,459.0,,0.6,24.3,1.3,24.3,0,
2003-06-18,459.0,,5.7,23.8,9.9,23.5,0,
2003-06-19,459.0,,10.8,22.7,10.9,22.6,0,
2003-06-20,459.0,,14.4,22.4,12.9,22.3,0,
2003-06-21,459.0,,18.8,22.3,15.3,22.2,0,
2003-06-22,459.0,,7.4,22.3,6.5,22.2,0,
2003-06-23,459.0,,6.1,22.7,5.2,22.7,0,
2003-06-24,459.0,,1.6,23.1,1.6,23.1,0,
2003-06-25,459.0,,1.7,23.2,1.1,23.2,0,
2003-06-26,459.0,,2.0,23.3,2.1,23.2,0,
2003-06-27,459.0,,4.3,22.9,4.4,22.9,0,
2003-06-28,459.0,,0.4,23.8,0.8,23.6,0,
2003-06-29,459.0,,1.2,23.7,0.4,23.5,0,
2003-06-30,459.0,,1.0,23.4,0.3,23.4,0,
2003-07-01,439.0,,3.5,22.6,5.8,22.5,0,
2003-07-02,439.0,,2.4,22.7,4.7,22.6,0,
2003-07-03,439.0,,11.2,21.9,10.1,21.6,0,
2003-07-04,439.0,,22.2,21.3,16.5,21.1,0,
2003-07-05,439.0,,30.5,20.9,22.2,20.6,0,
2003-07-06,439.0,,10.8,21.7,4.6,21.6,0,
2003-07-07,439.0,,0.2,22.0,0.6,21.9,0,
2003-07-08,439.0,,2.7,21.9,1.5,21.8,0,
2003-07-09,439.0,,1.3,22.7,1.7,22.5,0,
2003-07-10,439.0,,0.7,22.6,1.0,22.5,0,
2003-07-11,439.0,,3.4,22.6,4.1,22.4,0,
2003-07-12,439.0,,1.3,22.8,1.9,22.6,0,
2003-07-13,439.0,,5.9,22.7,14.9,22.6,0,
2003-07-14,439.0,,2.3,23.0,2.8,22.7,0,
2003-07-15,439.0,,22.9,21.7,22.1,21.4,0,
2003-07-16,439.0,,40.2,21.2,31.7,21.0,0,
2003-07-17,439.0,,1.3,22.9,1.8,22.6,0,
2003-07-18,439.0,,6.3,23.3,3.1,23.1,0,
2003-07-19,439.0,,1.8,23.1,2.3,22.8,0,
2003-07-20,439.0,,0.4,24.0,0.4,23.7,0,
2003-07-21,439.0,,3.8,23.5,3.7,23.2,0,
2003-07-22,439.0,,1.1,23.7,2.2,23.5,0,
2003-07-23,439.0,,2.7,23.1,1.9,23.0,0,
2003-07-24,439.0,,3.6,22.5,4.8,22.5,0,
2003-07-25,439.0,,0.3,22.8,0.2,22.7,0,
2003-07-26,439.0,,0.0,22.9,0.0,22.9,0,
2003-07-27,439.0,,0.1,23.3,0.6,23.2,0,
2003-07-28,439.0,,1.7,23.3,2.0,23.2,0,
2003-07-29,439.0,,0.9,23.4,1.4,23.2,0,
2003-07-30,439.0,,2.3,23.4,4.2,23.2,0,
2003-07-31,439.0,,0.0,23.5,0.0,23.3,0,
2003-08-01,421.0,,2.6,23.2,3.7,22.8,0,
2003-08-02,421.0,,0.9,22.6,2.9,22.3,0,
2003-08-03,421.0,,0.6,22.8,0.9,22.6,0,
2003-08-04,421.0,,3.2,23.0,3.5,22.8,0,
2003-08-05,421.0,,0.0,23.0,0.0,22.9,1,Independence Day
2003-08-06,421.0,,1.1,22.8,1.1,22.6,1,Independence Day
2003-08-07,421.0,,1.5,23.1,2.5,22.9,1,Independence Day
2003-08-08,421.0,,0.9,23.4,0.7,23.4,1,Independence Day
2003-08-09,421.0,,0.9,23.8,1.3,23.6,1,Independence Day
2003-08-10,421.0,,0.5,24.0,0.9,23.8,1,Independence Day
2003-08-11,421.0,,1.0,24.1,0.6,23.9,1,Independence Day
2003-08-12,421.0,,1.5,23.8,0.5,23.6,1,Independence Day
2003-08-13,421.0,,2.9,23.6,1.9,23.4,1,Independence Day
2003-08-14,421.0,,0.1,23.6,0.1,23.5,1,Independence Day
2003-08-15,421.0,,4.8,23.1,3.5,23.0,1,Independence Day
2003-08-16,421.0,,2.7,23.0,4.7,22.8,1,Janmashtami (Vaishnava)
2003-08-17,421.0,,2.9,22.9,4.6,22.7,1,Janmashtami (Vaishnava)
2003-08-18,421.0,,4.0,23.0,4.0,22.7,1,Janmashtami (Vaishnava)
2003-08-19,421.0,,0.6,22.3,0.2,22.1,1,Janmashtami (Vaishnava)
2003-08-20,421.0,,3.6,21.9,4.4,21.7,1,Janmashtami (Vaishnava)
2003-08-21,421.0,,9.7,21.7,7.4,21.4,0,
2003-08-22,421.0,,8.7,21.1,16.6,20.7,0,
2003-08-23,421.0,,1.5,22.1,1.8,22.1,0,
2003-08-24,421.0,,0.8,23.3,1.4,23.1,0,
2003-08-25,421.0,,1.0,23.1,1.0,22.9,0,
2003-08-26,421.0,,1.4,22.8,5.0,22.6,0,
2003-08-27,421.0,,0.5,23.0,0.5,22.7,0,
2003-08-28,421.0,,0.0,23.0,0.0,22.7,0,
2003-08-29,421.0,,1.2,22.9,2.7,22.6,0,
2003-08-30,421.0,,2.5,23.0,0.8,22.8,0,
2003-08-31,421.0,,13.5,22.4,17.8,22.2,0,
2003-09-01,431.0,,1.1,22.4,1.0,22.2,0,
2003-09-02,431.0,,0.7,22.6,2.1,22.4,0,
2003-09-03,431.0,,0.0,23.1,0.0,22.9,0,
2003-09-04,431.0,,0.4,23.0,0.7,22.8,0,
2003-09-05,431.0,,0.6,22.9,0.3,22.7,0,
2003-09-06,431.0,,3.5,22.5,6.1,22.4,0,
2003-09-07,431.0,,2.4,22.4,2.1,22.4,0,
2003-09-08,431.0,,0.5,23.3,0.5,23.0,0,
2003-09-09,431.0,,0.9,22.9,0.8,22.7,0,
2003-09-10,431.0,,0.4,22.8,0.3,22.5,0,
2003-09-11,431.0,,1.1,22.5,0.8,22.2,0,
2003-09-12,431.0,,0.7,22.6,0.4,22.4,0,
2003-09-13,431.0,,0.4,22.5,0.3,22.3,0,
2003-09-14,431.0,,0.0,22.9,0.0,22.8,0,
2003-09-15,431.0,,0.7,22.7,0.5,22.4,0,
2003-09-16,431.0,,4.3,23.0,1.9,22.7,0,
2003-09-17,431.0,,1.3,23.5,2.1,23.3,0,
2003-09-18,431.0,,1.1,23.2,0.7,23.0,0,
2003-09-19,431.0,,0.0,23.4,0.0,23.3,0,
2003-09-20,431.0,,0.0,23.2,0.0,23.0,0,
2003-09-21,431.0,,0.0,23.3,0.0,23.2,0,
2003-09-22,431.0,,0.0,23.8,0.0,23.6,1,Mahatma Gandhi's Birthday
2003-09-23,431.0,,0.0,23.6,0.0,23.5,1,Mahatma Gandhi's Birthday
2003-09-24,431.0,,0.2,23.4,0.0,23.3,1,Mahatma Gandhi's Birthday
2003-09-25,431.0,,0.9,23.4,0.9,23.3,1,Mahatma Gandhi's Birthday
2003-09-26,431.0,,0.0,23.8,0.2,23.7,1,Mahatma Gandhi's Birthday
2003-09-27,431.0,,0.0,24.0,0.0,24.0,1,Mahatma Gandhi's Birthday
2003-09-28,431.0,,0.0,24.0,0.0,24.0,1,Mahatma Gandhi's Birthday
2003-09-29,431.0,,0.0,24.5,0.0,24.5,1,Mahatma Gandhi's Birthday
2003-09-30,431.0,,14.6,24.0,20.9,23.8,1,Mahatma Gandhi's Birthday
2003-10-01,487.0,,43.6,23.6,23.5,23.5,1,Mahatma Gandhi's Birthday
2003-10-02,487.0,,13.5,23.7,23.4,23.5,1,Mahatma Gandhi's Birthday
2003-10-03,487.0,,22.7,23.7,23.6,23.4,1,Dussehra
2003-10-04,487.0,,14.3,23.2,19.2,23.0,1,Dussehra
2003-10-05,487.0,,27.7,22.6,30.0,22.4,1,Dussehra
2003-10-06,487.0,,9.6,22.8,8.8,22.6,0,
2003-10-07,487.0,,0.9,23.0,0.9,22.8,0,
2003-10-08,487.0,,0.5,23.2,0.6,23.0,0,
2003-10-09,487.0,,0.6,22.5,0.2,22.4,0,
2003-10-10,487.0,,0.3,22.6,0.5,22.4,0,
2003-10-11,487.0,,0.0,23.1,0.0,22.9,0,
2003-10-12,487.0,,18.2,22.7,18.8,22.5,0,
2003-10-13,487.0,,12.5,22.6,9.2,22.5,0,
2003-10-14,487.0,,0.0,23.4,0.0,23.3,0,
2003-10-15,487.0,,2.5,23.4,2.9,23.0,1,Diwali (Deepavali)
2003-10-16,487.0,,2.7,23.1,4.3,23.1,1,Diwali (Deepavali)
2003-10-17,487.0,,0.0,23.7,0.0,23.6,1,Diwali (Deepavali)
2003-10-18,487.0,,0.8,23.5,2.8,23.3,1,Diwali (Deepavali)
2003-10-19,487.0,,7.0,23.0,4.8,22.8,1,Diwali (Deepavali)
2003-10-20,487.0,,6.8,22.2,12.0,21.7,1,Diwali (Deepavali)
2003-10-21,487.0,,30.6,21.1,32.9,20.7,1,Diwali (Deepavali)
2003-10-22,487.0,,11.2,21.6,16.5,21.3,1,Diwali (Deepavali)
2003-10-23,487.0,,4.9,22.1,10.0,21.6,1,Diwali (Deepavali)
2003-10-24,487.0,,0.0,22.7,0.2,22.4,1,Diwali (Deepavali)
2003-10-25,487.0,,0.0,21.3,0.0,21.1,1,Diwali (Deepavali)
2003-10-26,487.0,,0.0,21.1,0.0,21.1,0,
2003-10-27,487.0,,0.0,22.1,0.0,21.9,0,
2003-10-28,487.0,,0.0,21.5,0.0,21.3,0,
2003-10-29,487.0,,0.0,22.2,0.3,22.1,1,Guru Nanak's Birthday
2003-10-30,487.0,,0.0,23.2,1.1,22.9,1,Guru Nanak's Birthday
2003-10-31,487.0,,0.5,22.9,0.9,22.8,1,Guru Nanak's Birthday
2003-11-01,515.0,,0.0,22.5,0.0,22.5,1,Guru Nanak's Birthday
2003-11-02,515.0,,0.0,23.1,0.0,23.0,1,Guru Nanak's Birthday
2003-11-03,515.0,,0.1,22.8,0.4,22.8,1,Guru Nanak's Birthday
2003-11-04,515.0,,0.0,22.4,0.0,22.4,1,Guru Nanak's Birthday
2003-11-05,515.0,,0.0,22.4,0.0,22.3,1,Guru Nanak's Birthday
2003-11-06,515.0,,0.0,23.1,0.0,22.9,1,Guru Nanak's Birthday
2003-11-07,515.0,,0.0,22.1,0.0,21.9,1,Guru Nanak's Birthday
2003-11-08,515.0,,15.0,21.8,13.7,21.4,1,Guru Nanak's Birthday
2003-11-09,515.0,,0.4,22.4,0.8,22.2,0,
2003-11-10,515.0,,0.0,22.5,0.0,22.3,0,
2003-11-11,515.0,,0.0,20.8,0.0,21.0,0,
2003-11-12,515.0,,0.0,21.3,0.0,21.2,0,
2003-11-13,515.0,,0.0,22.1,0.0,22.1,0,
2003-11-14,515.0,,0.0,22.2,0.0,22.1,0,
2003-11-15,515.0,,0.0,22.6,0.0,22.6,0,
2003-11-16,515.0,,0.0,22.0,0.0,22.1,1,Eid al-Fitr
2003-11-17,515.0,,0.0,22.3,0.0,22.4,1,Eid al-Fitr
2003-11-18,515.0,,0.0,22.8,0.0,22.8,1,Eid al-Fitr
2003-11-19,515.0,,0.0,21.3,0.0,21.2,1,Eid al-Fitr
2003-11-20,515.0,,0.0,21.0,0.0,21.1,1,Eid al-Fitr
2003-11-21,515.0,,1.5,20.1,2.0,19.8,1,Eid al-Fitr
2003-11-22,515.0,,0.4,20.5,1.0,20.1,1,Eid al-Fitr
2003-11-23,515.0,,0.0,21.1,0.0,20.9,1,Eid al-Fitr
2003-11-24,515.0,,0.0,20.3,0.0,20.4,1,Eid al-Fitr
2003-11-25,515.0,,0.0,20.2,0.0,20.3,1,Eid al-Fitr
2003-11-26,515.0,,0.0,20.8,0.0,20.6,1,Eid al-Fitr
2003-11-27,515.0,,0.0,20.2,0.0,20.0,0,
2003-11-28,515.0,,0.0,20.6,0.0,20.4,0,
2003-11-29,515.0,,0.0,22.2,0.8,22.2,0,
2003-11-30,515.0,,0.0,22.1,0.0,22.0,0,
2003-12-01,583.0,,0.0,21.7,0.0,21.8,0,
2003-12-02,583.0,,0.0,20.9,0.0,20.5,0,
2003-12-03,583.0,,0.0,21.1,0.0,20.6,0,
2003-12-04,583.0,,0.0,20.3,0.0,20.2,0,
2003-12-05,583.0,,0.0,20.2,0.0,20.2,0,
2003-12-06,583.0,,0.0,20.3,0.0,20.1,0,
2003-12-07,583.0,,0.0,20.3,0.0,19.9,0,
2003-12-08,583.0,,0.0,19.9,0.0,19.8,0,
2003-12-09,583.0,,0.0,20.1,0.0,19.9,0,
2003-12-10,583.0,,0.0,20.2,0.0,20.3,0,
2003-12-11,583.0,,0.0,19.8,0.0,20.1,0,
2003-12-12,583.0,,0.0,20.7,0.0,20.9,0,
2003-12-13,583.0,,0.0,21.2,0.0,21.2,0,
2003-12-14,583.0,,0.0,20.8,0.0,20.5,0,
2003-12-15,583.0,,0.0,21.1,0.0,20.9,1,Christmas
2003-12-16,583.0,,0.0,21.4,0.0,21.5,1,Christmas
2003-12-17,583.0,,0.0,21.5,0.0,21.2,1,Christmas
2003-12-18,583.0,,0.0,22.0,0.0,21.6,1,Christmas
2003-12-19,583.0,,0.0,22.4,0.0,22.4,1,Christmas
2003-12-20,583.0,,0.0,21.3,0.0,21.2,1,Christmas
2003-12-21,583.0,,0.0,20.6,0.0,20.5,1,Christmas
2003-12-22,583.0,,0.0,19.8,0.0,19.8,1,Christmas
2003-12-23,583.0,,0.0,20.3,0.0,20.4,1,Christmas
2003-12-24,583.0,,0.0,21.0,0.0,21.0,1,Christmas
2003-12-25,583.0,,0.5,22.5,0.5,22.3,1,Christmas
2003-12-26,583.0,,0.2,23.2,0.2,23.0,0,
2003-12-27,583.0,,0.0,23.1,0.0,23.0,0,
2003-12-28,583.0,,0.0,23.0,0.0,22.8,0,
2003-12-29,583.0,,0.0,23.0,0.0,22.9,0,
2003-12-30,583.0,,0.0,22.3,0.0,22.2,0,
2003-12-31,583.0,,0.0,22.0,0.0,21.9,0,
2004-01-01,584.0,,0.0,22.3,0.0,22.3,0,
2004-01-02,584.0,,0.0,22.7,0.0,22.6,0,
2004-01-03,584.0,,0.0,22.0,0.0,21.9,0,
2004-01-04,584.0,,0.0,20.7,0.0,20.6,0,
2004-01-05,584.0,,0.0,21.1,0.0,21.1,0,
2004-01-06,584.0,,0.0,22.3,0.0,22.2,0,
2004-01-07,584.0,,0.1,22.2,0.2,21.8,0,
2004-01-08,584.0,,0.0,22.6,0.0,22.3,0,
2004-01-09,584.0,,0.0,20.5,0.0,20.3,0,
2004-01-10,584.0,,0.0,20.7,0.0,20.5,0,
2004-01-11,584.0,,0.0,20.7,0.0,20.5,0,
2004-01-12,584.0,,0.0,20.4,0.0,20.2,0,
2004-01-13,584.0,,0.0,21.0,0.0,20.8,0,
2004-01-14,584.0,,0.0,21.3,0.0,21.3,0,
2004-01-15,584.0,,0.0,21.7,0.0,21.8,0,
2004-01-16,584.0,,0.0,21.6,0.0,21.7,1,Republic Day
2004-01-17,584.0,,0.0,21.2,0.0,21.2,1,Republic Day
2004-01-18,584.0,,0.0,22.2,0.0,21.5,1,Republic Day
2004-01-19,584.0,,0.0,22.2,0.0,22.4,1,Republic Day
2004-01-20,584.0,,0.0,22.7,0.0,23.0,1,Republic Day
2004-01-21,584.0,,0.0,23.5,0.0,23.5,1,Republic Day
2004-01-22,584.0,,0.0,22.9,0.0,23.0,1,Republic Day
2004-01-23,584.0,,0.0,23.4,0.0,23.7,1,Republic Day
2004-01-24,584.0,,0.0,23.8,0.0,23.8,1,Republic Day
2004-01-25,584.0,,0.0,24.2,0.0,24.3,1,Republic Day
2004-01-26,584.0,,0.0,23.4,0.0,23.5,1,Republic Day
2004-01-27,584.0,,0.0,23.2,0.0,23.3,1,Eid al-Adha
2004-01-28,584.0,,0.0,23.9,0.4,23.9,1,Eid al-Adha
2004-01-29,584.0,,0.7,23.2,1.7,22.9,1,Eid al-Adha
2004-01-30,584.0,,0.0,23.1,0.1,23.1,1,Eid al-Adha
2004-01-31,584.0,,0.1,23.4,0.1,23.5,1,Eid al-Adha
2004-02-01,642.0,,0.4,23.5,0.2,23.4,1,Eid al-Adha
2004-02-02,642.0,,0.2,24.3,0.2,24.2,1,Eid al-Adha
2004-02-03,642.0,,0.0,23.7,0.0,23.5,0,
2004-02-04,642.0,,0.0,24.3,0.0,24.2,0,
2004-02-05,642.0,,0.0,24.3,0.0,24.2,0,
2004-02-06,642.0,,0.0,24.9,0.0,24.9,0,
2004-02-07,642.0,,0.0,24.5,0.0,24.4,0,
2004-02-08,642.0,,0.0,24.4,0.0,24.2,1,Maha Shivaratri
2004-02-09,642.0,,0.0,23.6,0.0,23.3,1,Maha Shivaratri
2004-02-10,642.0,,0.0,23.0,0.0,23.0,1,Maha Shivaratri
2004-02-11,642.0,,0.0,23.6,0.0,23.6,1,Maha Shivaratri
2004-02-12,642.0,,0.0,23.5,0.0,23.4,1,Maha Shivaratri
2004-02-13,642.0,,0.0,22.8,0.0,22.7,1,Maha Shivaratri
2004-02-14,642.0,,0.0,22.8,0.0,22.8,1,Maha Shivaratri
2004-02-15,642.0,,0.0,22.6,0.0,22.4,1,Maha Shivaratri
2004-02-16,642.0,,0.0,22.8,0.0,22.7,1,Maha Shivaratri
2004-02-17,642.0,,0.0,23.3,0.0,23.2,1,Maha Shivaratri
2004-02-18,642.0,,0.0,23.7,0.0,23.7,1,Maha Shivaratri
2004-02-19,642.0,,0.0,24.7,0.0,24.8,0,
2004-02-20,642.0,,0.0,24.7,0.0,24.7,0,
2004-02-21,642.0,,0.0,25.5,0.0,25.3,1,Ashura
2004-02-22,642.0,,0.0,24.8,0.0,24.7,1,Ashura
2004-02-23,642.0,,0.0,24.6,0.0,24.7,1,Ashura
2004-02-24,642.0,,0.0,25.2,0.0,24.9,1,Ashura
2004-02-25,642.0,,0.0,25.2,0.0,24.9,1,Ashura
2004-02-26,642.0,,0.0,25.6,0.0,25.2,1,Holi
2004-02-27,642.0,,0.0,25.1,0.0,25.4,1,Holi
2004-02-28,642.0,,0.0,25.9,0.0,25.7,1,Holi
2004-02-29,642.0,,0.0,25.8,0.0,26.0,1,Holi
2004-03-01,685.0,,0.0,26.3,0.0,26.4,1,Holi
2004-03-02,685.0,,0.0,27.1,0.0,26.9,1,Holi
2004-03-03,685.0,,0.0,27.3,0.0,27.1,1,Holi
2004-03-04,685.0,,0.0,26.8,0.0,26.7,1,Holi
2004-03-05,685.0,,0.0,26.1,0.0,26.1,1,Holi
2004-03-06,685.0,,0.0,25.8,0.0,25.8,1,Holi
2004-03-07,685.0,,0.0,26.4,0.0,26.6,1,Holi
2004-03-08,685.0,,0.0,27.4,0.0,27.2,0,
2004-03-09,685.0,,0.0,25.9,0.0,25.8,0,
2004-03-10,685.0,,0.0,25.7,0.0,25.4,0,
2004-03-11,685.0,,0.0,26.0,0.0,25.8,0,
2004-03-12,685.0,,0.0,26.8,0.0,26.6,0,
2004-03-13,685.0,,0.0,27.4,0.0,27.0,0,
2004-03-14,685.0,,0.0,27.8,0.0,27.6,0,
2004-03-15,685.0,,0.0,27.9,0.0,27.7,0,
2004-03-16,685.0,,0.0,28.1,0.0,28.0,0,
2004-03-17,685.0,,0.0,28.1,0.0,28.0,0,
2004-03-18,685.0,,0.0,28.0,0.0,27.8,0,
2004-03-19,685.0,,0.0,28.4,0.0,28.3,0,
2004-03-20,685.0,,0.0,28.0,0.0,28.1,1,Ram Navami
2004-03-21,685.0,,0.0,28.2,0.0,27.9,1,Ram Navami
2004-03-22,685.0,,0.0,28.7,0.0,28.5,1,Ram Navami
2004-03-23,685.0,,0.0,28.9,0.0,28.8,1,Ram Navami
2004-03-24,685.0,,0.0,27.8,0.0,27.7,1,Ram Navami
2004-03-25,685.0,,1.5,26.7,3.1,26.3,1,Ram Navami
2004-03-26,685.0,,0.2,27.2,1.3,26.8,1,Ram Navami
2004-03-27,685.0,,0.0,28.6,0.0,28.2,1,Ram Navami
2004-03-28,685.0,,0.0,27.9,0.0,27.3,1,Ram Navami
2004-03-29,685.0,,2.2,26.9,1.7,26.7,1,Ram Navami
2004-03-30,685.0,,6.8,25.7,6.2,25.5,1,Ram Navami
2004-03-31,685.0,,6.2,25.3,9.1,25.1,1,Mahavira's Birthday
2004-04-01,736.0,,9.4,24.9,19.6,24.4,1,Mahavira's Birthday
2004-04-02,736.0,,5.7,25.1,12.4,24.6,1,Mahavira's Birthday
2004-04-03,736.0,,0.2,26.1,1.2,25.6,1,Mahavira's Birthday
2004-04-04,736.0,,3.8,25.5,6.1,24.9,1,Dr. B. R. Ambedkar's Birthday
2004-04-05,736.0,,0.0,25.8,1.1,25.4,1,Dr. B. R. Ambedkar's Birthday
2004-04-06,736.0,,4.4,24.4,7.0,23.9,1,Dr. B. R. Ambedkar's Birthday
2004-04-07,736.0,,1.5,24.9,4.4,24.4,1,Dr. B. R. Ambedkar's Birthday
2004-04-08,736.0,,0.0,26.2,0.0,25.7,1,Dr. B. R. Ambedkar's Birthday
2004-04-09,736.0,,0.0,26.6,0.0,25.9,1,Dr. B. R. Ambedkar's Birthday
2004-04-10,736.0,,0.0,26.9,0.0,26.2,1,Dr. B. R. Ambedkar's Birthday
2004-04-11,736.0,,0.0,27.3,0.0,26.7,1,Dr. B. R. Ambedkar's Birthday
2004-04-12,736.0,,0.0,28.2,0.0,27.4,1,Dr. B. R. Ambedkar's Birthday
2004-04-13,736.0,,0.0,27.9,0.0,27.5,1,Dr. B. R. Ambedkar's Birthday
2004-04-14,736.0,,0.0,28.0,0.0,27.6,1,Dr. B. R. Ambedkar's Birthday
2004-04-15,736.0,,0.3,28.0,0.2,27.6,0,
2004-04-16,736.0,,0.0,28.3,0.0,28.0,0,
2004-04-17,736.0,,0.3,28.1,0.6,27.8,0,
2004-04-18,736.0,,0.0,28.0,0.0,27.8,0,
2004-04-19,736.0,,0.0,28.8,0.0,28.4,0,
2004-04-20,736.0,,1.4,28.6,1.6,28.1,0,
2004-04-21,736.0,,0.7,27.8,1.8,27.2,0,
2004-04-22,736.0,,2.3,27.3,1.6,27.0,1,Prophet's Birthday
2004-04-23,736.0,,8.2,26.0,11.2,25.6,1,Prophet's Birthday
2004-04-24,736.0,,4.9,25.9,7.4,25.4,1,Prophet's Birthday
2004-04-25,736.0,,4.3,25.8,2.0,25.6,1,Prophet's Birthday
2004-04-26,736.0,,0.5,26.2,2.0,25.7,1,Prophet's Birthday
2004-04-27,736.0,,2.7,25.8,2.5,25.4,1,Prophet's Birthday
2004-04-28,736.0,,0.4,26.8,0.0,26.5,1,Prophet's Birthday
2004-04-29,736.0,,0.4,26.6,3.1,25.9,1,Prophet's Birthday
2004-04-30,736.0,,0.4,26.6,0.6,26.0,1,Prophet's Birthday
2004-05-01,716.0,,0.0,27.9,0.0,27.3,1,Prophet's Birthday
2004-05-02,716.0,,0.0,27.8,0.0,27.4,1,Prophet's Birthday
2004-05-03,716.0,,3.2,25.2,4.7,24.5,0,
2004-05-04,716.0,,40.9,21.9,38.6,21.6,0,
2004-05-05,716.0,,25.7,23.4,17.9,23.2,0,
2004-05-06,716.0,,10.7,23.6,14.1,23.3,0,
2004-05-07,716.0,,2.6,23.8,5.2,23.6,0,
2004-05-08,716.0,,0.7,24.2,0.4,24.1,0,
2004-05-09,716.0,,12.7,23.9,5.3,23.7,0,
2004-05-10,716.0,,3.0,24.2,3.4,24.1,0,
2004-05-11,716.0,,0.0,24.6,0.0,24.5,0,
2004-05-12,716.0,,0.0,24.5,0.0,24.5,0,
2004-05-13,716.0,,0.1,25.1,0.2,25.0,0,
2004-05-14,716.0,,3.5,24.7,5.4,24.5,0,
2004-05-15,716.0,,8.4,24.4,6.7,24.3,0,
2004-05-16,716.0,,9.4,23.9,9.0,23.7,1,Buddha Purnima
2004-05-17,716.0,,5.2,23.2,7.1,22.8,1,Buddha Purnima
2004-05-18,716.0,,0.9,23.8,2.0,23.6,1,Buddha Purnima
2004-05-19,716.0,,0.2,23.6,0.9,23.5,1,Buddha Purnima
2004-05-20,716.0,,0.5,24.2,0.7,24.1,1,Buddha Purnima
2004-05-21,716.0,,0.4,23.5,0.9,23.3,1,Buddha Purnima
2004-05-22,716.0,,5.8,23.7,5.7,23.5,1,Buddha Purnima
2004-05-23,716.0,,5.7,23.7,5.8,23.4,1,Buddha Purnima
2004-05-24,716.0,,8.3,23.7,12.2,23.4,1,Buddha Purnima
2004-05-25,716.0,,6.8,23.6,11.9,23.2,1,Buddha Purnima
2004-05-26,716.0,,2.3,23.9,3.7,23.6,1,Buddha Purnima
2004-05-27,716.0,,5.2,24.2,3.6,24.0,0,
2004-05-28,716.0,,9.9,23.9,13.5,23.7,0,
2004-05-29,716.0,,12.7,24.3,20.2,23.8,0,
2004-05-30,716.0,,10.8,23.4,14.7,23.1,0,
2004-05-31,716.0,,7.2,23.7,6.2,23.5,0,
2004-06-01,658.0,,4.4,23.9,5.4,23.5,0,
2004-06-02,658.0,,8.3,23.6,10.7,23.3,0,
2004-06-03,658.0,,4.5,23.9,4.7,23.5,0,
2004-06-04,658.0,,3.4,23.8,1.2,23.6,0,
2004-06-05,658.0,,12.6,23.7,14.3,23.3,0,
2004-06-06,658.0,,4.9,23.9,1.9,23.7,0,
2004-06-07,658.0,,3.0,23.2,4.1,23.0,0,
2004-06-08,658.0,,7.9,22.2,2.6,22.3,0,
2004-06-09,658.0,,27.3,21.7,20.5,21.5,0,
2004-06-10,658.0,,16.4,21.8,18.7,21.5,0,
2004-06-11,658.0,,1.2,22.8,0.7,22.7,0,
2004-06-12,658.0,,2.4,22.5,4.4,22.3,0,
2004-06-13,658.0,,3.1,22.8,3.0,22.6,0,
2004-06-14,658.0,,3.6,23.1,2.1,22.9,0,
2004-06-15,658.0,,3.2,22.9,0.7,22.9,0,
2004-06-16,658.0,,4.2,22.8,2.1,22.7,0,
2004-06-17,658.0,,1.6,22.8,0.0,22.7,0,
2004-06-18,658.0,,0.5,22.8,0.2,22.7,0,
2004-06-19,658.0,,0.0,23.4,0.0,23.3,0,
2004-06-20,658.0,,0.0,23.4,0.0,23.3,0,
2004-06-21,658.0,,0.0,23.7,0.0,23.5,0,
2004-06-22,658.0,,0.0,23.5,0.0,23.3,0,
2004-06-23,658.0,,0.0,23.3,0.0,23.2,0,
2004-06-24,658.0,,0.0,22.8,0.3,22.6,0,
2004-06-25,658.0,,0.3,22.9,0.6,22.8,0,
2004-06-26,658.0,,4.5,22.6,6.9,22.3,0,
2004-06-27,658.0,,1.8,22.8,2.5,22.7,0,
2004-06-28,658.0,,0.7,23.3,1.0,23.1,0,
2004-06-29,658.0,,1.1,23.5,1.3,23.3,0,
2004-06-30,658.0,,0.1,23.4,0.6,23.2,0,
2004-07-01,669.0,,0.1,23.6,0.4,23.4,0,
2004-07-02,669.0,,1.9,23.1,4.5,22.9,0,
2004-07-03,669.0,,0.0,23.4,0.3,23.2,0,
2004-07-04,669.0,,0.4,23.2,1.0,23.0,0,
2004-07-05,669.0,,0.3,23.6,0.4,23.3,0,
2004-07-06,669.0,,0.1,23.8,0.0,23.6,0,
2004-07-07,669.0,,0.2,23.7,0.3,23.6,0,
2004-07-08,669.0,,17.1,23.4,6.4,23.2,0,
2004-07-09,669.0,,9.7,22.6,11.1,22.5,0,
2004-07-10,669.0,,8.7,22.6,10.1,22.3,0,
2004-07-11,669.0,,9.6,22.2,20.4,21.8,0,
2004-07-12,669.0,,5.6,21.6,10.2,21.2,0,
2004-07-13,669.0,,0.3,21.8,0.8,21.4,0,
2004-07-14,669.0,,0.6,22.4,0.3,22.2,0,
2004-07-15,669.0,,4.3,22.3,6.8,22.1,0,
2004-07-16,669.0,,7.1,22.9,10.2,22.6,0,
2004-07-17,669.0,,0.6,23.6,0.5,23.4,0,
2004-07-18,669.0,,3.0,23.6,2.6,23.3,0,
2004-07-19,669.0,,3.1,23.2,2.0,22.9,0,
2004-07-20,669.0,,3.9,23.0,3.3,22.6,0,
2004-07-21,669.0,,2.9,22.5,5.9,22.2,0,
2004-07-22,669.0,,0.0,22.8,0.2,22.6,0,
2004-07-23,669.0,,2.2,21.9,1.9,21.6,0,
2004-07-24,669.0,,1.9,22.4,2.5,22.2,0,
2004-07-25,669.0,,1.0,22.3,1.1,22.2,0,
2004-07-26,669.0,,4.8,21.9,3.9,21.8,0,
2004-07-27,669.0,,0.8,22.2,1.0,22.1,0,
2004-07-28,669.0,,0.7,22.6,0.8,22.4,0,
2004-07-29,669.0,,0.1,22.4,0.4,22.3,0,
2004-07-30,669.0,,0.6,22.6,0.5,22.5,0,
2004-07-31,669.0,,10.0,21.2,6.3,21.0,0,
2004-08-01,627.0,,1.4,22.1,1.5,21.9,0,
2004-08-02,627.0,,12.6,22.1,11.5,21.9,0,
2004-08-03,627.0,,17.1,21.0,15.3,20.8,0,
2004-08-04,627.0,,27.3,20.8,31.7,20.4,0,
2004-08-05,627.0,,3.4,22.1,1.1,22.0,1,Independence Day
2004-08-06,627.0,,0.6,22.6,0.8,22.5,1,Independence Day
2004-08-07,627.0,,0.5,22.4,0.5,22.2,1,Independence Day
2004-08-08,627.0,,0.1,22.5,0.1,22.3,1,Independence Day
2004-08-09,627.0,,0.2,22.5,0.2,22.3,1,Independence Day
2004-08-10,627.0,,0.2,22.5,0.3,22.3,1,Independence Day
2004-08-11,627.0,,0.0,22.5,0.1,22.3,1,Independence Day
2004-08-12,627.0,,10.3,22.1,7.2,22.0,1,Independence Day
2004-08-13,627.0,,4.8,21.9,5.7,21.7,1,Independence Day
2004-08-14,627.0,,0.5,22.7,0.5,22.6,1,Independence Day
2004-08-15,627.0,,2.4,22.5,3.2,22.2,1,Independence Day
2004-08-16,627.0,,2.0,22.7,1.3,22.5,0,
2004-08-17,627.0,,2.5,22.7,3.3,22.4,0,
2004-08-18,627.0,,0.0,22.8,0.0,22.6,0,
2004-08-19,627.0,,3.7,22.4,4.8,22.2,0,
2004-08-20,627.0,,0.5,22.3,0.0,22.2,0,
2004-08-21,627.0,,0.0,22.3,0.3,22.1,0,
2004-08-22,627.0,,0.0,22.3,0.1,22.1,0,
2004-08-23,627.0,,0.2,22.7,0.8,22.5,0,
2004-08-24,627.0,,0.1,22.8,0.3,22.5,0,
2004-08-25,627.0,,0.0,22.7,0.0,22.5,0,
2004-08-26,627.0,,1.0,22.7,0.9,22.4,0,
2004-08-27,627.0,,0.1,23.0,0.0,22.8,0,
2004-08-28,627.0,,0.0,23.1,0.0,22.9,1,Janmashtami (Vaishnava)
2004-08-29,627.0,,0.0,23.0,0.0,22.8,1,Janmashtami (Vaishnava)
2004-08-30,627.0,,0.0,23.1,0.0,22.9,1,Janmashtami (Vaishnava)
2004-08-31,627.0,,0.0,22.9,0.0,22.7,1,Janmashtami (Vaishnava)
2004-09-01,657.0,,0.0,22.8,0.1,22.6,1,Janmashtami (Vaishnava)
2004-09-02,657.0,,0.1,23.1,0.0,22.9,1,Janmashtami (Vaishnava)
2004-09-03,657.0,,0.1,23.6,0.2,23.4,1,Janmashtami (Vaishnava)
2004-09-04,657.0,,0.9,23.1,0.6,22.9,1,Janmashtami (Vaishnava)
2004-09-05,657.0,,12.1,21.3,7.9,21.1,1,Janmashtami (Vaishnava)
2004-09-06,657.0,,6.0,21.4,5.0,21.1,1,Janmashtami (Vaishnava)
2004-09-07,657.0,,1.5,22.4,2.0,22.1,1,Janmashtami (Vaishnava)
2004-09-08,657.0,,7.3,22.4,8.0,22.1,0,
2004-09-09,657.0,,1.2,22.7,4.6,22.3,0,
2004-09-10,657.0,,9.4,21.9,11.8,21.6,0,
2004-09-11,657.0,,4.6,21.3,4.1,21.1,0,
2004-09-12,657.0,,1.8,22.4,0.8,22.1,0,
2004-09-13,657.0,,0.8,22.9,0.2,22.6,0,
2004-09-14,657.0,,0.0,23.5,0.2,23.2,0,
2004-09-15,657.0,,0.4,23.3,1.2,23.0,0,
2004-09-16,657.0,,0.0,23.2,0.0,23.0,0,
2004-09-17,657.0,,0.0,23.5,0.2,23.4,0,
2004-09-18,657.0,,0.1,23.6,0.4,23.4,0,
2004-09-19,657.0,,0.0,23.7,0.0,23.5,0,
2004-09-20,657.0,,0.0,23.5,0.0,23.2,0,
2004-09-21,657.0,,0.1,23.2,0.1,22.9,0,
2004-09-22,657.0,,0.0,23.6,0.0,23.4,1,Mahatma Gandhi's Birthday
2004-09-23,657.0,,0.0,23.6,0.2,23.2,1,Mahatma Gandhi's Birthday
2004-09-24,657.0,,16.1,23.2,10.0,22.9,1,Mahatma Gandhi's Birthday
2004-09-25,657.0,,20.8,22.8,21.1,22.6,1,Mahatma Gandhi's Birthday
2004-09-26,657.0,,8.5,23.1,8.3,22.8,1,Mahatma Gandhi's Birthday
2004-09-27,657.0,,3.8,22.7,5.1,22.5,1,Mahatma Gandhi's Birthday
2004-09-28,657.0,,15.2,21.3,10.6,21.1,1,Mahatma Gandhi's Birthday
2004-09-29,657.0,,0.9,22.7,0.8,22.6,1,Mahatma Gandhi's Birthday
2004-09-30,657.0,,3.5,22.6,3.1,22.6,1,Mahatma Gandhi's Birthday
2004-10-01,642.0,,0.5,22.8,0.8,22.7,1,Mahatma Gandhi's Birthday
2004-10-02,642.0,,6.1,22.6,8.3,22.2,1,Mahatma Gandhi's Birthday
2004-10-03,642.0,,3.9,22.0,5.2,21.5,0,
2004-10-04,642.0,,4.6,22.5,5.2,22.2,0,
2004-10-05,642.0,,0.2,22.6,0.6,22.3,0,
2004-10-06,642.0,,0.0,22.3,0.0,22.0,0,
2004-10-07,642.0,,0.0,21.4,0.0,21.2,0,
2004-10-08,642.0,,0.0,21.5,0.0,21.2,0,
2004-10-09,642.0,,0.0,22.4,0.0,22.2,0,
2004-10-10,642.0,,0.0,23.2,0.0,22.9,0,
2004-10-11,642.0,,0.0,23.0,0.0,22.8,0,
2004-10-12,642.0,,0.0,23.2,0.1,23.0,1,Dussehra
2004-10-13,642.0,,3.7,23.1,2.0,23.0,1,Dussehra
2004-10-14,642.0,,5.9,22.8,5.1,22.7,1,Dussehra
2004-10-15,642.0,,9.1,22.8,8.2,22.4,1,Dussehra
2004-10-16,642.0,,10.3,22.7,10.7,22.4,1,Dussehra
2004-10-17,642.0,,2.8,22.8,6.3,22.5,1,Dussehra
2004-10-18,642.0,,10.1,22.1,10.1,21.9,1,Dussehra
2004-10-19,642.0,,5.7,22.2,8.1,21.9,1,Dussehra
2004-10-20,642.0,,0.3,22.4,0.5,22.1,1,Dussehra
2004-10-21,642.0,,1.5,22.5,1.0,22.1,1,Dussehra
2004-10-22,642.0,,0.1,22.9,0.8,22.6,1,Dussehra
2004-10-23,642.0,,3.2,22.3,4.9,22.0,0,
2004-10-24,642.0,,0.0,22.6,0.2,22.2,0,
2004-10-25,642.0,,0.0,22.1,0.2,21.8,0,
2004-10-26,642.0,,0.0,22.5,0.0,22.3,0,
2004-10-27,642.0,,0.3,22.0,0.0,21.8,0,
2004-10-28,642.0,,0.6,22.2,0.7,21.9,0,
2004-10-29,642.0,,0.6,21.4,1.4,21.2,0,
2004-10-30,642.0,,9.7,21.6,8.1,21.1,0,
2004-10-31,642.0,,21.6,21.6,22.0,21.2,0,
2004-11-01,659.0,,5.5,21.9,3.4,21.5,0,
2004-11-02,659.0,,0.0,22.4,0.0,22.0,1,Diwali (Deepavali)
2004-11-03,659.0,,0.0,22.6,0.0,22.4,1,Diwali (Deepavali)
2004-11-04,659.0,,0.0,22.0,0.0,21.8,1,Diwali (Deepavali)
2004-11-05,659.0,,3.5,19.3,4.2,18.8,1,Diwali (Deepavali)
2004-11-06,659.0,,1.6,19.7,2.0,19.2,1,Diwali (Deepavali)
2004-11-07,659.0,,5.1,21.8,5.2,21.4,1,Diwali (Deepavali)
2004-11-08,659.0,,6.7,21.2,8.4,20.9,1,Diwali (Deepavali)
2004-11-09,659.0,,0.0,22.2,0.2,21.9,1,Diwali (Deepavali)
2004-11-10,659.0,,0.0,22.6,0.0,22.3,1,Diwali (Deepavali)
2004-11-11,659.0,,0.0,22.7,0.0,22.5,1,Diwali (Deepavali)
2004-11-12,659.0,,2.3,21.7,5.1,21.3,1,Diwali (Deepavali)
2004-11-13,659.0,,0.0,21.9,0.0,21.7,1,Eid al-Fitr
2004-11-14,659.0,,0.0,21.7,0.0,21.5,1,Eid al-Fitr
2004-11-15,659.0,,0.0,21.8,0.0,21.5,1,Eid al-Fitr
2004-11-16,659.0,,0.0,21.4,0.0,21.1,1,Guru Nanak's Birthday
2004-11-17,659.0,,0.0,22.2,0.0,21.9,1,Guru Nanak's Birthday
2004-11-18,659.0,,0.1,22.4,0.3,22.0,1,Guru Nanak's Birthday
2004-11-19,659.0,,0.0,21.4,0.0,21.2,1,Guru Nanak's Birthday
2004-11-20,659.0,,0.0,20.2,0.0,19.9,1,Guru Nanak's Birthday
2004-11-21,659.0,,0.0,20.5,0.0,20.0,1,Guru Nanak's Birthday
2004-11-22,659.0,,0.0,20.6,0.0,20.5,1,Guru Nanak's Birthday
2004-11-23,659.0,,0.0,21.4,0.0,21.2,1,Guru Nanak's Birthday
2004-11-24,659.0,,0.0,21.8,0.0,21.5,1,Guru Nanak's Birthday
2004-11-25,659.0,,0.0,21.0,0.0,20.7,1,Guru Nanak's Birthday
2004-11-26,659.0,,0.0,20.9,0.0,20.6,1,Guru Nanak's Birthday
2004-11-27,659.0,,0.0,22.4,0.0,22.0,0,
2004-11-28,659.0,,0.0,21.8,0.0,21.3,0,
2004-11-29,659.0,,0.0,20.8,0.0,20.5,0,
2004-11-30,659.0,,0.0,20.6,0.0,20.2,0,
2004-12-01,654.0,,0.0,20.5,0.0,20.2,0,
2004-12-02,654.0,,0.0,21.4,0.0,20.9,0,
2004-12-03,654.0,,0.0,22.0,0.0,21.6,0,
2004-12-04,654.0,,0.0,21.2,0.0,20.7,0,
2004-12-05,654.0,,0.0,20.8,0.0,20.3,0,
2004-12-06,654.0,,0.0,20.4,0.0,20.0,0,
2004-12-07,654.0,,0.0,20.8,0.0,20.1,0,
2004-12-08,654.0,,0.0,21.1,0.0,20.7,0,
2004-12-09,654.0,,0.0,21.7,0.0,21.5,0,
2004-12-10,654.0,,0.0,21.5,0.0,21.0,0,
2004-12-11,654.0,,0.0,20.9,0.0,20.7,0,
2004-12-12,654.0,,0.0,21.6,0.0,21.3,0,
2004-12-13,654.0,,0.0,21.3,0.0,21.1,0,
2004-12-14,654.0,,0.0,22.2,0.0,21.9,0,
2004-12-15,654.0,,0.0,21.9,0.0,21.3,1,Christmas
2004-12-16,654.0,,0.0,20.7,0.0,20.3,1,Christmas
2004-12-17,654.0,,0.0,21.0,0.0,20.5,1,Christmas
2004-12-18,654.0,,0.0,20.8,0.0,20.4,1,Christmas
2004-12-19,654.0,,0.0,21.1,0.0,20.6,1,Christmas
2004-12-20,654.0,,0.0,22.2,0.0,21.1,1,Christmas
2004-12-21,654.0,,0.0,22.6,0.0,21.9,1,Christmas
2004-12-22,654.0,,0.0,22.3,0.0,21.7,1,Christmas
2004-12-23,654.0,,0.0,21.6,0.0,21.6,1,Christmas
2004-12-24,654.0,,0.0,21.1,0.0,20.9,1,Christmas
2004-12-25,654.0,,0.0,21.5,0.0,21.4,1,Christmas
2004-12-26,654.0,,0.0,20.9,0.0,20.7,0,
2004-12-27,654.0,,0.0,21.5,0.0,21.2,0,
2004-12-28,654.0,,0.0,22.1,0.0,21.7,0,
2004-12-29,654.0,,0.0,22.0,0.0,21.6,0,
2004-12-30,654.0,,0.0,21.5,0.0,21.4,0,
2004-12-31,654.0,,0.0,23.0,0.0,22.6,0,
2005-01-01,646.0,,2.6,23.5,13.5,23.2,0,
2005-01-02,646.0,,18.8,22.6,16.6,22.1,0,
2005-01-03,646.0,,0.3,22.7,0.5,22.3,0,
2005-01-04,646.0,,0.0,23.1,0.0,22.7,0,
2005-01-05,646.0,,0.0,21.6,0.0,21.3,0,
2005-01-06,646.0,,0.0,20.9,0.0,20.6,0,
2005-01-07,646.0,,0.0,20.9,0.0,20.5,0,
2005-01-08,646.0,,0.0,21.0,0.0,20.8,0,
2005-01-09,646.0,,0.0,20.7,0.0,20.4,0,
2005-01-10,646.0,,0.0,20.9,0.0,20.6,0,
2005-01-11,646.0,,0.0,21.5,0.0,21.1,1,Eid al-Adha
2005-01-12,646.0,,0.0,22.7,0.0,22.0,1,Eid al-Adha
2005-01-13,646.0,,0.0,21.7,0.0,21.5,1,Eid al-Adha
2005-01-14,646.0,,0.0,21.6,0.0,21.1,1,Eid al-Adha
2005-01-15,646.0,,0.0,21.3,0.0,20.9,1,Eid al-Adha
2005-01-16,646.0,,0.0,21.6,0.0,21.1,1,Republic Day
2005-01-17,646.0,,0.0,22.6,0.0,21.9,1,Republic Day
2005-01-18,646.0,,0.0,23.6,0.0,23.4,1,Republic Day
2005-01-19,646.0,,0.0,23.9,0.0,23.7,1,Republic Day
2005-01-20,646.0,,0.0,23.9,0.0,23.5,1,Republic Day
2005-01-21,646.0,,0.0,23.7,0.0,23.3,1,Republic Day
2005-01-22,646.0,,0.0,24.1,0.0,23.6,1,Republic Day
2005-01-23,646.0,,0.2,23.6,0.1,23.2,1,Republic Day
2005-01-24,646.0,,0.0,24.2,0.0,23.8,1,Republic Day
2005-01-25,646.0,,0.0,25.1,0.0,24.5,1,Republic Day
2005-01-26,646.0,,0.0,24.7,0.0,23.9,1,Republic Day
2005-01-27,646.0,,0.0,24.1,0.5,23.7,0,
2005-01-28,646.0,,0.0,23.2,1.7,22.5,0,
2005-01-29,646.0,,1.1,22.7,0.6,22.4,0,
2005-01-30,646.0,,6.3,21.9,3.7,21.8,0,
2005-01-31,646.0,,6.3,21.7,10.0,21.0,0,
2005-02-01,646.0,,1.1,21.5,2.6,21.0,0,
2005-02-02,646.0,,0.4,22.5,0.7,22.1,0,
2005-02-03,646.0,,0.3,23.0,0.4,22.8,0,
2005-02-04,646.0,,0.5,23.1,0.6,22.7,0,
2005-02-05,646.0,,0.0,23.9,0.0,23.3,0,
2005-02-06,646.0,,0.0,24.4,0.0,23.5,0,
2005-02-07,646.0,,0.0,24.2,0.0,23.7,0,
2005-02-08,646.0,,0.0,22.2,0.0,21.9,0,
2005-02-09,646.0,,0.0,22.4,0.0,22.2,0,
2005-02-10,646.0,,0.0,23.2,0.0,22.8,1,Ashura
2005-02-11,646.0,,0.0,23.2,0.0,22.9,1,Ashura
2005-02-12,646.0,,0.0,23.3,0.0,23.2,1,Ashura
2005-02-13,646.0,,0.0,23.2,0.0,23.1,1,Ashura
2005-02-14,646.0,,0.0,24.1,0.0,23.9,1,Ashura
2005-02-15,646.0,,0.0,25.0,0.0,24.7,1,Ashura
2005-02-16,646.0,,0.0,25.7,0.0,25.3,1,Ashura
2005-02-17,646.0,,0.0,26.0,0.0,25.5,1,Ashura
2005-02-18,646.0,,0.0,25.9,0.0,25.5,1,Ashura
2005-02-19,646.0,,0.0,26.2,0.0,25.7,1,Ashura
2005-02-20,646.0,,0.0,25.1,0.0,25.0,1,Ashura
2005-02-21,646.0,,0.0,24.3,0.0,24.3,0,
2005-02-22,646.0,,0.0,24.7,0.0,24.6,0,
2005-02-23,646.0,,0.0,26.2,0.0,25.8,0,
2005-02-24,646.0,,0.6,25.4,0.5,25.1,0,
2005-02-25,646.0,,0.0,26.7,0.0,26.5,0,
2005-02-26,646.0,,0.0,26.8,0.0,26.6,1,Maha Shivaratri
2005-02-27,646.0,,0.0,26.0,0.0,25.8,1,Maha Shivaratri
2005-02-28,646.0,,0.0,25.2,0.0,25.1,1,Maha Shivaratri
2005-03-01,710.0,,0.0,25.4,0.0,25.5,1,Maha Shivaratri
2005-03-02,710.0,,0.0,25.3,0.0,25.1,1,Maha Shivaratri
2005-03-03,710.0,,0.0,25.1,0.0,25.0,1,Maha Shivaratri
2005-03-04,710.0,,0.0,26.0,0.0,25.6,1,Maha Shivaratri
2005-03-05,710.0,,0.0,26.8,0.0,26.6,1,Maha Shivaratri
2005-03-06,710.0,,1.3,25.9,2.7,25.4,1,Maha Shivaratri
2005-03-07,710.0,,3.8,25.3,5.1,24.9,1,Maha Shivaratri
2005-03-08,710.0,,0.0,26.2,0.0,26.1,1,Maha Shivaratri
2005-03-09,710.0,,1.0,25.1,3.1,24.9,0,
2005-03-10,710.0,,1.2,25.4,2.0,25.0,0,
2005-03-11,710.0,,0.0,26.5,0.0,26.1,0,
2005-03-12,710.0,,0.0,26.2,0.0,25.9,0,
2005-03-13,710.0,,0.0,26.3,0.0,25.9,0,
2005-03-14,710.0,,0.0,27.1,0.2,26.7,0,
2005-03-15,710.0,,0.0,26.8,0.0,26.5,1,Good Friday
2005-03-16,710.0,,0.0,27.0,0.0,27.0,1,Holi
2005-03-17,710.0,,0.0,27.9,0.0,27.4,1,Holi
2005-03-18,710.0,,0.0,27.4,0.0,26.9,1,Holi
2005-03-19,710.0,,0.0,27.4,0.0,27.0,1,Holi
2005-03-20,710.0,,0.0,26.9,0.0,26.6,1,Holi
2005-03-21,710.0,,0.0,27.1,0.0,26.8,1,Holi
2005-03-22,710.0,,0.0,27.5,0.0,27.6,1,Holi
2005-03-23,710.0,,0.0,27.7,0.0,27.6,1,Holi
2005-03-24,710.0,,0.0,27.6,0.0,27.5,1,Holi
2005-03-25,710.0,,0.0,27.2,0.0,27.2,1,Holi
2005-03-26,710.0,,0.0,27.3,0.0,27.2,1,Holi
2005-03-27,710.0,,0.0,28.0,0.0,27.9,0,
2005-03-28,710.0,,0.0,28.7,0.0,28.5,0,
2005-03-29,710.0,,0.0,28.2,0.0,28.1,0,
2005-03-30,710.0,,0.0,27.7,0.0,27.7,0,
2005-03-31,710.0,,0.0,27.7,0.0,27.8,0,
2005-04-01,679.0,,0.0,27.7,0.0,27.4,0,
2005-04-02,679.0,,0.9,27.5,0.2,27.6,0,
2005-04-03,679.0,,0.0,28.4,0.0,28.2,0,
2005-04-04,679.0,,0.0,27.1,0.0,26.6,1,Dr. B. R. Ambedkar's Birthday
2005-04-05,679.0,,1.3,26.0,1.3,25.4,1,Dr. B. R. Ambedkar's Birthday
2005-04-06,679.0,,0.0,26.0,0.6,25.4,1,Dr. B. R. Ambedkar's Birthday
2005-04-07,679.0,,0.5,27.0,1.1,26.3,1,Dr. B. R. Ambedkar's Birthday
2005-04-08,679.0,,4.1,26.1,1.7,25.8,1,Dr. B. R. Ambedkar's Birthday
2005-04-09,679.0,,0.0,27.3,0.0,27.0,1,Dr. B. R. Ambedkar's Birthday
2005-04-10,679.0,,0.5,28.1,0.1,28.0,1,Dr. B. R. Ambedkar's Birthday
2005-04-11,679.0,,0.2,27.3,1.2,26.7,1,Dr. B. R. Ambedkar's Birthday
2005-04-12,679.0,,6.4,26.3,10.8,25.7,1,Dr. B. R. Ambedkar's Birthday
2005-04-13,679.0,,0.0,27.3,0.7,26.5,1,Dr. B. R. Ambedkar's Birthday
2005-04-14,679.0,,1.5,27.2,6.1,26.2,1,Dr. B. R. Ambedkar's Birthday
2005-04-15,679.0,,0.6,27.3,1.1,26.6,1,Ram Navami
2005-04-16,679.0,,0.0,28.3,0.0,27.5,1,Ram Navami
2005-04-17,679.0,,0.0,29.0,0.0,28.4,1,Ram Navami
2005-04-18,679.0,,0.0,29.2,0.0,28.3,1,Ram Navami
2005-04-19,679.0,,0.2,29.9,0.2,29.0,1,Mahavira's Birthday; Prophet's Birthday
2005-04-20,679.0,,0.0,28.9,0.0,28.0,1,Mahavira's Birthday; Prophet's Birthday
2005-04-21,679.0,,0.0,29.0,0.0,28.2,1,Mahavira's Birthday; Prophet's Birthday
2005-04-22,679.0,,0.5,27.9,0.8,27.7,1,Mahavira's Birthday; Prophet's Birthday
2005-04-23,679.0,,1.4,27.5,1.3,27.0,0,
2005-04-24,679.0,,1.6,27.1,0.4,26.9,0,
2005-04-25,679.0,,7.0,26.6,8.1,26.1,0,
2005-04-26,679.0,,1.7,26.6,4.4,26.0,0,
2005-04-27,679.0,,8.8,25.5,12.5,25.1,0,
2005-04-28,679.0,,1.8,26.1,1.5,25.8,0,
2005-04-29,679.0,,0.0,27.2,0.0,26.9,0,
2005-04-30,679.0,,0.0,27.3,0.0,27.0,0,
2005-05-01,647.0,,0.0,27.2,0.0,26.9,0,
2005-05-02,647.0,,0.0,27.4,0.0,27.0,0,
2005-05-03,647.0,,0.0,27.0,0.0,26.8,0,
2005-05-04,647.0,,0.9,26.1,1.0,25.9,0,
2005-05-05,647.0,,0.4,26.1,1.1,25.7,0,
2005-05-06,647.0,,0.0,26.3,0.0,25.9,0,
2005-05-07,647.0,,0.0,27.1,0.0,26.7,0,
2005-05-08,647.0,,0.0,27.5,0.0,27.2,0,
2005-05-09,647.0,,4.6,26.3,3.3,26.2,0,
2005-05-10,647.0,,2.2,26.5,3.2,26.1,0,
2005-05-11,647.0,,0.6,27.1,0.9,26.6,0,
2005-05-12,647.0,,1.3,27.3,1.1,27.3,0,
2005-05-13,647.0,,3.3,27.1,1.4,26.9,1,Buddha Purnima
2005-05-14,647.0,,0.0,28.6,0.0,28.3,1,Buddha Purnima
2005-05-15,647.0,,0.0,28.0,0.0,27.8,1,Buddha Purnima
2005-05-16,647.0,,0.0,27.9,0.0,27.7,1,Buddha Purnima
2005-05-17,647.0,,0.0,28.1,0.0,28.0,1,Buddha Purnima
2005-05-18,647.0,,0.0,28.6,0.0,28.3,1,Buddha Purnima
2005-05-19,647.0,,0.0,29.6,0.0,29.4,1,Buddha Purnima
2005-05-20,647.0,,0.0,29.4,0.0,29.3,1,Buddha Purnima
2005-05-21,647.0,,6.4,27.7,4.9,27.6,1,Buddha Purnima
2005-05-22,647.0,,3.3,27.1,3.2,27.0,1,Buddha Purnima
2005-05-23,647.0,,3.9,26.7,5.1,26.6,1,Buddha Purnima
2005-05-24,647.0,,2.1,27.0,4.7,26.5,0,
2005-05-25,647.0,,3.7,27.4,6.8,26.9,0,
2005-05-26,647.0,,1.8,27.2,3.7,26.8,0,
2005-05-27,647.0,,11.3,25.4,20.1,24.9,0,
2005-05-28,647.0,,3.2,25.7,6.6,25.4,0,
2005-05-29,647.0,,0.9,25.4,1.0,25.1,0,
2005-05-30,647.0,,9.3,24.7,10.4,24.2,0,
2005-05-31,647.0,,16.4,24.6,15.7,24.2,0,
2005-06-01,639.0,,4.9,24.5,8.4,24.3,0,
2005-06-02,639.0,,4.8,24.5,7.1,24.2,0,
2005-06-03,639.0,,3.8,25.0,5.5,24.7,0,
2005-06-04,639.0,,2.2,25.8,3.2,25.5,0,
2005-06-05,639.0,,10.7,25.6,18.7,25.2,0,
2005-06-06,639.0,,2.6,24.7,3.2,24.4,0,
2005-06-07,639.0,,6.7,24.4,6.5,24.3,0,
2005-06-08,639.0,,11.1,23.7,19.0,23.3,0,
2005-06-09,639.0,,13.0,24.2,8.9,23.9,0,
2005-06-10,639.0,,7.7,23.9,11.1,23.5,0,
2005-06-11,639.0,,0.4,24.5,1.3,24.2,0,
2005-06-12,639.0,,0.6,24.5,1.5,24.2,0,
2005-06-13,639.0,,1.7,24.6,5.8,24.2,0,
2005-06-14,639.0,,2.6,24.5,0.7,24.2,0,
2005-06-15,639.0,,0.1,24.9,0.2,24.6,0,
2005-06-16,639.0,,0.7,24.6,0.3,24.4,0,
2005-06-17,639.0,,0.0,24.3,0.2,24.1,0,
2005-06-18,639.0,,6.7,23.0,4.3,22.9,0,
2005-06-19,639.0,,8.2,23.4,4.0,23.3,0,
2005-06-20,639.0,,6.2,23.1,4.1,23.0,0,
2005-06-21,639.0,,8.8,22.2,8.1,22.0,0,
2005-06-22,639.0,,5.4,22.4,7.2,22.1,0,
2005-06-23,639.0,,1.4,22.3,0.2,22.2,0,
2005-06-24,639.0,,0.0,23.7,0.1,23.6,0,
2005-06-25,639.0,,0.1,23.5,0.1,23.4,0,
2005-06-26,639.0,,0.0,23.4,0.0,23.3,0,
2005-06-27,639.0,,0.4,23.6,0.5,23.4,0,
2005-06-28,639.0,,0.9,23.1,1.1,22.9,0,
2005-06-29,639.0,,0.2,23.3,0.3,23.2,0,
2005-06-30,639.0,,3.9,23.0,7.1,22.9,0,
2005-07-01,606.0,,2.6,23.1,1.3,23.0,0,
2005-07-02,606.0,,0.1,23.7,0.3,23.5,0,
2005-07-03,606.0,,0.8,23.4,0.5,23.2,0,
2005-07-04,606.0,,2.8,23.2,3.2,23.1,0,
2005-07-05,606.0,,1.4,23.2,1.7,23.0,0,
2005-07-06,606.0,,0.9,23.5,1.7,23.4,0,
2005-07-07,606.0,,0.5,23.9,0.9,23.8,0,
2005-07-08,606.0,,1.3,24.1,1.6,23.9,0,
2005-07-09,606.0,,0.1,23.9,0.7,23.7,0,
2005-07-10,606.0,,1.0,23.7,0.6,23.6,0,
2005-07-11,606.0,,6.0,23.4,5.8,23.3,0,
2005-07-12,606.0,,7.2,22.7,10.3,22.5,0,
2005-07-13,606.0,,2.7,23.4,4.4,23.0,0,
2005-07-14,606.0,,4.9,23.7,2.3,23.4,0,
2005-07-15,606.0,,27.9,23.1,37.4,22.8,0,
2005-07-16,606.0,,26.8,21.9,26.0,21.7,0,
2005-07-17,606.0,,13.2,23.2,10.8,22.9,0,
2005-07-18,606.0,,3.0,23.4,3.3,23.1,0,
2005-07-19,606.0,,7.4,23.5,7.3,23.2,0,
2005-07-20,606.0,,8.7,23.3,5.3,23.0,0,
2005-07-21,606.0,,0.7,22.9,3.2,22.7,0,
2005-07-22,606.0,,10.3,22.0,7.6,21.8,0,
2005-07-23,606.0,,3.5,21.9,3.1,21.8,0,
2005-07-24,606.0,,19.9,20.9,14.0,20.7,0,
2005-07-25,606.0,,23.5,20.9,18.4,20.7,0,
2005-07-26,606.0,,16.2,21.5,11.9,21.4,0,
2005-07-27,606.0,,3.7,22.3,1.4,22.2,0,
2005-07-28,606.0,,1.4,22.6,1.1,22.5,0,
2005-07-29,606.0,,11.4,21.9,10.5,21.7,0,
2005-07-30,606.0,,2.9,22.6,2.2,22.5,0,
2005-07-31,606.0,,1.7,22.6,0.7,22.5,0,
2005-08-01,550.0,,1.4,22.1,0.9,22.0,0,
2005-08-02,550.0,,1.0,22.6,0.3,22.7,0,
2005-08-03,550.0,,0.4,22.3,1.4,22.2,0,
2005-08-04,550.0,,0.6,22.2,1.0,22.0,0,
2005-08-05,550.0,,0.2,22.7,0.3,22.5,1,Independence Day
2005-08-06,550.0,,0.0,22.6,0.0,22.4,1,Independence Day
2005-08-07,550.0,,0.0,22.5,0.1,22.3,1,Independence Day
2005-08-08,550.0,,2.5,22.5,1.3,22.3,1,Independence Day
2005-08-09,550.0,,6.4,21.7,5.3,21.5,1,Independence Day
2005-08-10,550.0,,3.5,22.5,4.2,22.2,1,Independence Day
2005-08-11,550.0,,1.3,22.6,1.0,22.4,1,Independence Day
2005-08-12,550.0,,0.4,22.8,0.9,22.7,1,Independence Day
2005-08-13,550.0,,0.4,22.9,1.0,22.6,1,Independence Day
2005-08-14,550.0,,0.6,23.1,1.0,22.9,1,Independence Day
2005-08-15,550.0,,0.0,23.0,0.3,22.8,1,Independence Day
2005-08-16,550.0,,5.9,21.4,4.5,21.3,0,
2005-08-17,550.0,,4.3,22.0,4.9,21.8,1,Janmashtami (Vaishnava)
2005-08-18,550.0,,0.0,22.9,0.0,22.7,1,Janmashtami (Vaishnava)
2005-08-19,550.0,,0.4,22.5,0.8,22.3,1,Janmashtami (Vaishnava)
2005-08-20,550.0,,0.0,22.6,0.0,22.3,1,Janmashtami (Vaishnava)
2005-08-21,550.0,,0.4,22.4,0.0,22.1,1,Janmashtami (Vaishnava)
2005-08-22,550.0,,0.1,23.2,0.1,23.0,1,Janmashtami (Vaishnava)
2005-08-23,550.0,,0.1,22.9,0.5,22.8,1,Janmashtami (Vaishnava)
2005-08-24,550.0,,0.1,22.9,0.0,22.8,1,Janmashtami (Vaishnava)
2005-08-25,550.0,,5.2,22.9,3.4,22.7,1,Janmashtami (Vaishnava)
2005-08-26,550.0,,0.2,23.0,0.3,22.8,1,Janmashtami (Vaishnava)
2005-08-27,550.0,,0.2,23.2,0.7,22.9,1,Janmashtami (Vaishnava)
2005-08-28,550.0,,7.2,23.5,9.5,23.2,0,
2005-08-29,550.0,,5.9,23.3,5.1,23.0,0,
2005-08-30,550.0,,1.1,23.9,3.8,23.4,0,
2005-08-31,550.0,,12.7,23.0,12.6,22.6,0,
2005-09-01,559.0,,7.6,23.0,11.3,22.7,0,
2005-09-02,559.0,,8.8,23.3,9.7,22.9,0,
2005-09-03,559.0,,10.1,23.1,10.1,22.7,0,
2005-09-04,559.0,,27.8,23.2,13.3,23.0,0,
2005-09-05,559.0,,4.9,22.9,4.9,22.6,0,
2005-09-06,559.0,,6.0,22.8,3.6,22.5,0,
2005-09-07,559.0,,1.7,22.7,1.7,22.3,0,
2005-09-08,559.0,,0.6,23.0,0.4,22.6,0,
2005-09-09,559.0,,2.8,23.2,5.0,22.9,0,
2005-09-10,559.0,,1.5,23.1,4.5,22.9,0,
2005-09-11,559.0,,0.7,23.0,1.1,22.8,0,
2005-09-12,559.0,,1.2,22.8,1.0,22.7,0,
2005-09-13,559.0,,1.0,23.0,0.4,22.9,0,
2005-09-14,559.0,,0.5,23.1,0.7,22.9,0,
2005-09-15,559.0,,0.4,23.1,0.9,22.8,0,
2005-09-16,559.0,,0.2,23.1,0.1,22.8,0,
2005-09-17,559.0,,0.2,22.6,0.2,22.3,0,
2005-09-18,559.0,,0.5,22.5,0.1,22.3,0,
2005-09-19,559.0,,3.4,21.3,2.0,21.1,0,
2005-09-20,559.0,,1.4,22.2,0.7,22.0,0,
2005-09-21,559.0,,0.1,23.2,0.1,23.0,0,
2005-09-22,559.0,,0.0,23.1,0.0,22.8,1,Mahatma Gandhi's Birthday
2005-09-23,559.0,,0.0,23.1,0.0,22.8,1,Mahatma Gandhi's Birthday
2005-09-24,559.0,,0.6,22.7,0.4,22.4,1,Mahatma Gandhi's Birthday
2005-09-25,559.0,,0.0,23.1,0.0,22.8,1,Mahatma Gandhi's Birthday
2005-09-26,559.0,,0.0,22.8,0.0,22.5,1,Mahatma Gandhi's Birthday
2005-09-27,559.0,,0.3,22.9,0.5,22.7,1,Mahatma Gandhi's Birthday
2005-09-28,559.0,,0.4,23.0,1.2,22.7,1,Mahatma Gandhi's Birthday
2005-09-29,559.0,,0.0,23.2,0.6,22.9,1,Mahatma Gandhi's Birthday
2005-09-30,559.0,,0.0,23.7,0.0,23.5,1,Mahatma Gandhi's Birthday
2005-10-01,587.0,,0.0,22.9,0.0,22.8,1,Mahatma Gandhi's Birthday
2005-10-02,587.0,,6.8,22.8,9.0,22.5,1,Mahatma Gandhi's Birthday
2005-10-03,587.0,,3.0,22.8,9.4,22.2,1,Dussehra
2005-10-04,587.0,,0.4,23.0,3.7,22.5,1,Dussehra
2005-10-05,587.0,,6.7,23.2,9.8,22.7,1,Dussehra
2005-10-06,587.0,,1.6,23.6,4.5,23.3,1,Dussehra
2005-10-07,587.0,,1.0,24.0,1.5,23.6,1,Dussehra
2005-10-08,587.0,,10.6,23.4,13.8,22.9,1,Dussehra
2005-10-09,587.0,,3.3,23.2,7.2,22.8,1,Dussehra
2005-10-10,587.0,,8.4,22.7,9.5,22.4,1,Dussehra
2005-10-11,587.0,,18.6,22.5,20.9,22.1,1,Dussehra
2005-10-12,587.0,,15.4,22.2,12.2,21.7,1,Dussehra
2005-10-13,587.0,,17.1,21.4,15.8,21.0,0,
2005-10-14,587.0,,45.8,21.3,54.0,21.0,0,
2005-10-15,587.0,,0.4,22.9,0.7,22.6,0,
2005-10-16,587.0,,0.1,22.8,0.0,22.7,0,
2005-10-17,587.0,,5.8,23.0,9.0,22.9,0,
2005-10-18,587.0,,19.1,22.8,21.4,22.4,0,
2005-10-19,587.0,,16.8,21.9,19.4,21.4,0,
2005-10-20,587.0,,1.5,22.8,1.1,22.5,0,
2005-10-21,587.0,,0.3,22.6,0.6,22.4,0,
2005-10-22,587.0,,2.1,23.2,1.8,23.0,1,Diwali (Deepavali)
2005-10-23,587.0,,1.4,22.9,0.4,22.5,1,Diwali (Deepavali)
2005-10-24,587.0,,11.3,22.0,14.1,21.9,1,Diwali (Deepavali)
2005-10-25,587.0,,0.2,22.5,0.9,22.1,1,Diwali (Deepavali)
2005-10-26,587.0,,5.1,22.0,16.8,21.5,1,Diwali (Deepavali)
2005-10-27,587.0,,19.1,20.7,20.7,20.3,1,Diwali (Deepavali)
2005-10-28,587.0,,2.3,20.4,6.7,19.9,1,Diwali (Deepavali)
2005-10-29,587.0,,1.3,21.6,1.4,21.2,1,Diwali (Deepavali)
2005-10-30,587.0,,0.5,22.2,0.8,21.8,1,Diwali (Deepavali)
2005-10-31,587.0,,3.9,22.5,4.1,22.3,1,Diwali (Deepavali)
2005-11-01,582.0,,4.7,22.5,3.5,22.3,1,Diwali (Deepavali)
2005-11-02,582.0,,10.6,22.0,15.0,21.7,1,Eid al-Fitr
2005-11-03,582.0,,10.5,21.7,14.0,21.5,1,Eid al-Fitr
2005-11-04,582.0,,0.5,22.0,0.8,21.7,1,Eid al-Fitr
2005-11-05,582.0,,3.5,21.6,1.7,21.4,1,Guru Nanak's Birthday
2005-11-06,582.0,,1.7,21.4,2.0,21.1,1,Guru Nanak's Birthday
2005-11-07,582.0,,0.0,21.1,0.0,20.8,1,Guru Nanak's Birthday
2005-11-08,582.0,,0.9,21.3,1.2,21.1,1,Guru Nanak's Birthday
2005-11-09,582.0,,0.2,20.9,1.3,20.6,1,Guru Nanak's Birthday
2005-11-10,582.0,,0.2,21.8,0.0,21.6,1,Guru Nanak's Birthday
2005-11-11,582.0,,0.3,21.4,0.3,21.2,1,Guru Nanak's Birthday
2005-11-12,582.0,,0.7,21.8,0.4,21.5,1,Guru Nanak's Birthday
2005-11-13,582.0,,0.0,19.8,0.0,19.5,1,Guru Nanak's Birthday
2005-11-14,582.0,,0.0,19.8,0.0,19.3,1,Guru Nanak's Birthday
2005-11-15,582.0,,0.0,19.5,0.0,18.9,1,Guru Nanak's Birthday
2005-11-16,582.0,,0.0,19.9,0.0,19.4,0,
2005-11-17,582.0,,0.0,19.5,0.0,19.0,0,
2005-11-18,582.0,,0.0,19.4,0.0,18.9,0,
2005-11-19,582.0,,0.0,19.0,0.0,18.5,0,
2005-11-20,582.0,,0.0,19.4,0.0,18.7,0,
2005-11-21,582.0,,0.0,19.6,0.0,19.1,0,
2005-11-22,582.0,,6.4,20.0,8.8,19.6,0,
2005-11-23,582.0,,2.3,21.0,2.7,20.8,0,
2005-11-24,582.0,,0.0,21.2,0.0,20.8,0,
2005-11-25,582.0,,12.0,20.8,9.5,20.6,0,
2005-11-26,582.0,,0.0,21.3,0.5,21.0,0,
2005-11-27,582.0,,0.7,21.3,1.0,20.9,0,
2005-11-28,582.0,,0.0,21.2,0.0,20.8,0,
2005-11-29,582.0,,0.0,19.7,0.0,19.4,0,
2005-11-30,582.0,,0.0,19.9,0.0,19.3,0,
2005-12-01,553.0,,0.0,20.4,0.0,20.2,0,
2005-12-02,553.0,,0.0,21.2,0.0,21.1,0,
2005-12-03,553.0,,5.8,21.1,8.3,20.7,0,
2005-12-04,553.0,,10.1,20.0,15.0,19.6,0,
2005-12-05,553.0,,0.2,21.7,0.3,21.4,0,
2005-12-06,553.0,,0.0,21.0,0.0,20.6,0,
2005-12-07,553.0,,0.0,20.8,0.0,20.5,0,
2005-12-08,553.0,,0.0,19.7,0.0,19.4,0,
2005-12-09,553.0,,0.0,19.1,0.0,19.0,0,
2005-12-10,553.0,,0.0,21.5,0.1,21.0,0,
2005-12-11,553.0,,0.3,21.4,1.0,21.0,0,
2005-12-12,553.0,,0.0,21.7,0.0,21.3,0,
2005-12-13,553.0,,0.0,20.3,0.0,19.8,0,
2005-12-14,553.0,,0.0,21.4,0.0,21.0,0,
2005-12-15,553.0,,0.0,20.7,0.0,20.4,1,Christmas
2005-12-16,553.0,,0.0,19.6,0.0,18.8,1,Christmas
2005-12-17,553.0,,0.0,19.5,0.0,18.9,1,Christmas
2005-12-18,553.0,,0.0,20.2,0.0,19.9,1,Christmas
2005-12-19,553.0,,0.0,21.4,0.0,21.1,1,Christmas
2005-12-20,553.0,,0.0,21.6,0.0,21.3,1,Christmas
2005-12-21,553.0,,0.0,20.8,0.0,20.6,1,Christmas
2005-12-22,553.0,,0.0,21.1,0.0,20.8,1,Christmas
2005-12-23,553.0,,0.0,21.7,0.0,21.4,1,Christmas
2005-12-24,553.0,,0.0,21.0,0.0,20.9,1,Christmas
2005-12-25,553.0,,0.0,21.4,0.0,21.2,1,Christmas
2005-12-26,553.0,,0.0,20.1,0.0,19.8,0,
2005-12-27,553.0,,0.0,19.2,0.0,18.9,0,
2005-12-28,553.0,,0.0,18.8,0.0,18.5,0,
2005-12-29,553.0,,0.0,19.3,0.0,19.1,0,
2005-12-30,553.0,,0.0,19.2,0.0,18.8,0,
2005-12-31,553.0,,0.0,18.5,0.0,18.3,0,
2006-01-01,569.0,,0.0,19.0,0.0,18.7,1,Eid al-Adha
2006-01-02,569.0,,0.0,19.1,0.0,18.5,1,Eid al-Adha
2006-01-03,569.0,,0.0,19.5,0.0,19.1,1,Eid al-Adha
2006-01-04,569.0,,0.0,19.9,0.0,19.4,1,Eid al-Adha
2006-01-05,569.0,,0.0,20.5,0.0,20.3,1,Eid al-Adha
2006-01-06,569.0,,0.0,21.2,0.0,20.9,1,Eid al-Adha
2006-01-07,569.0,,0.0,21.0,0.0,20.7,1,Eid al-Adha
2006-01-08,569.0,,0.1,21.7,0.2,21.5,1,Eid al-Adha
2006-01-09,569.0,,0.0,23.2,0.0,22.8,1,Eid al-Adha
2006-01-10,569.0,,0.0,22.7,0.0,22.4,1,Eid al-Adha
2006-01-11,569.0,,0.0,21.7,0.0,21.3,1,Eid al-Adha
2006-01-12,569.0,,0.0,21.5,0.0,21.1,0,
2006-01-13,569.0,,0.0,22.7,0.0,22.2,0,
2006-01-14,569.0,,0.0,22.4,0.0,22.1,0,
2006-01-15,569.0,,0.0,22.9,0.0,22.5,0,
2006-01-16,569.0,,0.0,23.9,0.0,23.5,1,Republic Day
2006-01-17,569.0,,0.0,24.0,0.0,23.7,1,Republic Day
2006-01-18,569.0,,0.0,23.3,0.0,23.0,1,Republic Day
2006-01-19,569.0,,0.0,22.4,0.0,22.0,1,Republic Day
2006-01-20,569.0,,0.0,22.2,0.0,22.0,1,Republic Day
2006-01-21,569.0,,0.0,22.3,0.0,22.1,1,Republic Day
2006-01-22,569.0,,0.0,22.4,0.0,22.1,1,Republic Day
2006-01-23,569.0,,0.0,22.8,0.0,22.3,1,Republic Day
2006-01-24,569.0,,0.0,23.3,0.0,23.1,1,Republic Day
2006-01-25,569.0,,0.0,22.1,0.0,21.9,1,Republic Day
2006-01-26,569.0,,0.0,21.5,0.0,21.3,1,Republic Day
2006-01-27,569.0,,0.0,21.3,0.0,21.2,0,
2006-01-28,569.0,,0.0,21.7,0.0,21.4,0,
2006-01-29,569.0,,0.0,21.4,0.0,21.1,0,
2006-01-30,569.0,,0.0,20.5,0.0,20.3,1,Ashura
2006-01-31,569.0,,0.0,20.8,0.0,20.6,1,Ashura
2006-02-01,591.0,,0.0,21.0,0.0,20.7,1,Ashura
2006-02-02,591.0,,0.0,21.6,0.0,21.2,1,Ashura
2006-02-03,591.0,,0.0,21.1,0.0,20.8,1,Ashura
2006-02-04,591.0,,0.0,22.6,0.0,22.6,1,Ashura
2006-02-05,591.0,,0.0,23.4,0.0,23.2,1,Ashura
2006-02-06,591.0,,0.0,22.2,0.0,22.1,1,Ashura
2006-02-07,591.0,,0.0,21.5,0.0,21.4,1,Ashura
2006-02-08,591.0,,0.0,21.1,0.0,21.0,1,Ashura
2006-02-09,591.0,,0.0,21.1,0.0,21.0,1,Ashura
2006-02-10,591.0,,0.0,20.9,0.0,20.7,0,
2006-02-11,591.0,,0.0,21.4,0.0,21.2,0,
2006-02-12,591.0,,0.0,21.0,0.0,21.2,0,
2006-02-13,591.0,,0.0,20.7,0.0,20.9,0,
2006-02-14,591.0,,0.0,21.1,0.0,21.1,0,
2006-02-15,591.0,,0.0,22.6,0.0,22.2,0,
2006-02-16,591.0,,0.0,24.0,0.0,23.9,1,Maha Shivaratri
2006-02-17,591.0,,0.0,24.2,0.0,23.9,1,Maha Shivaratri
2006-02-18,591.0,,0.0,25.5,0.0,25.2,1,Maha Shivaratri
2006-02-19,591.0,,0.0,24.7,0.0,24.5,1,Maha Shivaratri
2006-02-20,591.0,,0.0,25.0,0.0,24.9,1,Maha Shivaratri
2006-02-21,591.0,,0.0,24.7,0.0,24.6,1,Maha Shivaratri
2006-02-22,591.0,,0.0,24.2,0.0,24.0,1,Maha Shivaratri
2006-02-23,591.0,,0.0,24.3,0.0,24.2,1,Maha Shivaratri
2006-02-24,591.0,,0.0,24.0,0.0,23.8,1,Maha Shivaratri
2006-02-25,591.0,,0.0,23.7,0.0,23.5,1,Maha Shivaratri
2006-02-26,591.0,,0.0,23.8,0.0,23.6,1,Maha Shivaratri
2006-02-27,591.0,,0.0,24.1,0.0,24.2,0,
2006-02-28,591.0,,0.0,24.6,0.0,25.0,0,
2006-03-01,575.0,,0.0,26.1,0.0,26.0,0,
2006-03-02,575.0,,0.0,26.7,0.0,26.7,0,
2006-03-03,575.0,,3.8,25.4,3.8,25.3,0,
2006-03-04,575.0,,1.8,24.7,4.5,24.2,0,
2006-03-05,575.0,,13.9,24.2,13.1,23.9,1,Holi
2006-03-06,575.0,,17.2,23.6,25.5,23.2,1,Holi
2006-03-07,575.0,,1.6,23.8,4.2,23.3,1,Holi
2006-03-08,575.0,,0.0,24.2,0.0,24.1,1,Holi
2006-03-09,575.0,,19.4,22.5,23.0,22.3,1,Holi
2006-03-10,575.0,,3.6,22.2,4.2,22.0,1,Holi
2006-03-11,575.0,,0.0,22.6,0.2,22.6,1,Holi
2006-03-12,575.0,,0.0,21.7,0.0,21.7,1,Holi
2006-03-13,575.0,,0.0,21.5,0.0,21.4,1,Holi
2006-03-14,575.0,,0.0,22.0,0.0,22.0,1,Holi
2006-03-15,575.0,,0.0,22.9,0.0,22.7,1,Holi
2006-03-16,575.0,,0.0,23.7,0.0,23.5,0,
2006-03-17,575.0,,0.0,23.9,0.0,23.8,0,
2006-03-18,575.0,,0.0,24.2,0.0,24.1,0,
2006-03-19,575.0,,0.0,25.9,0.0,25.5,0,
2006-03-20,575.0,,0.0,26.0,0.0,25.5,0,
2006-03-21,575.0,,0.0,25.9,0.0,25.5,0,
2006-03-22,575.0,,0.0,26.4,0.0,26.2,0,
2006-03-23,575.0,,0.0,27.0,0.0,26.6,0,
2006-03-24,575.0,,0.0,26.8,0.0,26.7,0,
2006-03-25,575.0,,0.0,27.0,0.0,26.7,0,
2006-03-26,575.0,,0.0,27.3,0.0,26.9,0,
2006-03-27,575.0,,0.0,27.0,0.0,26.6,1,Ram Navami
2006-03-28,575.0,,0.0,27.5,0.0,27.3,1,Ram Navami
2006-03-29,575.0,,0.0,27.2,0.0,27.0,1,Ram Navami
2006-03-30,575.0,,0.0,26.3,0.0,26.3,1,Ram Navami
2006-03-31,575.0,,0.0,27.2,0.0,27.2,1,Ram Navami
2006-04-01,578.0,,0.0,27.3,0.0,27.0,1,Ram Navami
2006-04-02,578.0,,0.0,27.3,0.0,27.1,1,Ram Navami
2006-04-03,578.0,,0.0,26.9,0.7,26.6,1,Ram Navami
2006-04-04,578.0,,0.0,28.1,0.0,27.7,1,Dr. B. R. Ambedkar's Birthday; Good Friday
2006-04-05,578.0,,0.0,27.8,0.0,27.5,1,Dr. B. R. Ambedkar's Birthday; Good Friday
2006-04-06,578.0,,0.0,27.8,0.0,27.7,1,Dr. B. R. Ambedkar's Birthday; Good Friday
2006-04-07,578.0,,0.0,28.4,0.0,28.3,1,Dr. B. R. Ambedkar's Birthday; Good Friday
2006-04-08,578.0,,0.0,27.7,0.0,27.4,1,Dr. B. R. Ambedkar's Birthday; Good Friday
2006-04-09,578.0,,0.0,27.7,0.0,27.6,1,Dr. B. R. Ambedkar's Birthday; Good Friday
2006-04-10,578.0,,0.0,27.6,0.0,27.5,1,Dr. B. R. Ambedkar's Birthday; Good Friday
2006-04-11,578.0,,0.0,27.8,0.0,27.8,1,Dr. B. R. Ambedkar's Birthday; Good Friday
2006-04-12,578.0,,0.0,28.2,0.0,28.0,1,Dr. B. R. Ambedkar's Birthday; Good Friday
2006-04-13,578.0,,0.0,28.1,0.0,27.9,1,Dr. B. R. Ambedkar's Birthday; Good Friday
2006-04-14,578.0,,0.0,28.2,0.0,27.9,1,Dr. B. R. Ambedkar's Birthday; Good Friday
2006-04-15,578.0,,0.0,27.6,0.0,27.4,0,
2006-04-16,578.0,,1.3,25.4,4.5,24.9,0,
2006-04-17,578.0,,2.3,25.3,8.7,24.7,0,
2006-04-18,578.0,,0.0,25.8,0.2,25.1,0,
2006-04-19,578.0,,0.0,26.9,0.0,26.1,0,
2006-04-20,578.0,,0.0,26.6,0.1,26.1,0,
2006-04-21,578.0,,0.0,27.3,0.0,26.9,0,
2006-04-22,578.0,,0.0,27.4,0.0,27.1,0,
2006-04-23,578.0,,0.0,27.9,0.0,27.4,0,
2006-04-24,578.0,,0.0,28.8,0.0,28.6,0,
2006-04-25,578.0,,0.0,28.5,0.0,28.4,0,
2006-04-26,578.0,,0.0,28.6,0.0,28.4,0,
2006-04-27,578.0,,0.0,28.5,0.0,28.3,0,
2006-04-28,578.0,,0.0,28.3,0.0,28.3,0,
2006-04-29,578.0,,0.0,27.7,0.0,27.8,0,
2006-04-30,578.0,,0.0,27.9,0.0,27.8,0,
2006-05-01,583.0,,0.0,28.4,0.0,28.4,0,
2006-05-02,583.0,,0.0,28.8,0.0,28.8,0,
2006-05-03,583.0,,0.0,28.4,0.0,28.4,1,Buddha Purnima
2006-05-04,583.0,,0.6,28.1,0.0,28.3,1,Buddha Purnima
2006-05-05,583.0,,0.2,27.3,0.6,27.3,1,Buddha Purnima
2006-05-06,583.0,,0.2,27.7,0.1,27.6,1,Buddha Purnima
2006-05-07,583.0,,1.8,27.4,0.8,27.4,1,Buddha Purnima
2006-05-08,583.0,,0.5,27.5,0.2,27.6,1,Buddha Purnima
2006-05-09,583.0,,0.1,28.3,0.5,28.3,1,Buddha Purnima
2006-05-10,583.0,,8.8,26.8,9.4,26.6,1,Buddha Purnima
2006-05-11,583.0,,3.8,26.7,1.5,26.4,1,Buddha Purnima
2006-05-12,583.0,,0.1,27.6,0.2,27.5,1,Buddha Purnima
2006-05-13,583.0,,0.0,27.5,0.0,27.4,1,Buddha Purnima
2006-05-14,583.0,,0.0,27.6,0.0,27.4,0,
2006-05-15,583.0,,0.0,27.8,0.0,27.7,0,
2006-05-16,583.0,,0.2,27.8,0.0,27.6,0,
2006-05-17,583.0,,0.2,28.0,0.4,27.9,0,
2006-05-18,583.0,,2.4,27.0,3.8,26.7,0,
2006-05-19,583.0,,0.9,25.7,1.8,25.7,0,
2006-05-20,583.0,,0.0,25.7,0.0,25.6,0,
2006-05-21,583.0,,0.0,25.6,0.0,25.6,0,
2006-05-22,583.0,,0.0,26.0,0.0,25.9,0,
2006-05-23,583.0,,0.3,25.8,0.1,25.7,0,
2006-05-24,583.0,,1.5,25.6,2.5,25.4,0,
2006-05-25,583.0,,5.5,24.7,2.3,24.5,0,
2006-05-26,583.0,,3.3,24.4,2.9,24.2,0,
2006-05-27,583.0,,0.7,23.8,3.4,23.5,0,
2006-05-28,583.0,,24.2,22.9,32.3,22.5,0,
2006-05-29,583.0,,9.4,22.4,6.3,22.4,0,
2006-05-30,583.0,,10.0,22.5,11.0,22.5,0,
2006-05-31,583.0,,10.7,22.0,3.4,22.1,0,
2006-06-01,575.0,,6.9,22.1,4.2,22.1,0,
2006-06-02,575.0,,13.6,22.3,14.3,22.3,0,
2006-06-03,575.0,,1.3,23.2,1.7,23.1,0,
2006-06-04,575.0,,0.9,23.1,0.1,23.1,0,
2006-06-05,575.0,,0.1,23.6,0.2,23.4,0,
2006-06-06,575.0,,0.4,23.8,0.7,23.6,0,
2006-06-07,575.0,,1.0,23.4,0.8,23.2,0,
2006-06-08,575.0,,0.2,23.5,0.2,23.4,0,
2006-06-09,575.0,,0.0,23.5,0.0,23.5,0,
2006-06-10,575.0,,2.5,23.2,1.5,23.0,0,
2006-06-11,575.0,,0.9,23.5,1.7,23.3,0,
2006-06-12,575.0,,0.0,24.2,0.0,24.1,0,
2006-06-13,575.0,,0.0,24.3,0.0,24.3,0,
2006-06-14,575.0,,0.0,24.6,0.0,24.7,0,
2006-06-15,575.0,,2.1,24.6,1.7,24.5,0,
2006-06-16,575.0,,4.5,24.2,7.5,24.0,0,
2006-06-17,575.0,,1.0,24.2,0.4,24.1,0,
2006-06-18,575.0,,0.8,24.7,0.9,24.6,0,
2006-06-19,575.0,,10.6,24.8,12.5,24.6,0,
2006-06-20,575.0,,7.1,23.9,7.6,23.8,0,
2006-06-21,575.0,,11.5,23.7,8.7,23.6,0,
2006-06-22,575.0,,1.6,24.0,3.6,23.7,0,
2006-06-23,575.0,,2.1,23.8,7.2,23.5,0,
2006-06-24,575.0,,1.0,23.5,0.4,23.4,0,
2006-06-25,575.0,,8.4,22.5,3.3,22.6,0,
2006-06-26,575.0,,13.7,21.9,13.4,21.5,0,
2006-06-27,575.0,,2.8,23.4,1.9,23.3,0,
2006-06-28,575.0,,4.5,23.1,6.8,22.9,0,
2006-06-29,575.0,,1.9,23.6,0.8,23.6,0,
2006-06-30,575.0,,0.9,23.5,1.7,23.3,0,
2006-07-01,583.0,,0.3,23.7,0.0,23.6,0,
2006-07-02,583.0,,3.5,23.0,1.8,23.0,0,
2006-07-03,583.0,,3.7,23.3,1.4,23.3,0,
2006-07-04,583.0,,2.6,23.0,0.4,23.1,0,
2006-07-05,583.0,,0.2,23.5,0.0,23.5,0,
2006-07-06,583.0,,0.7,23.2,0.1,23.2,0,
2006-07-07,583.0,,1.0,23.5,0.9,23.4,0,
2006-07-08,583.0,,0.1,23.6,0.2,23.5,0,
2006-07-09,583.0,,0.2,23.8,0.4,23.7,0,
2006-07-10,583.0,,0.4,23.5,0.4,23.4,0,
2006-07-11,583.0,,0.1,23.2,0.8,23.2,0,
2006-07-12,583.0,,3.2,23.2,6.7,23.0,0,
2006-07-13,583.0,,4.5,22.9,7.5,22.7,0,
2006-07-14,583.0,,2.0,23.4,2.0,23.3,0,
2006-07-15,583.0,,1.5,23.5,2.0,23.4,0,
2006-07-16,583.0,,0.5,23.5,0.9,23.4,0,
2006-07-17,583.0,,0.0,23.2,0.4,23.2,0,
2006-07-18,583.0,,0.0,23.4,0.4,23.3,0,
2006-07-19,583.0,,0.6,22.1,0.4,22.2,0,
2006-07-20,583.0,,0.2,23.1,0.5,23.0,0,
2006-07-21,583.0,,0.5,23.1,0.7,23.0,0,
2006-07-22,583.0,,0.3,23.1,0.4,23.1,0,
2006-07-23,583.0,,0.4,23.6,0.2,23.5,0,
2006-07-24,583.0,,0.0,23.4,0.0,23.3,0,
2006-07-25,583.0,,0.3,23.6,0.7,23.5,0,
2006-07-26,583.0,,1.7,23.4,5.4,22.9,0,
2006-07-27,583.0,,8.8,21.7,5.5,21.4,0,
2006-07-28,583.0,,0.7,22.5,3.1,22.3,0,
2006-07-29,583.0,,0.0,23.1,0.0,23.0,0,
2006-07-30,583.0,,0.0,23.0,0.0,22.9,0,
2006-07-31,583.0,,0.5,23.1,1.4,23.0,0,
2006-08-01,606.0,,0.0,23.4,0.1,23.3,0,
2006-08-02,606.0,,0.0,23.2,0.1,23.1,0,
2006-08-03,606.0,,0.0,22.5,0.0,22.3,0,
2006-08-04,606.0,,0.4,22.4,0.5,22.3,0,
2006-08-05,606.0,,0.1,23.0,1.4,22.8,1,Independence Day
2006-08-06,606.0,,0.4,23.0,0.8,23.0,1,Independence Day
2006-08-07,606.0,,0.1,23.7,0.0,23.6,1,Independence Day
2006-08-08,606.0,,1.7,23.1,2.7,23.0,1,Independence Day
2006-08-09,606.0,,1.3,23.2,4.3,22.9,1,Independence Day
2006-08-10,606.0,,0.0,23.3,0.0,23.1,1,Independence Day
2006-08-11,606.0,,16.2,21.9,19.9,21.8,1,Independence Day
2006-08-12,606.0,,3.3,22.4,3.7,22.3,1,Independence Day
2006-08-13,606.0,,4.4,22.7,4.7,22.6,1,Independence Day
2006-08-14,606.0,,0.2,23.4,0.4,23.4,1,Independence Day
2006-08-15,606.0,,4.4,22.8,9.4,22.6,1,Independence Day
2006-08-16,606.0,,1.1,23.1,1.9,22.9,1,Janmashtami (Vaishnava)
2006-08-17,606.0,,1.3,22.7,1.9,22.6,0,
2006-08-18,606.0,,2.0,23.3,3.3,23.0,0,
2006-08-19,606.0,,1.6,23.5,0.4,23.3,0,
2006-08-20,606.0,,1.8,23.4,1.8,23.1,0,
2006-08-21,606.0,,3.9,23.0,4.3,22.8,0,
2006-08-22,606.0,,0.8,23.2,0.5,23.0,0,
2006-08-23,606.0,,0.0,23.3,0.0,23.2,0,
2006-08-24,606.0,,0.0,23.9,0.0,23.7,0,
2006-08-25,606.0,,0.0,24.2,0.0,24.1,0,
2006-08-26,606.0,,0.0,23.7,0.0,23.7,0,
2006-08-27,606.0,,0.0,23.4,0.0,23.3,0,
2006-08-28,606.0,,0.0,23.2,0.3,23.1,0,
2006-08-29,606.0,,0.0,23.1,0.0,23.0,0,
2006-08-30,606.0,,0.9,23.4,1.0,23.1,0,
2006-08-31,606.0,,1.0,23.8,0.7,23.5,0,
2006-09-01,609.0,,5.1,23.5,6.1,23.2,0,
2006-09-02,609.0,,0.0,24.5,0.0,24.3,0,
2006-09-03,609.0,,0.0,24.8,0.0,24.7,0,
2006-09-04,609.0,,0.0,24.7,0.3,24.5,0,
2006-09-05,609.0,,0.0,24.5,0.0,24.3,0,
2006-09-06,609.0,,0.3,25.1,0.8,24.9,0,
2006-09-07,609.0,,20.8,23.9,20.6,23.6,0,
2006-09-08,609.0,,3.4,24.0,3.5,23.9,0,
2006-09-09,609.0,,24.3,23.9,28.4,23.9,0,
2006-09-10,609.0,,5.0,23.8,3.7,23.6,0,
2006-09-11,609.0,,18.8,23.3,13.0,23.0,0,
2006-09-12,609.0,,5.4,23.3,4.9,23.1,0,
2006-09-13,609.0,,0.0,23.7,3.7,23.5,0,
2006-09-14,609.0,,12.2,22.8,15.4,22.4,0,
2006-09-15,609.0,,14.1,21.8,10.3,21.6,0,
2006-09-16,609.0,,23.7,21.6,19.6,21.4,0,
2006-09-17,609.0,,1.3,22.6,0.8,22.4,0,
2006-09-18,609.0,,0.7,22.8,1.7,22.6,0,
2006-09-19,609.0,,0.2,22.8,0.3,22.7,0,
2006-09-20,609.0,,0.1,22.8,0.7,22.6,0,
2006-09-21,609.0,,0.9,23.0,1.3,22.8,0,
2006-09-22,609.0,,0.1,23.6,0.2,23.4,1,Dussehra; Mahatma Gandhi's Birthday
2006-09-23,609.0,,4.7,23.1,3.2,22.8,1,Dussehra; Mahatma Gandhi's Birthday
2006-09-24,609.0,,4.3,22.8,2.2,22.5,1,Dussehra; Mahatma Gandhi's Birthday
2006-09-25,609.0,,2.9,22.8,4.9,22.5,1,Dussehra; Mahatma Gandhi's Birthday
2006-09-26,609.0,,1.7,22.8,5.2,22.5,1,Dussehra; Mahatma Gandhi's Birthday
2006-09-27,609.0,,0.0,23.1,0.0,22.8,1,Dussehra; Mahatma Gandhi's Birthday
2006-09-28,609.0,,0.0,22.9,0.0,22.8,1,Dussehra; Mahatma Gandhi's Birthday
2006-09-29,609.0,,1.4,23.0,2.5,22.7,1,Dussehra; Mahatma Gandhi's Birthday
2006-09-30,609.0,,4.1,23.0,1.7,22.8,1,Dussehra; Mahatma Gandhi's Birthday
2006-10-01,626.0,,0.9,23.3,1.4,22.9,1,Dussehra; Mahatma Gandhi's Birthday
2006-10-02,626.0,,1.2,23.2,0.8,22.9,1,Dussehra; Mahatma Gandhi's Birthday
2006-10-03,626.0,,0.5,23.3,0.2,23.1,0,
2006-10-04,626.0,,0.6,23.0,2.4,22.7,0,
2006-10-05,626.0,,0.4,23.4,0.4,23.2,0,
2006-10-06,626.0,,1.3,23.5,1.5,23.2,0,
2006-10-07,626.0,,8.2,22.6,9.3,22.3,0,
2006-10-08,626.0,,10.6,22.4,12.5,22.1,0,
2006-10-09,626.0,,11.4,22.7,11.7,22.4,0,
2006-10-10,626.0,,0.3,22.8,0.3,22.5,0,
2006-10-11,626.0,,4.3,22.8,2.5,22.7,1,Diwali (Deepavali)
2006-10-12,626.0,,0.0,23.3,0.1,23.1,1,Diwali (Deepavali)
2006-10-13,626.0,,0.0,24.0,0.0,23.7,1,Diwali (Deepavali)
2006-10-14,626.0,,0.0,23.3,0.0,23.2,1,Diwali (Deepavali)
2006-10-15,626.0,,0.0,23.6,0.0,23.5,1,Diwali (Deepavali)
2006-10-16,626.0,,0.0,23.8,0.4,23.5,1,Diwali (Deepavali)
2006-10-17,626.0,,0.4,23.4,0.7,23.1,1,Diwali (Deepavali)
2006-10-18,626.0,,1.3,23.5,1.4,23.3,1,Diwali (Deepavali)
2006-10-19,626.0,,3.7,23.3,5.1,23.0,1,Diwali (Deepavali)
2006-10-20,626.0,,0.1,23.8,0.4,23.5,1,Diwali (Deepavali)
2006-10-21,626.0,,0.3,23.4,1.0,23.0,1,Diwali (Deepavali)
2006-10-22,626.0,,0.0,23.7,0.0,23.6,1,Eid al-Fitr
2006-10-23,626.0,,0.0,23.3,0.0,23.2,1,Eid al-Fitr
2006-10-24,626.0,,0.0,23.5,0.0,23.2,1,Eid al-Fitr
2006-10-25,626.0,,0.7,23.3,0.8,23.0,1,Eid al-Fitr
2006-10-26,626.0,,6.9,22.6,6.0,22.3,1,Guru Nanak's Birthday
2006-10-27,626.0,,4.4,22.3,5.6,21.9,1,Guru Nanak's Birthday
2006-10-28,626.0,,8.2,21.2,11.9,20.9,1,Guru Nanak's Birthday
2006-10-29,626.0,,1.8,21.6,5.6,20.9,1,Guru Nanak's Birthday
2006-10-30,626.0,,0.1,23.3,0.3,22.6,1,Guru Nanak's Birthday
2006-10-31,626.0,,0.1,23.0,0.5,22.4,1,Guru Nanak's Birthday
2006-11-01,656.0,,16.5,22.4,15.3,22.1,1,Guru Nanak's Birthday
2006-11-02,656.0,,3.6,22.7,6.8,22.4,1,Guru Nanak's Birthday
2006-11-03,656.0,,16.0,22.3,14.4,22.0,1,Guru Nanak's Birthday
2006-11-04,656.0,,5.7,22.2,8.2,21.7,1,Guru Nanak's Birthday
2006-11-05,656.0,,7.8,22.2,3.5,22.0,1,Guru Nanak's Birthday
2006-11-06,656.0,,8.7,21.8,9.4,21.6,0,
2006-11-07,656.0,,14.6,21.1,14.1,20.8,0,
2006-11-08,656.0,,0.9,21.5,2.9,21.1,0,
2006-11-09,656.0,,2.1,21.5,6.6,21.1,0,
2006-11-10,656.0,,0.1,21.3,0.4,21.0,0,
2006-11-11,656.0,,0.0,21.3,0.0,21.3,0,
2006-11-12,656.0,,0.0,21.6,0.0,21.4,0,
2006-11-13,656.0,,0.0,21.7,0.0,21.5,0,
2006-11-14,656.0,,1.8,22.0,2.3,21.7,0,
2006-11-15,656.0,,1.9,22.0,2.7,21.7,0,
2006-11-16,656.0,,1.5,21.8,5.5,21.4,0,
2006-11-17,656.0,,1.3,22.2,0.9,21.9,0,
2006-11-18,656.0,,67.6,21.7,49.2,21.3,0,
2006-11-19,656.0,,14.1,22.2,12.0,21.8,0,
2006-11-20,656.0,,8.0,22.0,4.8,21.6,0,
2006-11-21,656.0,,0.0,22.1,0.0,21.9,0,
2006-11-22,656.0,,0.2,22.1,0.2,21.9,0,
2006-11-23,656.0,,2.8,22.4,2.5,22.2,0,
2006-11-24,656.0,,1.0,22.2,0.2,22.2,0,
2006-11-25,656.0,,0.0,22.3,0.0,22.1,0,
2006-11-26,656.0,,0.0,22.2,0.0,22.1,0,
2006-11-27,656.0,,1.2,22.6,2.7,22.4,0,
2006-11-28,656.0,,0.2,22.6,0.4,22.4,0,
2006-11-29,656.0,,0.0,22.5,0.0,22.3,0,
2006-11-30,656.0,,0.0,21.8,0.0,21.8,0,
2006-12-01,732.0,,0.0,20.8,0.0,20.8,0,
2006-12-02,732.0,,0.0,19.6,0.0,19.5,0,
2006-12-03,732.0,,0.0,20.4,0.0,20.5,0,
2006-12-04,732.0,,0.0,20.6,0.0,20.3,0,
2006-12-05,732.0,,0.0,20.3,0.0,20.4,0,
2006-12-06,732.0,,0.0,20.5,0.0,20.6,0,
2006-12-07,732.0,,0.0,19.8,0.0,19.9,0,
2006-12-08,732.0,,0.0,20.0,0.0,20.0,0,
2006-12-09,732.0,,0.0,19.6,0.0,19.6,0,
2006-12-10,732.0,,0.0,20.6,0.0,20.2,0,
2006-12-11,732.0,,1.2,22.1,1.3,21.9,0,
2006-12-12,732.0,,0.0,23.0,0.0,22.6,0,
2006-12-13,732.0,,0.0,23.1,0.0,22.8,0,
2006-12-14,732.0,,0.0,21.8,0.0,21.6,0,
2006-12-15,732.0,,0.0,20.8,0.0,20.6,1,Christmas
2006-12-16,732.0,,0.0,20.7,0.0,20.4,1,Christmas
2006-12-17,732.0,,0.0,19.8,0.0,19.5,1,Christmas
2006-12-18,732.0,,0.0,19.9,0.0,19.6,1,Christmas
2006-12-19,732.0,,0.0,20.1,0.0,19.8,1,Christmas
2006-12-20,732.0,,0.0,20.2,0.0,20.0,1,Christmas
2006-12-21,732.0,,0.0,20.8,0.0,20.7,1,Christmas
2006-12-22,732.0,,0.5,21.8,0.2,21.4,1,Christmas
2006-12-23,732.0,,0.0,21.4,0.0,21.0,1,Christmas
2006-12-24,732.0,,0.0,21.4,0.0,21.0,1,Christmas
2006-12-25,732.0,,0.0,20.4,0.0,20.3,1,Christmas
2006-12-26,732.0,,0.0,20.5,0.0,20.5,1,Eid al-Adha
2006-12-27,732.0,,0.0,20.2,0.0,20.2,1,Eid al-Adha
2006-12-28,732.0,,0.0,20.3,0.0,20.3,1,Eid al-Adha
2006-12-29,732.0,,0.0,19.7,0.0,19.3,1,Eid al-Adha
2006-12-30,732.0,,0.0,19.6,0.0,19.6,1,Eid al-Adha
2006-12-31,732.0,,0.0,20.1,0.0,20.2,1,Eid al-Adha
2007-01-01,731.0,,0.0,20.0,0.0,19.6,1,Eid al-Adha
2007-01-02,731.0,,0.0,20.2,0.0,20.2,0,
2007-01-03,731.0,,0.0,20.3,0.0,20.3,0,
2007-01-04,731.0,,0.0,20.6,0.0,20.5,0,
2007-01-05,731.0,,0.0,21.0,0.0,20.9,0,
2007-01-06,731.0,,0.0,21.1,0.0,21.2,0,
2007-01-07,731.0,,0.0,20.3,0.0,20.2,0,
2007-01-08,731.0,,0.0,20.3,0.0,20.2,0,
2007-01-09,731.0,,0.0,21.2,0.0,21.0,0,
2007-01-10,731.0,,0.0,21.5,0.0,21.3,0,
2007-01-11,731.0,,0.0,21.5,0.0,21.3,0,
2007-01-12,731.0,,0.0,22.3,0.0,22.1,0,
2007-01-13,731.0,,0.0,21.6,0.0,21.4,0,
2007-01-14,731.0,,0.0,20.9,0.0,20.7,0,
2007-01-15,731.0,,0.0,21.2,0.0,21.2,0,
2007-01-16,731.0,,0.0,22.5,0.0,22.5,1,Republic Day
2007-01-17,731.0,,0.0,22.4,0.0,22.5,1,Republic Day
2007-01-18,731.0,,0.0,22.2,0.0,22.1,1,Republic Day
2007-01-19,731.0,,0.0,21.0,0.0,21.1,1,Republic Day
2007-01-20,731.0,,0.0,21.5,0.0,21.3,1,Republic Day
2007-01-21,731.0,,0.0,22.1,0.0,22.2,1,Republic Day
2007-01-22,731.0,,0.0,21.9,0.0,22.1,1,Republic Day
2007-01-23,731.0,,0.0,22.4,0.0,22.6,1,Republic Day
2007-01-24,731.0,,0.0,22.7,0.0,22.6,1,Republic Day
2007-01-25,731.0,,0.0,22.4,0.0,22.3,1,Republic Day
2007-01-26,731.0,,0.0,22.5,0.0,22.4,1,Republic Day
2007-01-27,731.0,,0.0,23.6,0.0,23.4,1,Ashura
2007-01-28,731.0,,0.0,24.2,0.0,23.8,1,Ashura
2007-01-29,731.0,,0.0,23.6,0.0,23.3,1,Ashura
2007-01-30,731.0,,0.0,23.5,0.0,23.2,1,Ashura
2007-01-31,731.0,,0.0,23.1,0.0,22.8,0,
2007-02-01,763.0,,0.0,23.0,0.0,22.7,0,
2007-02-02,763.0,,0.0,22.9,0.0,22.8,0,
2007-02-03,763.0,,0.0,22.8,0.0,22.4,0,
2007-02-04,763.0,,0.0,23.3,0.0,22.9,0,
2007-02-05,763.0,,0.0,23.4,0.0,23.5,0,
2007-02-06,763.0,,0.0,23.8,0.0,23.7,1,Maha Shivaratri
2007-02-07,763.0,,0.0,23.5,0.0,23.5,1,Maha Shivaratri
2007-02-08,763.0,,0.0,23.4,0.0,23.9,1,Maha Shivaratri
2007-02-09,763.0,,0.0,23.4,0.0,23.3,1,Maha Shivaratri
2007-02-10,763.0,,0.0,22.5,0.0,22.5,1,Maha Shivaratri
2007-02-11,763.0,,0.0,23.2,0.0,23.3,1,Maha Shivaratri
2007-02-12,763.0,,0.0,23.8,0.0,24.0,1,Maha Shivaratri
2007-02-13,763.0,,0.0,22.8,0.0,23.0,1,Maha Shivaratri
2007-02-14,763.0,,0.0,22.0,0.0,22.2,1,Maha Shivaratri
2007-02-15,763.0,,0.0,22.8,0.0,22.6,1,Maha Shivaratri
2007-02-16,763.0,,0.0,22.7,0.0,22.9,1,Maha Shivaratri
2007-02-17,763.0,,0.0,23.1,0.0,23.3,0,
2007-02-18,763.0,,0.0,24.0,0.0,23.7,0,
2007-02-19,763.0,,0.4,24.4,0.0,24.0,0,
2007-02-20,763.0,,0.0,24.1,0.0,23.7,0,
2007-02-21,763.0,,0.0,23.1,0.0,22.8,0,
2007-02-22,763.0,,0.0,22.9,0.0,22.6,1,Holi
2007-02-23,763.0,,0.0,22.8,0.0,22.6,1,Holi
2007-02-24,763.0,,0.0,22.7,0.0,22.4,1,Holi
2007-02-25,763.0,,0.0,24.0,0.0,24.2,1,Holi
2007-02-26,763.0,,0.0,25.3,0.0,25.2,1,Holi
2007-02-27,763.0,,0.0,25.9,0.0,26.1,1,Holi
2007-02-28,763.0,,0.0,26.4,0.0,26.3,1,Holi
2007-03-01,769.0,,0.0,25.5,0.0,25.3,1,Holi
2007-03-02,769.0,,0.0,24.7,0.0,24.7,1,Holi
2007-03-03,769.0,,0.0,25.7,0.0,25.6,1,Holi
2007-03-04,769.0,,0.0,26.6,0.0,26.5,1,Holi
2007-03-05,769.0,,0.0,26.6,0.0,26.4,0,
2007-03-06,769.0,,0.0,26.9,0.0,26.7,0,
2007-03-07,769.0,,0.0,26.2,0.0,26.2,0,
2007-03-08,769.0,,0.0,26.2,0.0,26.2,0,
2007-03-09,769.0,,0.0,26.3,0.0,26.4,0,
2007-03-10,769.0,,0.0,26.5,0.0,26.4,0,
2007-03-11,769.0,,0.0,26.6,0.0,26.7,0,
2007-03-12,769.0,,0.0,26.4,0.0,26.6,0,
2007-03-13,769.0,,0.0,27.0,0.0,26.5,0,
2007-03-14,769.0,,0.0,26.6,0.0,26.8,0,
2007-03-15,769.0,,0.0,27.8,0.0,27.7,0,
2007-03-16,769.0,,0.0,27.7,0.0,27.4,1,Ram Navami
2007-03-17,769.0,,0.0,27.7,0.0,27.4,1,Ram Navami
2007-03-18,769.0,,0.0,27.6,0.0,27.6,1,Ram Navami
2007-03-19,769.0,,0.0,27.2,0.0,27.2,1,Ram Navami
2007-03-20,769.0,,0.0,27.6,0.0,27.4,1,Ram Navami
2007-03-21,769.0,,0.0,26.9,0.0,26.8,1,Ram Navami
2007-03-22,769.0,,0.0,27.1,0.0,26.9,1,Ram Navami
2007-03-23,769.0,,0.0,28.8,0.0,28.8,1,Ram Navami
2007-03-24,769.0,,0.0,28.1,0.0,28.1,1,Ram Navami
2007-03-25,769.0,,0.0,28.5,0.0,28.7,1,Ram Navami
2007-03-26,769.0,,0.0,27.4,0.0,27.8,1,Ram Navami
2007-03-27,769.0,,0.0,28.5,0.0,28.9,1,Mahavira's Birthday
2007-03-28,769.0,,0.0,28.8,0.0,28.9,1,Mahavira's Birthday
2007-03-29,769.0,,0.0,28.8,0.0,28.7,1,Mahavira's Birthday
2007-03-30,769.0,,0.0,28.3,0.0,28.1,1,Mahavira's Birthday
2007-03-31,769.0,,0.0,27.6,0.0,27.2,1,Mahavira's Birthday
2007-04-01,828.0,,0.0,28.3,0.0,28.1,1,Prophet's Birthday
2007-04-02,828.0,,0.0,29.3,0.0,29.2,1,Good Friday
2007-04-03,828.0,,0.0,29.3,0.0,29.3,1,Good Friday
2007-04-04,828.0,,0.0,29.6,0.0,29.6,1,Dr. B. R. Ambedkar's Birthday
2007-04-05,828.0,,0.0,29.9,0.0,29.5,1,Dr. B. R. Ambedkar's Birthday
2007-04-06,828.0,,0.0,28.8,0.0,28.5,1,Dr. B. R. Ambedkar's Birthday
2007-04-07,828.0,,0.0,28.7,0.0,28.6,1,Dr. B. R. Ambedkar's Birthday
2007-04-08,828.0,,0.0,28.7,0.0,28.2,1,Dr. B. R. Ambedkar's Birthday
2007-04-09,828.0,,0.0,28.8,0.0,28.7,1,Dr. B. R. Ambedkar's Birthday
2007-04-10,828.0,,0.2,28.9,0.0,29.0,1,Dr. B. R. Ambedkar's Birthday
2007-04-11,828.0,,1.6,27.5,0.6,27.5,1,Dr. B. R. Ambedkar's Birthday
2007-04-12,828.0,,4.1,26.9,7.3,26.7,1,Dr. B. R. Ambedkar's Birthday
2007-04-13,828.0,,0.4,27.2,1.6,27.0,1,Dr. B. R. Ambedkar's Birthday
2007-04-14,828.0,,0.4,27.5,0.6,27.0,1,Dr. B. R. Ambedkar's Birthday
2007-04-15,828.0,,0.0,27.2,0.1,26.8,0,
2007-04-16,828.0,,0.0,28.2,0.0,27.7,0,
2007-04-17,828.0,,1.7,26.6,3.8,26.2,0,
2007-04-18,828.0,,3.1,26.0,4.4,25.6,0,
2007-04-19,828.0,,2.5,26.2,4.9,25.8,0,
2007-04-20,828.0,,0.9,25.6,2.8,25.3,0,
2007-04-21,828.0,,2.7,25.8,3.5,25.4,0,
2007-04-22,828.0,,4.8,25.6,9.6,25.2,1,Buddha Purnima
2007-04-23,828.0,,1.0,26.6,0.9,26.3,1,Buddha Purnima
2007-04-24,828.0,,0.0,28.0,0.0,27.5,1,Buddha Purnima
2007-04-25,828.0,,0.0,28.7,0.0,28.0,1,Buddha Purnima
2007-04-26,828.0,,0.3,28.7,0.0,28.2,1,Buddha Purnima
2007-04-27,828.0,,0.0,28.5,0.0,28.0,1,Buddha Purnima
2007-04-28,828.0,,0.0,28.5,0.0,28.1,1,Buddha Purnima
2007-04-29,828.0,,1.6,27.7,1.7,27.4,1,Buddha Purnima
2007-04-30,828.0,,0.8,27.7,0.6,27.3,1,Buddha Purnima
2007-05-01,894.0,,2.5,27.6,6.8,27.0,1,Buddha Purnima
2007-05-02,894.0,,6.4,26.6,7.0,26.1,1,Buddha Purnima
2007-05-03,894.0,,7.1,26.3,11.0,25.7,0,
2007-05-04,894.0,,6.2,26.9,10.9,26.2,0,
2007-05-05,894.0,,2.3,26.9,3.3,26.5,0,
2007-05-06,894.0,,7.6,26.8,9.1,26.2,0,
2007-05-07,894.0,,3.0,26.1,3.0,25.6,0,
2007-05-08,894.0,,4.3,25.4,6.6,25.1,0,
2007-05-09,894.0,,0.7,25.8,0.2,25.5,0,
2007-05-10,894.0,,0.0,26.2,0.0,26.0,0,
2007-05-11,894.0,,0.0,26.3,0.0,26.0,0,
2007-05-12,894.0,,0.0,26.2,0.0,26.0,0,
2007-05-13,894.0,,0.1,26.6,0.0,26.4,0,
2007-05-14,894.0,,0.1,26.7,0.0,26.6,0,
2007-05-15,894.0,,0.0,26.4,0.0,26.2,0,
2007-05-16,894.0,,0.0,26.7,0.0,26.5,0,
2007-05-17,894.0,,0.0,27.1,0.0,26.9,0,
2007-05-18,894.0,,0.0,26.9,0.0,26.8,0,
2007-05-19,894.0,,0.2,27.3,3.1,26.8,0,
2007-05-20,894.0,,0.2,27.6,0.4,27.4,0,
2007-05-21,894.0,,0.0,27.6,0.1,27.3,0,
2007-05-22,894.0,,0.1,27.1,0.0,27.1,0,
2007-05-23,894.0,,0.0,27.9,0.1,27.8,0,
2007-05-24,894.0,,2.5,27.3,3.2,26.9,0,
2007-05-25,894.0,,5.7,26.2,6.7,25.7,0,
2007-05-26,894.0,,9.3,25.5,9.3,25.3,0,
2007-05-27,894.0,,5.2,24.9,6.2,24.6,0,
2007-05-28,894.0,,4.5,24.2,8.9,24.0,0,
2007-05-29,894.0,,6.3,23.4,6.8,23.2,0,
2007-05-30,894.0,,7.7,23.8,8.9,23.6,0,
2007-05-31,894.0,,0.3,25.2,0.3,25.1,0,
2007-06-01,979.0,,0.1,25.0,0.2,24.9,0,
2007-06-02,979.0,,0.8,25.3,0.1,25.1,0,
2007-06-03,979.0,,0.1,25.8,0.1,25.6,0,
2007-06-04,979.0,,0.2,26.2,0.4,26.1,0,
2007-06-05,979.0,,2.1,26.2,1.2,26.0,0,
2007-06-06,979.0,,2.4,26.1,4.9,25.8,0,
2007-06-07,979.0,,9.0,24.3,8.7,23.9,0,
2007-06-08,979.0,,11.0,24.8,10.9,24.6,0,
2007-06-09,979.0,,1.7,24.7,1.8,24.5,0,
2007-06-10,979.0,,6.7,24.6,2.9,24.3,0,
2007-06-11,979.0,,1.5,25.0,0.8,24.8,0,
2007-06-12,979.0,,7.1,24.9,5.8,24.5,0,
2007-06-13,979.0,,1.6,24.9,2.6,24.7,0,
2007-06-14,979.0,,3.3,24.5,2.8,24.1,0,
2007-06-15,979.0,,1.0,24.5,1.1,24.2,0,
2007-06-16,979.0,,1.8,24.1,6.4,23.7,0,
2007-06-17,979.0,,1.8,23.8,4.2,23.4,0,
2007-06-18,979.0,,7.8,23.6,6.8,23.4,0,
2007-06-19,979.0,,9.1,22.7,12.7,22.6,0,
2007-06-20,979.0,,11.1,22.2,9.8,21.9,0,
2007-06-21,979.0,,15.0,21.7,14.0,21.4,0,
2007-06-22,979.0,,18.0,22.5,11.9,22.2,0,
2007-06-23,979.0,,43.7,21.6,37.3,21.3,0,
2007-06-24,979.0,,11.8,22.5,6.3,22.4,0,
2007-06-25,979.0,,5.9,22.6,5.9,22.3,0,
2007-06-26,979.0,,1.8,23.0,1.4,22.7,0,
2007-06-27,979.0,,4.4,21.9,3.5,21.7,0,
2007-06-28,979.0,,6.1,22.1,3.7,22.0,0,
2007-06-29,979.0,,10.1,22.2,7.2,22.0,0,
2007-06-30,979.0,,7.3,22.6,8.0,22.5,0,
2007-07-01,929.0,,3.7,23.1,3.6,22.9,0,
2007-07-02,929.0,,2.8,23.2,1.8,23.1,0,
2007-07-03,929.0,,3.3,23.5,4.5,23.3,0,
2007-07-04,929.0,,1.3,23.1,1.6,23.0,0,
2007-07-05,929.0,,0.3,23.4,0.0,23.3,0,
2007-07-06,929.0,,0.1,23.4,0.8,23.3,0,
2007-07-07,929.0,,0.7,23.3,0.2,23.3,0,
2007-07-08,929.0,,0.6,23.0,0.7,22.8,0,
2007-07-09,929.0,,0.4,23.0,0.0,22.9,0,
2007-07-10,929.0,,0.8,23.2,1.3,23.1,0,
2007-07-11,929.0,,0.8,23.7,1.4,23.5,0,
2007-07-12,929.0,,2.7,23.6,4.0,23.5,0,
2007-07-13,929.0,,3.3,23.0,4.4,22.9,0,
2007-07-14,929.0,,1.7,23.3,1.1,23.2,0,
2007-07-15,929.0,,1.9,23.2,7.8,23.0,0,
2007-07-16,929.0,,4.8,22.7,7.2,22.5,0,
2007-07-17,929.0,,4.1,22.3,6.4,22.1,0,
2007-07-18,929.0,,0.9,23.2,0.6,23.1,0,
2007-07-19,929.0,,7.3,23.4,11.9,23.0,0,
2007-07-20,929.0,,7.6,23.2,7.1,23.0,0,
2007-07-21,929.0,,10.2,22.5,14.6,22.2,0,
2007-07-22,929.0,,2.8,22.0,10.1,21.8,0,
2007-07-23,929.0,,8.4,22.7,7.8,22.4,0,
2007-07-24,929.0,,12.7,23.0,11.2,22.7,0,
2007-07-25,929.0,,3.9,22.8,4.7,22.6,0,
2007-07-26,929.0,,9.9,23.1,11.7,22.8,0,
2007-07-27,929.0,,5.5,22.5,7.6,22.4,0,
2007-07-28,929.0,,1.9,22.7,2.6,22.4,0,
2007-07-29,929.0,,9.9,21.8,11.4,21.3,0,
2007-07-30,929.0,,7.8,22.0,9.4,21.7,0,
2007-07-31,929.0,,15.5,21.9,18.1,21.5,0,
2007-08-01,910.0,,1.8,22.2,7.7,21.8,0,
2007-08-02,910.0,,17.8,21.2,16.4,20.9,0,
2007-08-03,910.0,,7.0,22.1,6.8,21.9,0,
2007-08-04,910.0,,9.5,22.2,10.4,22.0,0,
2007-08-05,910.0,,27.0,21.1,25.0,20.9,1,Independence Day
2007-08-06,910.0,,25.1,21.1,25.0,20.8,1,Independence Day
2007-08-07,910.0,,10.5,21.3,10.2,21.0,1,Independence Day
2007-08-08,910.0,,1.4,22.5,1.4,22.4,1,Independence Day
2007-08-09,910.0,,2.2,22.7,3.0,22.6,1,Independence Day
2007-08-10,910.0,,2.3,22.3,1.6,22.2,1,Independence Day
2007-08-11,910.0,,0.4,22.5,0.2,22.3,1,Independence Day
2007-08-12,910.0,,0.1,22.6,0.1,22.4,1,Independence Day
2007-08-13,910.0,,0.3,23.0,0.4,22.7,1,Independence Day
2007-08-14,910.0,,0.0,22.7,0.0,22.5,1,Independence Day
2007-08-15,910.0,,1.4,22.5,0.6,22.2,1,Independence Day
2007-08-16,910.0,,0.0,23.0,0.0,22.8,0,
2007-08-17,910.0,,0.1,23.3,0.1,23.2,0,
2007-08-18,910.0,,0.7,23.0,0.1,22.8,0,
2007-08-19,910.0,,1.3,22.9,1.2,22.6,0,
2007-08-20,910.0,,2.3,22.9,6.6,22.6,0,
2007-08-21,910.0,,5.6,22.2,10.6,21.9,0,
2007-08-22,910.0,,9.2,22.3,14.9,22.0,0,
2007-08-23,910.0,,5.0,22.6,10.0,22.1,0,
2007-08-24,910.0,,10.3,22.6,9.0,22.3,0,
2007-08-25,910.0,,9.8,22.8,16.3,22.4,1,Janmashtami (Vaishnava)
2007-08-26,910.0,,7.8,22.8,7.8,22.5,1,Janmashtami (Vaishnava)
2007-08-27,910.0,,2.9,23.0,1.7,22.6,1,Janmashtami (Vaishnava)
2007-08-28,910.0,,4.3,23.2,3.4,22.9,1,Janmashtami (Vaishnava)
2007-08-29,910.0,,10.0,23.0,13.8,22.7,1,Janmashtami (Vaishnava)
2007-08-30,910.0,,6.3,22.3,8.7,21.9,1,Janmashtami (Vaishnava)
2007-08-31,910.0,,5.4,21.7,5.4,21.4,1,Janmashtami (Vaishnava)
2007-09-01,930.0,,3.0,21.5,1.5,21.4,1,Janmashtami (Vaishnava)
2007-09-02,930.0,,8.9,21.7,8.7,21.5,1,Janmashtami (Vaishnava)
2007-09-03,930.0,,21.3,21.0,14.5,20.9,1,Janmashtami (Vaishnava)
2007-09-04,930.0,,3.5,22.7,4.1,22.6,1,Janmashtami (Vaishnava)
2007-09-05,930.0,,1.8,23.3,2.1,23.1,0,
2007-09-06,930.0,,0.6,22.8,1.3,22.6,0,
2007-09-07,930.0,,0.0,23.0,0.3,22.8,0,
2007-09-08,930.0,,8.4,23.2,5.8,22.9,0,
2007-09-09,930.0,,10.5,23.0,10.9,22.8,0,
2007-09-10,930.0,,3.0,23.1,5.5,23.0,0,
2007-09-11,930.0,,21.3,23.3,15.0,23.1,0,
2007-09-12,930.0,,3.2,23.2,5.5,23.0,0,
2007-09-13,930.0,,4.5,23.3,8.2,23.0,0,
2007-09-14,930.0,,9.7,22.2,11.0,21.9,0,
2007-09-15,930.0,,0.4,22.7,0.3,22.4,0,
2007-09-16,930.0,,0.7,22.7,0.7,22.4,0,
2007-09-17,930.0,,5.3,22.4,4.3,22.1,0,
2007-09-18,930.0,,17.9,20.9,21.2,20.6,0,
2007-09-19,930.0,,1.3,21.7,1.1,21.6,0,
2007-09-20,930.0,,0.0,23.0,0.0,22.7,0,
2007-09-21,930.0,,0.0,23.1,0.0,22.8,0,
2007-09-22,930.0,,0.3,23.1,0.5,22.9,1,Mahatma Gandhi's Birthday
2007-09-23,930.0,,0.5,23.0,1.0,22.9,1,Mahatma Gandhi's Birthday
2007-09-24,930.0,,1.1,23.1,1.7,23.0,1,Mahatma Gandhi's Birthday
2007-09-25,930.0,,23.7,21.8,14.7,21.6,1,Mahatma Gandhi's Birthday
2007-09-26,930.0,,0.3,22.7,0.4,22.4,1,Mahatma Gandhi's Birthday
2007-09-27,930.0,,0.0,22.8,0.2,22.6,1,Mahatma Gandhi's Birthday
2007-09-28,930.0,,0.3,22.6,0.3,22.3,1,Mahatma Gandhi's Birthday
2007-09-29,930.0,,8.1,22.8,11.3,22.4,1,Mahatma Gandhi's Birthday
2007-09-30,930.0,,4.3,22.8,6.0,22.5,1,Mahatma Gandhi's Birthday
2007-10-01,1010.0,,11.3,22.0,13.4,21.7,1,Mahatma Gandhi's Birthday
2007-10-02,1010.0,,0.0,22.6,0.3,22.3,1,Mahatma Gandhi's Birthday
2007-10-03,1010.0,,0.9,22.5,1.2,22.2,0,
2007-10-04,1010.0,,1.7,22.4,1.2,22.1,1,Eid al-Fitr
2007-10-05,1010.0,,0.3,22.4,0.3,22.2,1,Eid al-Fitr
2007-10-06,1010.0,,0.0,22.0,0.0,21.8,1,Eid al-Fitr
2007-10-07,1010.0,,0.2,22.0,0.3,21.9,1,Eid al-Fitr
2007-10-08,1010.0,,1.6,21.7,1.8,21.5,1,Eid al-Fitr
2007-10-09,1010.0,,0.2,22.7,0.0,22.5,1,Eid al-Fitr
2007-10-10,1010.0,,0.4,23.4,0.0,23.3,1,Eid al-Fitr
2007-10-11,1010.0,,0.0,24.0,0.1,23.9,1,Dussehra
2007-10-12,1010.0,,0.0,24.2,0.2,24.2,1,Dussehra
2007-10-13,1010.0,,0.0,23.6,0.0,23.5,1,Dussehra
2007-10-14,1010.0,,0.0,23.4,0.0,22.9,1,Dussehra
2007-10-15,1010.0,,0.0,23.6,0.0,23.5,1,Dussehra
2007-10-16,1010.0,,0.0,23.2,0.1,23.2,1,Dussehra
2007-10-17,1010.0,,7.1,22.9,6.3,22.7,1,Dussehra
2007-10-18,1010.0,,6.7,22.4,8.0,22.3,1,Dussehra
2007-10-19,1010.0,,29.6,22.8,25.1,22.5,1,Dussehra
2007-10-20,1010.0,,22.8,22.3,20.9,22.0,1,Dussehra
2007-10-21,1010.0,,24.8,22.2,15.9,22.0,1,Dussehra
2007-10-22,1010.0,,14.5,21.3,12.6,21.0,0,
2007-10-23,1010.0,,21.9,21.0,16.6,20.8,0,
2007-10-24,1010.0,,17.1,21.4,11.9,21.1,0,
2007-10-25,1010.0,,2.5,22.1,1.5,21.9,0,
2007-10-26,1010.0,,12.0,21.5,11.2,21.1,0,
2007-10-27,1010.0,,11.1,21.8,5.5,21.4,0,
2007-10-28,1010.0,,3.5,21.5,3.0,21.0,0,
2007-10-29,1010.0,,4.4,20.8,5.8,20.5,0,
2007-10-30,1010.0,,3.5,22.0,3.7,21.8,1,Diwali (Deepavali)
2007-10-31,1010.0,,0.0,22.6,0.0,22.4,1,Diwali (Deepavali)
2007-11-01,1131.0,,8.1,22.2,8.8,21.8,1,Diwali (Deepavali)
2007-11-02,1131.0,,1.1,22.3,1.6,22.1,1,Diwali (Deepavali)
2007-11-03,1131.0,,2.5,22.3,2.6,22.0,1,Diwali (Deepavali)
2007-11-04,1131.0,,17.2,21.6,15.8,21.3,1,Diwali (Deepavali)
2007-11-05,1131.0,,3.4,22.1,3.6,21.9,1,Diwali (Deepavali)
2007-11-06,1131.0,,2.8,22.5,5.9,22.2,1,Diwali (Deepavali)
2007-11-07,1131.0,,2.0,21.8,1.1,21.7,1,Diwali (Deepavali)
2007-11-08,1131.0,,0.0,21.8,0.0,21.7,1,Diwali (Deepavali)
2007-11-09,1131.0,,0.0,21.6,0.0,21.3,1,Diwali (Deepavali)
2007-11-10,1131.0,,0.0,21.0,0.0,20.5,0,
2007-11-11,1131.0,,0.0,20.5,0.0,20.4,0,
2007-11-12,1131.0,,0.0,20.3,0.0,20.3,0,
2007-11-13,1131.0,,0.0,20.5,0.0,20.3,0,
2007-11-14,1131.0,,0.0,19.9,0.0,19.5,1,Guru Nanak's Birthday
2007-11-15,1131.0,,0.0,20.3,0.0,19.5,1,Guru Nanak's Birthday
2007-11-16,1131.0,,0.0,20.9,0.0,20.0,1,Guru Nanak's Birthday
2007-11-17,1131.0,,0.0,19.0,0.0,18.2,1,Guru Nanak's Birthday
2007-11-18,1131.0,,0.0,19.2,0.0,18.6,1,Guru Nanak's Birthday
2007-11-19,1131.0,,1.4,20.2,1.7,20.1,1,Guru Nanak's Birthday
2007-11-20,1131.0,,2.0,21.7,2.0,21.4,1,Guru Nanak's Birthday
2007-11-21,1131.0,,0.2,22.3,0.3,22.0,1,Guru Nanak's Birthday
2007-11-22,1131.0,,0.0,22.1,0.0,22.0,1,Guru Nanak's Birthday
2007-11-23,1131.0,,0.0,20.2,0.0,19.9,1,Guru Nanak's Birthday
2007-11-24,1131.0,,0.0,19.8,0.0,18.8,1,Guru Nanak's Birthday
2007-11-25,1131.0,,0.0,20.1,0.0,18.8,0,
2007-11-26,1131.0,,0.0,19.8,0.0,19.4,0,
2007-11-27,1131.0,,0.0,21.8,0.0,21.6,0,
2007-11-28,1131.0,,0.4,21.6,0.7,21.3,0,
2007-11-29,1131.0,,0.0,21.8,0.0,21.8,0,
2007-11-30,1131.0,,0.0,21.1,0.0,21.2,0,
2007-12-01,1153.0,,0.0,19.7,0.0,19.8,0,
2007-12-02,1153.0,,0.0,19.7,0.0,20.1,0,
2007-12-03,1153.0,,0.0,21.1,0.0,21.2,0,
2007-12-04,1153.0,,0.0,21.5,0.0,21.4,0,
2007-12-05,1153.0,,0.0,20.4,0.1,20.3,0,
2007-12-06,1153.0,,0.5,20.6,0.7,20.2,0,
2007-12-07,1153.0,,0.4,21.0,0.7,20.8,0,
2007-12-08,1153.0,,0.0,21.9,0.0,21.9,0,
2007-12-09,1153.0,,0.0,21.0,0.0,20.9,0,
2007-12-10,1153.0,,0.0,21.9,0.0,21.7,0,
2007-12-11,1153.0,,0.0,21.6,0.0,21.4,1,Eid al-Adha
2007-12-12,1153.0,,0.0,20.5,0.0,20.6,1,Eid al-Adha
2007-12-13,1153.0,,0.0,21.1,0.0,21.1,1,Eid al-Adha
2007-12-14,1153.0,,0.0,21.1,0.0,20.8,1,Eid al-Adha
2007-12-15,1153.0,,0.0,20.5,0.0,20.3,1,Eid al-Adha
2007-12-16,1153.0,,0.0,21.8,0.0,21.5,1,Eid al-Adha
2007-12-17,1153.0,,0.0,21.2,0.0,20.8,1,Eid al-Adha
2007-12-18,1153.0,,0.0,20.8,0.0,20.3,1,Eid al-Adha
2007-12-19,1153.0,,12.1,19.0,13.6,18.6,1,Eid al-Adha
2007-12-20,1153.0,,4.9,21.3,5.9,21.0,1,Eid al-Adha
2007-12-21,1153.0,,0.0,22.4,0.0,22.1,1,Eid al-Adha
2007-12-22,1153.0,,0.0,21.9,0.0,21.6,1,Christmas
2007-12-23,1153.0,,0.0,21.0,0.0,20.7,1,Christmas
2007-12-24,1153.0,,0.0,21.0,0.0,20.5,1,Christmas
2007-12-25,1153.0,,0.0,21.1,0.0,20.9,1,Christmas
2007-12-26,1153.0,,0.0,20.6,0.0,20.3,0,
2007-12-27,1153.0,,0.0,20.6,0.0,20.6,0,
2007-12-28,1153.0,,0.0,21.4,0.0,21.1,0,
2007-12-29,1153.0,,0.0,22.1,0.0,22.0,0,
2007-12-30,1153.0,,0.0,22.9,0.0,22.8,0,
2007-12-31,1153.0,,0.0,22.0,0.0,21.8,0,
2008-01-01,1285.0,,0.0,21.1,0.0,20.9,0,
2008-01-02,1285.0,,0.0,21.0,0.0,20.8,0,
2008-01-03,1285.0,,0.0,20.1,0.0,19.8,0,
2008-01-04,1285.0,,0.0,20.5,0.0,20.0,0,
2008-01-05,1285.0,,0.2,20.6,0.2,20.3,0,
2008-01-06,1285.0,,0.0,20.3,0.0,19.7,0,
2008-01-07,1285.0,,0.0,19.8,0.0,19.5,0,
2008-01-08,1285.0,,0.0,20.0,0.0,19.7,0,
2008-01-09,1285.0,,0.0,20.6,0.0,20.2,1,Ashura
2008-01-10,1285.0,,0.0,20.9,0.0,20.7,1,Ashura
2008-01-11,1285.0,,0.0,21.3,0.0,21.0,1,Ashura
2008-01-12,1285.0,,0.0,20.8,0.0,20.6,1,Ashura
2008-01-13,1285.0,,0.0,21.0,0.0,20.8,1,Ashura
2008-01-14,1285.0,,0.0,20.8,0.0,20.9,1,Ashura
2008-01-15,1285.0,,0.0,20.7,0.0,20.7,1,Ashura
2008-01-16,1285.0,,0.0,20.9,0.0,20.9,1,Republic Day
2008-01-17,1285.0,,0.0,20.8,0.0,20.6,1,Republic Day
2008-01-18,1285.0,,0.0,20.7,0.0,20.4,1,Republic Day
2008-01-19,1285.0,,0.0,20.7,0.0,19.9,1,Republic Day
2008-01-20,1285.0,,0.0,20.8,0.0,20.4,1,Republic Day
2008-01-21,1285.0,,0.0,21.7,0.0,21.5,1,Republic Day
2008-01-22,1285.0,,0.0,21.9,0.0,21.6,1,Republic Day
2008-01-23,1285.0,,0.0,22.8,0.0,22.7,1,Republic Day
2008-01-24,1285.0,,0.0,22.5,0.0,22.3,1,Republic Day
2008-01-25,1285.0,,0.0,23.1,0.0,23.2,1,Republic Day
2008-01-26,1285.0,,0.0,21.8,0.0,21.6,1,Republic Day
2008-01-27,1285.0,,0.0,22.5,0.0,22.2,0,
2008-01-28,1285.0,,0.0,22.8,0.1,22.9,0,
2008-01-29,1285.0,,0.0,23.6,0.0,23.5,0,
2008-01-30,1285.0,,0.0,22.7,0.0,22.8,0,
2008-01-31,1285.0,,0.0,22.2,0.0,22.1,0,
2008-02-01,1382.0,,0.0,23.0,0.0,22.7,0,
2008-02-02,1382.0,,0.0,23.1,0.0,23.1,0,
2008-02-03,1382.0,,0.0,22.9,0.2,22.9,0,
2008-02-04,1382.0,,0.0,23.4,0.6,23.2,0,
2008-02-05,1382.0,,0.0,23.2,0.1,23.1,0,
2008-02-06,1382.0,,0.0,23.7,0.0,23.6,0,
2008-02-07,1382.0,,0.5,23.4,0.1,23.3,0,
2008-02-08,1382.0,,0.0,23.9,0.5,23.7,0,
2008-02-09,1382.0,,2.7,23.4,9.1,22.9,0,
2008-02-10,1382.0,,13.0,23.2,13.3,22.8,0,
2008-02-11,1382.0,,0.7,23.4,0.5,23.1,0,
2008-02-12,1382.0,,1.8,22.9,1.9,22.7,0,
2008-02-13,1382.0,,0.1,23.4,0.3,23.0,0,
2008-02-14,1382.0,,1.6,23.3,0.8,22.8,0,
2008-02-15,1382.0,,0.4,23.4,0.2,23.1,0,
2008-02-16,1382.0,,0.0,23.5,0.0,23.1,0,
2008-02-17,1382.0,,0.0,22.6,0.0,22.4,0,
2008-02-18,1382.0,,0.0,23.0,0.0,23.0,0,
2008-02-19,1382.0,,0.0,22.7,0.0,22.8,0,
2008-02-20,1382.0,,0.0,24.0,0.0,24.1,0,
2008-02-21,1382.0,,0.0,24.9,0.0,24.7,0,
2008-02-22,1382.0,,0.0,24.7,0.0,24.3,0,
2008-02-23,1382.0,,0.0,24.0,0.0,23.7,0,
2008-02-24,1382.0,,0.0,23.8,0.0,23.7,0,
2008-02-25,1382.0,,0.0,24.3,0.0,24.0,1,Maha Shivaratri
2008-02-26,1382.0,,0.0,24.4,0.0,24.1,1,Maha Shivaratri
2008-02-27,1382.0,,0.0,24.4,0.0,24.1,1,Maha Shivaratri
2008-02-28,1382.0,,0.0,23.6,0.0,23.4,1,Maha Shivaratri
2008-02-29,1382.0,,0.0,23.1,0.0,23.0,1,Maha Shivaratri
2008-03-01,1471.0,,0.0,23.5,0.0,23.3,1,Maha Shivaratri
2008-03-02,1471.0,,0.0,24.2,0.0,24.3,1,Maha Shivaratri
2008-03-03,1471.0,,0.0,24.0,0.0,24.1,1,Maha Shivaratri
2008-03-04,1471.0,,0.0,23.7,0.0,23.7,1,Maha Shivaratri
2008-03-05,1471.0,,0.0,24.0,0.0,24.1,1,Maha Shivaratri
2008-03-06,1471.0,,0.0,24.3,0.0,24.1,1,Maha Shivaratri
2008-03-07,1471.0,,0.0,24.2,0.0,24.2,0,
2008-03-08,1471.0,,0.0,24.0,0.0,23.8,0,
2008-03-09,1471.0,,0.0,23.8,0.0,23.6,0,
2008-03-10,1471.0,,0.0,24.5,0.0,24.3,0,
2008-03-11,1471.0,,0.0,25.0,0.0,24.9,1,Good Friday; Prophet's Birthday
2008-03-12,1471.0,,2.5,23.4,2.9,23.1,1,Holi
2008-03-13,1471.0,,18.3,23.5,24.5,23.2,1,Holi
2008-03-14,1471.0,,23.3,22.4,25.0,22.1,1,Holi
2008-03-15,1471.0,,19.2,22.6,20.0,22.5,1,Holi
2008-03-16,1471.0,,8.1,22.8,6.3,22.8,1,Holi
2008-03-17,1471.0,,0.5,24.0,0.3,23.8,1,Holi
2008-03-18,1471.0,,0.0,24.6,0.0,24.4,1,Holi
2008-03-19,1471.0,,0.0,24.6,0.0,24.4,1,Holi
2008-03-20,1471.0,,20.8,23.4,14.2,23.0,1,Holi
2008-03-21,1471.0,,21.4,21.7,21.8,21.3,1,Holi
2008-03-22,1471.0,,16.6,21.4,14.9,21.2,1,Holi
2008-03-23,1471.0,,5.3,22.5,7.7,22.3,0,
2008-03-24,1471.0,,5.5,22.3,11.2,21.9,0,
2008-03-25,1471.0,,1.2,23.2,1.7,22.7,0,
2008-03-26,1471.0,,0.8,22.9,0.8,22.6,0,
2008-03-27,1471.0,,0.7,23.4,1.5,23.1,0,
2008-03-28,1471.0,,7.1,23.1,15.1,23.0,0,
2008-03-29,1471.0,,1.2,23.3,3.6,23.1,0,
2008-03-30,1471.0,,1.8,23.6,6.3,23.4,0,
2008-03-31,1471.0,,3.0,23.5,2.3,23.3,0,
2008-04-01,1443.0,,0.0,23.8,0.0,23.6,0,
2008-04-02,1443.0,,0.0,23.7,0.0,23.5,0,
2008-04-03,1443.0,,0.5,23.9,1.0,23.6,0,
2008-04-04,1443.0,,2.5,23.6,4.5,23.4,1,Dr. B. R. Ambedkar's Birthday; Ram Navami
2008-04-05,1443.0,,2.3,23.5,3.4,23.2,1,Dr. B. R. Ambedkar's Birthday; Ram Navami
2008-04-06,1443.0,,2.0,23.8,2.2,23.7,1,Dr. B. R. Ambedkar's Birthday; Ram Navami
2008-04-07,1443.0,,0.0,24.4,0.0,24.2,1,Dr. B. R. Ambedkar's Birthday; Ram Navami
2008-04-08,1443.0,,0.0,24.4,0.0,24.0,1,Dr. B. R. Ambedkar's Birthday; Ram Navami
2008-04-09,1443.0,,0.0,24.2,0.0,23.9,1,Dr. B. R. Ambedkar's Birthday; Ram Navami
2008-04-10,1443.0,,0.0,25.2,0.0,25.1,1,Dr. B. R. Ambedkar's Birthday; Ram Navami
2008-04-11,1443.0,,0.0,24.9,0.0,24.7,1,Dr. B. R. Ambedkar's Birthday; Ram Navami
2008-04-12,1443.0,,0.0,25.2,0.0,24.7,1,Dr. B. R. Ambedkar's Birthday; Ram Navami
2008-04-13,1443.0,,0.0,26.1,0.0,25.6,1,Dr. B. R. Ambedkar's Birthday; Ram Navami
2008-04-14,1443.0,,0.0,26.4,0.0,25.6,1,Dr. B. R. Ambedkar's Birthday; Ram Navami
2008-04-15,1443.0,,0.0,26.8,0.0,26.4,1,Mahavira's Birthday
2008-04-16,1443.0,,3.2,26.5,2.0,26.0,1,Mahavira's Birthday
2008-04-17,1443.0,,0.0,26.9,0.0,26.6,1,Mahavira's Birthday
2008-04-18,1443.0,,0.0,27.5,0.0,27.0,1,Mahavira's Birthday
2008-04-19,1443.0,,0.1,27.2,0.0,26.8,0,
2008-04-20,1443.0,,0.0,27.3,0.0,27.3,0,
2008-04-21,1443.0,,0.0,27.8,0.0,27.7,0,
2008-04-22,1443.0,,0.0,27.6,0.0,27.3,0,
2008-04-23,1443.0,,6.6,26.0,2.7,25.8,0,
2008-04-24,1443.0,,2.1,25.6,0.8,25.6,0,
2008-04-25,1443.0,,0.0,26.5,0.0,26.4,0,
2008-04-26,1443.0,,0.0,26.8,0.0,26.6,0,
2008-04-27,1443.0,,0.0,27.3,0.0,26.9,0,
2008-04-28,1443.0,,1.8,26.2,3.0,25.8,0,
2008-04-29,1443.0,,0.4,26.4,0.7,26.2,0,
2008-04-30,1443.0,,0.0,27.7,0.1,27.3,0,
2008-05-01,1502.0,,0.4,27.1,0.9,26.9,0,
2008-05-02,1502.0,,0.3,26.7,0.7,26.5,0,
2008-05-03,1502.0,,0.0,27.5,0.0,27.1,0,
2008-05-04,1502.0,,0.0,26.7,0.0,26.4,0,
2008-05-05,1502.0,,0.0,26.4,0.0,26.1,0,
2008-05-06,1502.0,,0.0,26.4,0.6,26.0,0,
2008-05-07,1502.0,,0.5,26.0,0.5,25.8,0,
2008-05-08,1502.0,,3.5,25.4,2.4,25.2,0,
2008-05-09,1502.0,,0.5,26.3,0.9,26.0,0,
2008-05-10,1502.0,,1.4,25.9,0.1,25.9,1,Buddha Purnima
2008-05-11,1502.0,,0.0,26.6,0.9,26.4,1,Buddha Purnima
2008-05-12,1502.0,,0.0,26.6,0.0,26.4,1,Buddha Purnima
2008-05-13,1502.0,,0.0,26.4,0.0,26.2,1,Buddha Purnima
2008-05-14,1502.0,,0.4,26.0,0.0,25.8,1,Buddha Purnima
2008-05-15,1502.0,,0.4,26.1,0.1,26.0,1,Buddha Purnima
2008-05-16,1502.0,,0.2,26.1,0.1,26.0,1,Buddha Purnima
2008-05-17,1502.0,,0.9,25.7,0.4,25.7,1,Buddha Purnima
2008-05-18,1502.0,,1.6,25.7,1.9,25.5,1,Buddha Purnima
2008-05-19,1502.0,,0.3,26.2,0.6,26.2,1,Buddha Purnima
2008-05-20,1502.0,,4.3,25.8,3.6,25.5,1,Buddha Purnima
2008-05-21,1502.0,,1.2,26.0,1.7,25.7,0,
2008-05-22,1502.0,,3.1,25.4,6.7,25.1,0,
2008-05-23,1502.0,,13.0,24.9,20.1,24.6,0,
2008-05-24,1502.0,,5.2,24.8,6.8,24.6,0,
2008-05-25,1502.0,,7.2,25.0,12.0,24.8,0,
2008-05-26,1502.0,,6.6,24.8,2.4,24.6,0,
2008-05-27,1502.0,,3.4,24.9,5.3,24.6,0,
2008-05-28,1502.0,,4.8,25.3,4.1,25.1,0,
2008-05-29,1502.0,,8.1,24.6,9.5,24.3,0,
2008-05-30,1502.0,,7.0,24.7,6.1,24.4,0,
2008-05-31,1502.0,,9.7,23.9,13.8,23.4,0,
2008-06-01,1551.0,,4.5,24.3,2.4,23.9,0,
2008-06-02,1551.0,,5.6,24.2,5.9,23.9,0,
2008-06-03,1551.0,,3.5,24.0,1.2,24.0,0,
2008-06-04,1551.0,,0.9,24.4,1.4,24.3,0,
2008-06-05,1551.0,,0.4,24.5,1.4,24.3,0,
2008-06-06,1551.0,,0.8,23.8,2.8,23.5,0,
2008-06-07,1551.0,,8.7,23.3,14.0,22.9,0,
2008-06-08,1551.0,,10.5,22.4,8.5,22.4,0,
2008-06-09,1551.0,,19.0,21.5,17.4,21.4,0,
2008-06-10,1551.0,,2.9,22.5,2.5,22.5,0,
2008-06-11,1551.0,,1.4,23.2,1.8,23.0,0,
2008-06-12,1551.0,,2.6,22.6,2.3,22.5,0,
2008-06-13,1551.0,,1.3,22.4,1.0,22.4,0,
2008-06-14,1551.0,,0.5,22.9,0.3,22.9,0,
2008-06-15,1551.0,,1.0,23.0,0.3,22.8,0,
2008-06-16,1551.0,,0.3,23.4,0.6,23.3,0,
2008-06-17,1551.0,,0.1,22.8,0.6,22.7,0,
2008-06-18,1551.0,,0.6,23.7,1.2,23.6,0,
2008-06-19,1551.0,,8.3,23.3,8.7,23.1,0,
2008-06-20,1551.0,,1.3,23.9,3.2,23.6,0,
2008-06-21,1551.0,,0.2,24.1,0.2,23.9,0,
2008-06-22,1551.0,,2.4,23.7,3.4,23.3,0,
2008-06-23,1551.0,,0.0,23.8,0.1,23.5,0,
2008-06-24,1551.0,,0.0,23.7,0.1,23.5,0,
2008-06-25,1551.0,,0.8,23.4,1.2,23.3,0,
2008-06-26,1551.0,,0.3,23.6,0.1,23.5,0,
2008-06-27,1551.0,,0.9,23.6,1.7,23.4,0,
2008-06-28,1551.0,,6.6,22.8,10.8,22.5,0,
2008-06-29,1551.0,,2.8,23.1,2.9,22.9,0,
2008-06-30,1551.0,,1.1,23.5,1.0,23.3,0,
2008-07-01,1436.0,,7.2,22.4,4.2,22.3,0,
2008-07-02,1436.0,,4.8,22.3,0.8,22.4,0,
2008-07-03,1436.0,,3.4,23.1,0.3,23.1,0,
2008-07-04,1436.0,,0.8,23.4,0.9,23.2,0,
2008-07-05,1436.0,,0.3,23.5,0.7,23.3,0,
2008-07-06,1436.0,,1.9,23.2,3.2,23.0,0,
2008-07-07,1436.0,,0.5,23.2,0.5,23.0,0,
2008-07-08,1436.0,,0.8,23.1,0.2,23.0,0,
2008-07-09,1436.0,,0.2,23.6,0.9,23.4,0,
2008-07-10,1436.0,,0.0,23.7,0.2,23.5,0,
2008-07-11,1436.0,,0.1,24.0,0.0,23.8,0,
2008-07-12,1436.0,,0.0,23.7,0.3,23.5,0,
2008-07-13,1436.0,,0.2,24.2,0.1,23.9,0,
2008-07-14,1436.0,,2.4,24.3,2.4,24.1,0,
2008-07-15,1436.0,,6.9,23.8,6.3,23.6,0,
2008-07-16,1436.0,,7.5,23.4,10.4,23.1,0,
2008-07-17,1436.0,,2.8,23.6,3.3,23.4,0,
2008-07-18,1436.0,,5.1,23.5,3.4,23.2,0,
2008-07-19,1436.0,,4.6,23.3,8.4,23.0,0,
2008-07-20,1436.0,,8.8,23.6,6.7,23.3,0,
2008-07-21,1436.0,,2.7,23.2,4.0,22.9,0,
2008-07-22,1436.0,,8.8,22.9,7.4,22.6,0,
2008-07-23,1436.0,,15.0,23.5,8.5,23.3,0,
2008-07-24,1436.0,,5.8,22.9,5.5,22.6,0,
2008-07-25,1436.0,,15.9,21.6,15.7,21.4,0,
2008-07-26,1436.0,,5.8,22.0,5.2,21.8,0,
2008-07-27,1436.0,,27.4,20.9,26.1,20.6,0,
2008-07-28,1436.0,,21.8,21.1,19.4,20.8,0,
2008-07-29,1436.0,,8.3,21.9,8.2,21.7,0,
2008-07-30,1436.0,,2.8,22.6,2.4,22.5,0,
2008-07-31,1436.0,,0.8,22.9,1.2,22.8,0,
2008-08-01,1193.0,,4.9,23.0,6.1,22.8,0,
2008-08-02,1193.0,,3.4,22.5,4.5,22.3,0,
2008-08-03,1193.0,,1.6,22.8,2.5,22.6,0,
2008-08-04,1193.0,,0.1,22.6,0.3,22.4,0,
2008-08-05,1193.0,,0.0,22.6,0.2,22.4,1,Independence Day
2008-08-06,1193.0,,2.1,22.5,1.9,22.4,1,Independence Day
2008-08-07,1193.0,,4.0,22.4,1.9,22.3,1,Independence Day
2008-08-08,1193.0,,1.1,21.9,3.7,21.6,1,Independence Day
2008-08-09,1193.0,,9.3,21.3,5.4,21.2,1,Independence Day
2008-08-10,1193.0,,27.9,20.8,23.5,20.5,1,Independence Day
2008-08-11,1193.0,,27.7,21.0,28.7,20.8,1,Independence Day
2008-08-12,1193.0,,10.2,22.1,10.8,21.8,1,Independence Day
2008-08-13,1193.0,,5.7,21.8,8.0,21.6,1,Independence Day
2008-08-14,1193.0,,5.1,21.5,7.0,21.4,1,Independence Day
2008-08-15,1193.0,,2.2,20.1,1.3,20.0,1,Independence Day
2008-08-16,1193.0,,0.3,21.9,0.2,21.7,0,
2008-08-17,1193.0,,8.6,22.0,12.7,21.7,0,
2008-08-18,1193.0,,10.0,22.3,11.1,22.0,0,
2008-08-19,1193.0,,8.0,22.1,7.6,21.7,0,
2008-08-20,1193.0,,5.5,22.2,4.8,21.9,0,
2008-08-21,1193.0,,2.5,22.5,2.8,22.2,0,
2008-08-22,1193.0,,0.1,22.7,0.6,22.4,0,
2008-08-23,1193.0,,0.3,22.5,0.4,22.3,0,
2008-08-24,1193.0,,0.0,22.6,0.0,22.3,0,
2008-08-25,1193.0,,0.3,23.1,0.7,22.9,0,
2008-08-26,1193.0,,3.0,23.2,4.0,22.9,0,
2008-08-27,1193.0,,8.3,23.0,10.7,22.8,0,
2008-08-28,1193.0,,13.0,23.1,13.7,22.9,0,
2008-08-29,1193.0,,6.3,23.7,7.4,23.3,0,
2008-08-30,1193.0,,18.4,23.2,20.7,23.1,0,
2008-08-31,1193.0,,17.0,23.1,21.1,23.0,0,
2008-09-01,1110.0,,26.2,22.9,24.0,22.6,0,
2008-09-02,1110.0,,3.7,23.3,1.5,23.1,0,
2008-09-03,1110.0,,9.8,23.3,9.8,23.2,0,
2008-09-04,1110.0,,7.4,23.3,1.7,23.1,0,
2008-09-05,1110.0,,0.9,23.7,1.6,23.4,0,
2008-09-06,1110.0,,0.2,23.5,0.2,23.2,0,
2008-09-07,1110.0,,11.6,22.6,12.7,22.4,0,
2008-09-08,1110.0,,8.4,21.9,12.0,21.5,0,
2008-09-09,1110.0,,13.8,21.3,13.0,21.0,0,
2008-09-10,1110.0,,2.2,22.5,3.7,22.3,0,
2008-09-11,1110.0,,0.0,22.5,0.0,22.3,0,
2008-09-12,1110.0,,0.4,22.3,0.8,22.1,0,
2008-09-13,1110.0,,0.4,22.8,0.7,22.5,0,
2008-09-14,1110.0,,4.0,22.2,5.6,21.9,0,
2008-09-15,1110.0,,0.0,22.5,0.2,22.1,0,
2008-09-16,1110.0,,1.5,22.5,2.0,22.2,0,
2008-09-17,1110.0,,0.1,22.8,0.2,22.5,0,
2008-09-18,1110.0,,0.0,22.8,0.0,22.6,0,
2008-09-19,1110.0,,1.7,21.9,2.0,21.6,0,
2008-09-20,1110.0,,0.1,23.0,1.5,22.6,0,
2008-09-21,1110.0,,0.0,23.1,0.0,22.7,0,
2008-09-22,1110.0,,0.0,22.7,0.0,22.4,1,Eid al-Fitr; Mahatma Gandhi's Birthday
2008-09-23,1110.0,,0.4,22.3,0.4,22.1,1,Eid al-Fitr; Mahatma Gandhi's Birthday
2008-09-24,1110.0,,1.6,22.4,1.6,22.2,1,Eid al-Fitr; Mahatma Gandhi's Birthday
2008-09-25,1110.0,,0.0,22.5,0.0,22.3,1,Eid al-Fitr; Mahatma Gandhi's Birthday
2008-09-26,1110.0,,0.0,22.5,0.2,22.2,1,Eid al-Fitr; Mahatma Gandhi's Birthday
2008-09-27,1110.0,,0.0,21.7,0.0,21.5,1,Eid al-Fitr; Mahatma Gandhi's Birthday
2008-09-28,1110.0,,0.0,21.9,0.0,21.6,1,Eid al-Fitr; Mahatma Gandhi's Birthday
2008-09-29,1110.0,,0.0,22.5,0.0,22.2,1,Eid al-Fitr; Mahatma Gandhi's Birthday
2008-09-30,1110.0,,0.0,22.5,0.1,22.4,1,Eid al-Fitr; Mahatma Gandhi's Birthday
2008-10-01,856.0,,0.6,22.6,0.8,22.2,1,Eid al-Fitr; Mahatma Gandhi's Birthday
2008-10-02,856.0,,0.5,23.0,0.9,22.6,1,Eid al-Fitr; Mahatma Gandhi's Birthday
2008-10-03,856.0,,1.2,23.1,1.9,22.9,1,Dussehra
2008-10-04,856.0,,12.2,22.1,21.4,22.0,1,Dussehra
2008-10-05,856.0,,3.9,22.1,6.1,21.7,1,Dussehra
2008-10-06,856.0,,0.4,22.9,0.3,22.7,1,Dussehra
2008-10-07,856.0,,16.1,22.6,16.7,22.3,1,Dussehra
2008-10-08,856.0,,3.5,23.0,6.3,22.7,1,Dussehra
2008-10-09,856.0,,13.9,23.0,17.2,22.8,1,Dussehra
2008-10-10,856.0,,10.8,22.8,5.9,22.6,0,
2008-10-11,856.0,,0.1,23.5,0.6,23.4,0,
2008-10-12,856.0,,3.1,22.4,5.0,22.1,0,
2008-10-13,856.0,,4.8,22.6,6.0,22.2,0,
2008-10-14,856.0,,2.2,22.7,2.1,22.5,0,
2008-10-15,856.0,,6.5,22.9,9.7,22.5,0,
2008-10-16,856.0,,4.9,22.5,7.1,22.2,0,
2008-10-17,856.0,,5.8,22.7,6.8,22.4,0,
2008-10-18,856.0,,8.5,22.6,7.8,22.3,1,Diwali (Deepavali)
2008-10-19,856.0,,4.9,22.7,8.3,22.4,1,Diwali (Deepavali)
2008-10-20,856.0,,7.4,22.6,2.8,22.4,1,Diwali (Deepavali)
2008-10-21,856.0,,7.2,21.5,7.7,21.2,1,Diwali (Deepavali)
2008-10-22,856.0,,8.7,21.4,10.4,21.1,1,Diwali (Deepavali)
2008-10-23,856.0,,9.7,22.2,13.8,21.9,1,Diwali (Deepavali)
2008-10-24,856.0,,24.5,21.7,18.0,21.5,1,Diwali (Deepavali)
2008-10-25,856.0,,10.8,21.8,16.2,21.6,1,Diwali (Deepavali)
2008-10-26,856.0,,9.8,21.9,8.5,21.8,1,Diwali (Deepavali)
2008-10-27,856.0,,0.0,21.1,0.0,21.1,1,Diwali (Deepavali)
2008-10-28,856.0,,0.0,20.3,0.0,20.3,1,Diwali (Deepavali)
2008-10-29,856.0,,0.0,20.3,0.0,20.2,0,
2008-10-30,856.0,,0.0,21.5,0.0,20.5,0,
2008-10-31,856.0,,0.0,20.8,0.0,20.7,0,
2008-11-01,719.0,,0.0,21.2,0.0,20.6,0,
2008-11-02,719.0,,0.0,20.5,0.0,20.2,0,
2008-11-03,719.0,,0.0,20.4,0.0,20.3,1,Guru Nanak's Birthday
2008-11-04,719.0,,0.0,20.3,0.0,20.3,1,Guru Nanak's Birthday
2008-11-05,719.0,,0.0,20.5,0.0,20.4,1,Guru Nanak's Birthday
2008-11-06,719.0,,0.0,21.5,0.0,21.2,1,Guru Nanak's Birthday
2008-11-07,719.0,,0.0,21.8,0.0,21.5,1,Guru Nanak's Birthday
2008-11-08,719.0,,0.0,21.9,0.0,21.3,1,Guru Nanak's Birthday
2008-11-09,719.0,,0.0,22.4,0.0,21.7,1,Guru Nanak's Birthday
2008-11-10,719.0,,0.0,22.4,0.0,22.0,1,Guru Nanak's Birthday
2008-11-11,719.0,,0.1,22.5,0.0,22.3,1,Guru Nanak's Birthday
2008-11-12,719.0,,0.0,21.3,0.0,21.0,1,Guru Nanak's Birthday
2008-11-13,719.0,,0.0,21.1,0.0,21.1,1,Guru Nanak's Birthday
2008-11-14,719.0,,0.0,21.9,0.0,21.9,0,
2008-11-15,719.0,,0.0,21.3,0.0,21.2,0,
2008-11-16,719.0,,1.9,20.9,0.9,20.8,0,
2008-11-17,719.0,,1.1,22.7,0.4,22.3,0,
2008-11-18,719.0,,0.2,22.9,0.0,23.0,0,
2008-11-19,719.0,,0.0,23.6,0.2,23.3,0,
2008-11-20,719.0,,0.1,22.7,0.0,22.5,0,
2008-11-21,719.0,,0.0,22.9,0.0,22.8,0,
2008-11-22,719.0,,3.6,21.1,5.7,20.8,0,
2008-11-23,719.0,,2.5,22.1,1.6,21.7,0,
2008-11-24,719.0,,0.0,22.0,0.0,21.7,0,
2008-11-25,719.0,,0.0,21.6,0.0,21.4,0,
2008-11-26,719.0,,0.0,21.5,0.0,21.1,0,
2008-11-27,719.0,,7.2,18.5,13.5,17.9,0,
2008-11-28,719.0,,8.8,19.4,9.5,19.0,0,
2008-11-29,719.0,,1.8,21.7,4.1,20.9,1,Eid al-Adha
2008-11-30,719.0,,3.7,22.0,2.2,21.7,1,Eid al-Adha
2008-12-01,740.0,,0.1,22.3,0.1,21.9,1,Eid al-Adha
2008-12-02,740.0,,0.6,22.3,0.6,21.9,1,Eid al-Adha
2008-12-03,740.0,,0.0,21.9,0.0,21.7,1,Eid al-Adha
2008-12-04,740.0,,0.0,21.1,0.0,20.8,1,Eid al-Adha
2008-12-05,740.0,,0.0,20.7,0.0,20.3,1,Eid al-Adha
2008-12-06,740.0,,0.0,20.2,0.0,20.0,1,Eid al-Adha
2008-12-07,740.0,,0.0,20.5,0.0,20.1,1,Eid al-Adha
2008-12-08,740.0,,0.0,20.4,0.0,20.0,1,Eid al-Adha
2008-12-09,740.0,,0.5,21.4,0.7,21.3,1,Eid al-Adha
2008-12-10,740.0,,0.3,21.7,0.3,21.4,0,
2008-12-11,740.0,,0.0,21.6,0.0,21.4,0,
2008-12-12,740.0,,0.0,20.6,0.0,20.1,0,
2008-12-13,740.0,,0.0,20.1,0.0,20.1,0,
2008-12-14,740.0,,0.0,20.3,0.0,20.1,0,
2008-12-15,740.0,,0.0,20.5,0.0,20.1,1,Christmas
2008-12-16,740.0,,0.0,21.1,0.0,20.7,1,Christmas
2008-12-17,740.0,,0.0,20.5,0.0,20.2,1,Christmas
2008-12-18,740.0,,0.0,20.1,0.0,19.6,1,Christmas
2008-12-19,740.0,,0.0,20.3,0.0,20.0,1,Christmas
2008-12-20,740.0,,0.0,20.5,0.0,19.8,1,Christmas
2008-12-21,740.0,,0.0,20.4,0.0,19.7,1,Christmas
2008-12-22,740.0,,0.0,19.9,0.0,19.3,1,Christmas
2008-12-23,740.0,,0.0,19.5,0.0,19.3,1,Christmas
2008-12-24,740.0,,0.0,20.5,0.0,20.4,1,Christmas
2008-12-25,740.0,,0.0,21.4,0.0,21.2,1,Christmas
2008-12-26,740.0,,0.0,20.9,0.0,20.6,0,
2008-12-27,740.0,,0.0,21.1,0.0,20.4,0,
2008-12-28,740.0,,0.0,20.4,0.0,19.8,0,
2008-12-29,740.0,,0.0,19.9,0.0,19.6,1,Ashura
2008-12-30,740.0,,0.0,19.2,0.0,18.9,1,Ashura
2008-12-31,740.0,,0.0,19.2,0.0,18.8,1,Ashura
2009-01-01,734.0,,0.0,19.6,0.0,19.3,1,Ashura
2009-01-02,734.0,,0.0,20.0,0.0,19.6,1,Ashura
2009-01-03,734.0,,0.0,19.9,0.0,19.6,1,Ashura
2009-01-04,734.0,,0.0,20.0,0.0,19.7,1,Ashura
2009-01-05,734.0,,0.0,19.9,0.0,19.6,1,Ashura
2009-01-06,734.0,,0.0,20.4,0.0,19.8,1,Ashura
2009-01-07,734.0,,0.0,21.1,0.0,21.0,1,Ashura
2009-01-08,734.0,,0.9,20.4,0.9,20.1,1,Ashura
2009-01-09,734.0,,0.0,22.4,0.0,21.9,0,
2009-01-10,734.0,,0.0,21.4,0.0,21.1,0,
2009-01-11,734.0,,0.0,21.1,0.0,20.9,0,
2009-01-12,734.0,,0.0,20.9,0.0,20.6,0,
2009-01-13,734.0,,0.0,20.0,0.0,19.6,0,
2009-01-14,734.0,,0.0,19.7,0.0,19.4,0,
2009-01-15,734.0,,0.0,19.8,0.0,19.6,0,
2009-01-16,734.0,,0.0,20.5,0.0,20.2,1,Republic Day
2009-01-17,734.0,,0.0,19.7,0.0,19.6,1,Republic Day
2009-01-18,734.0,,0.0,19.8,0.0,19.6,1,Republic Day
2009-01-19,734.0,,0.0,20.5,0.0,20.3,1,Republic Day
2009-01-20,734.0,,0.0,20.4,0.0,20.4,1,Republic Day
2009-01-21,734.0,,0.0,20.6,0.0,20.5,1,Republic Day
2009-01-22,734.0,,0.0,20.8,0.0,20.7,1,Republic Day
2009-01-23,734.0,,0.0,21.4,0.0,21.2,1,Republic Day
2009-01-24,734.0,,0.0,21.5,0.0,21.6,1,Republic Day
2009-01-25,734.0,,0.0,21.2,0.0,21.1,1,Republic Day
2009-01-26,734.0,,0.0,21.5,0.0,21.2,1,Republic Day
2009-01-27,734.0,,0.0,23.2,0.0,23.0,0,
2009-01-28,734.0,,0.0,24.1,0.0,24.1,0,
2009-01-29,734.0,,0.0,24.8,0.0,24.3,0,
2009-01-30,734.0,,0.0,24.0,0.0,23.7,0,
2009-01-31,734.0,,0.0,22.2,0.0,22.4,0,
2009-02-01,673.0,,0.0,22.9,0.0,22.8,0,
2009-02-02,673.0,,0.0,23.3,0.0,23.2,0,
2009-02-03,673.0,,0.0,24.1,0.0,24.0,0,
2009-02-04,673.0,,0.0,24.2,0.0,24.3,0,
2009-02-05,673.0,,0.0,24.0,0.0,24.0,0,
2009-02-06,673.0,,0.0,24.5,0.0,24.3,0,
2009-02-07,673.0,,0.0,24.2,0.0,24.0,0,
2009-02-08,673.0,,0.0,23.7,0.0,23.4,0,
2009-02-09,673.0,,0.0,23.0,0.0,22.9,0,
2009-02-10,673.0,,0.0,22.5,0.0,22.6,0,
2009-02-11,673.0,,0.0,22.7,0.0,23.0,0,
2009-02-12,673.0,,0.0,23.6,0.0,23.4,0,
2009-02-13,673.0,,0.0,23.7,0.0,23.6,0,
2009-02-14,673.0,,0.0,23.8,0.0,23.6,0,
2009-02-15,673.0,,0.0,23.8,0.0,23.8,0,
2009-02-16,673.0,,0.0,24.4,0.0,24.2,0,
2009-02-17,673.0,,0.0,23.5,0.0,23.3,0,
2009-02-18,673.0,,0.0,23.1,0.0,22.9,0,
2009-02-19,673.0,,0.0,23.9,0.0,23.7,0,
2009-02-20,673.0,,0.0,23.8,0.0,23.6,0,
2009-02-21,673.0,,0.0,24.7,0.0,24.6,0,
2009-02-22,673.0,,0.0,25.9,0.0,25.7,0,
2009-02-23,673.0,,0.0,26.0,0.0,25.8,0,
2009-02-24,673.0,,0.0,26.2,0.0,26.3,0,
2009-02-25,673.0,,0.0,27.1,0.0,26.9,0,
2009-02-26,673.0,,0.0,27.7,0.0,27.1,0,
2009-02-27,673.0,,0.0,27.6,0.0,27.2,0,
2009-02-28,673.0,,0.0,26.8,0.0,26.5,1,Prophet's Birthday
2009-03-01,625.0,,0.0,27.1,0.0,26.9,1,Holi
2009-03-02,625.0,,0.0,27.1,0.0,26.4,1,Holi
2009-03-03,625.0,,0.0,26.5,0.0,26.2,1,Holi
2009-03-04,625.0,,0.0,26.4,0.0,26.2,1,Holi
2009-03-05,625.0,,0.0,26.0,0.0,25.4,1,Holi
2009-03-06,625.0,,0.0,26.6,0.0,26.2,1,Holi
2009-03-07,625.0,,0.0,27.1,0.0,26.8,1,Holi
2009-03-08,625.0,,0.0,26.0,0.0,26.1,1,Holi
2009-03-09,625.0,,0.0,25.2,0.0,24.7,1,Holi
2009-03-10,625.0,,0.2,24.1,0.2,23.7,1,Holi
2009-03-11,625.0,,0.0,25.0,0.0,24.7,1,Holi
2009-03-12,625.0,,3.9,25.0,11.9,24.5,0,
2009-03-13,625.0,,0.2,25.3,0.0,24.9,0,
2009-03-14,625.0,,0.8,25.2,1.2,24.7,0,
2009-03-15,625.0,,2.8,23.6,4.2,23.2,0,
2009-03-16,625.0,,0.2,24.5,0.1,24.0,0,
2009-03-17,625.0,,0.0,25.0,0.0,24.6,0,
2009-03-18,625.0,,0.0,25.6,0.0,25.2,0,
2009-03-19,625.0,,0.0,26.9,0.0,26.3,0,
2009-03-20,625.0,,0.0,26.2,0.0,25.6,0,
2009-03-21,625.0,,0.0,26.3,0.0,26.0,0,
2009-03-22,625.0,,0.0,25.9,0.4,25.6,0,
2009-03-23,625.0,,1.3,25.2,1.9,24.8,0,
2009-03-24,625.0,,6.5,23.4,6.7,23.1,1,Ram Navami
2009-03-25,625.0,,0.4,24.4,0.0,24.1,1,Ram Navami
2009-03-26,625.0,,0.0,25.4,0.0,25.1,1,Ram Navami
2009-03-27,625.0,,0.0,25.7,0.0,25.3,1,Ram Navami
2009-03-28,625.0,,0.0,26.2,0.0,26.0,1,Ram Navami
2009-03-29,625.0,,0.0,26.2,0.0,26.1,1,Ram Navami
2009-03-30,625.0,,0.0,27.1,0.0,26.6,1,Ram Navami
2009-03-31,625.0,,0.0,27.2,0.0,26.9,1,Ram Navami
2009-04-01,747.0,,0.0,27.9,0.0,27.5,1,Ram Navami
2009-04-02,747.0,,0.0,28.2,0.0,27.9,1,Ram Navami
2009-04-03,747.0,,0.0,28.0,0.0,27.9,1,Ram Navami
2009-04-04,747.0,,0.0,28.4,0.0,28.1,1,Dr. B. R. Ambedkar's Birthday
2009-04-05,747.0,,0.0,28.0,0.0,27.9,1,Dr. B. R. Ambedkar's Birthday
2009-04-06,747.0,,0.0,28.4,0.0,28.0,1,Dr. B. R. Ambedkar's Birthday
2009-04-07,747.0,,0.0,28.9,0.0,28.8,1,Dr. B. R. Ambedkar's Birthday
2009-04-08,747.0,,0.2,27.6,2.1,27.3,1,Dr. B. R. Ambedkar's Birthday
2009-04-09,747.0,,0.0,27.9,0.0,27.7,1,Dr. B. R. Ambedkar's Birthday
2009-04-10,747.0,,0.0,28.2,0.0,27.9,1,Dr. B. R. Ambedkar's Birthday
2009-04-11,747.0,,0.0,28.5,0.0,28.4,1,Dr. B. R. Ambedkar's Birthday
2009-04-12,747.0,,0.0,28.2,0.0,28.2,1,Dr. B. R. Ambedkar's Birthday
2009-04-13,747.0,,0.0,27.6,0.0,27.6,1,Dr. B. R. Ambedkar's Birthday
2009-04-14,747.0,,0.0,27.5,0.0,27.4,1,Dr. B. R. Ambedkar's Birthday
2009-04-15,747.0,,0.0,28.1,0.0,28.0,0,
2009-04-16,747.0,,0.0,28.3,0.0,28.4,0,
2009-04-17,747.0,,0.0,27.9,0.0,27.8,0,
2009-04-18,747.0,,0.0,28.8,0.0,28.9,0,
2009-04-19,747.0,,5.9,27.7,5.6,27.5,0,
2009-04-20,747.0,,5.7,26.4,5.7,26.2,0,
2009-04-21,747.0,,2.6,26.5,2.8,26.3,0,
2009-04-22,747.0,,1.6,26.4,5.3,26.0,0,
2009-04-23,747.0,,0.5,27.0,0.1,26.6,0,
2009-04-24,747.0,,0.2,27.3,0.7,27.2,0,
2009-04-25,747.0,,0.0,27.2,0.8,26.8,0,
2009-04-26,747.0,,5.1,26.3,6.6,26.0,0,
2009-04-27,747.0,,0.0,27.2,0.0,27.1,0,
2009-04-28,747.0,,1.7,25.9,4.1,25.8,1,Buddha Purnima
2009-04-29,747.0,,0.0,27.0,0.0,26.9,1,Buddha Purnima
2009-04-30,747.0,,0.0,27.8,0.0,27.6,1,Buddha Purnima
2009-05-01,843.0,,6.1,26.5,3.2,26.2,1,Buddha Purnima
2009-05-02,843.0,,3.6,26.5,3.9,26.2,1,Buddha Purnima
2009-05-03,843.0,,1.9,27.3,3.9,26.8,1,Buddha Purnima
2009-05-04,843.0,,1.0,27.3,0.9,27.1,1,Buddha Purnima
2009-05-05,843.0,,3.4,26.2,4.3,25.8,1,Buddha Purnima
2009-05-06,843.0,,0.3,26.7,1.7,26.2,1,Buddha Purnima
2009-05-07,843.0,,0.0,27.5,0.2,27.2,1,Buddha Purnima
2009-05-08,843.0,,0.2,27.5,0.5,27.3,1,Buddha Purnima
2009-05-09,843.0,,3.3,26.9,1.9,26.6,0,
2009-05-10,843.0,,0.0,27.4,0.0,27.2,0,
2009-05-11,843.0,,0.0,27.8,0.0,27.6,0,
2009-05-12,843.0,,0.0,28.5,0.0,28.3,0,
2009-05-13,843.0,,0.0,27.7,0.0,27.7,0,
2009-05-14,843.0,,0.1,27.0,0.0,26.9,0,
2009-05-15,843.0,,3.5,26.6,2.8,26.4,0,
2009-05-16,843.0,,4.1,26.3,4.1,25.8,0,
2009-05-17,843.0,,11.8,26.5,13.2,26.2,0,
2009-05-18,843.0,,1.8,26.5,2.2,26.3,0,
2009-05-19,843.0,,2.1,25.8,8.1,25.5,0,
2009-05-20,843.0,,2.0,24.5,3.1,24.3,0,
2009-05-21,843.0,,9.5,25.1,15.7,24.8,0,
2009-05-22,843.0,,2.8,25.5,10.4,25.0,0,
2009-05-23,843.0,,6.1,25.5,6.0,25.2,0,
2009-05-24,843.0,,8.0,25.2,8.8,24.7,0,
2009-05-25,843.0,,1.7,24.8,2.6,24.6,0,
2009-05-26,843.0,,0.0,25.6,0.0,25.4,0,
2009-05-27,843.0,,0.0,25.5,0.1,25.2,0,
2009-05-28,843.0,,3.6,25.6,2.8,25.5,0,
2009-05-29,843.0,,8.2,25.3,15.1,24.9,0,
2009-05-30,843.0,,3.5,25.4,3.6,25.2,0,
2009-05-31,843.0,,7.1,25.1,6.2,24.9,0,
2009-06-01,747.0,,7.1,24.4,7.4,24.2,0,
2009-06-02,747.0,,2.8,24.6,2.2,24.3,0,
2009-06-03,747.0,,0.8,24.8,0.5,24.6,0,
2009-06-04,747.0,,0.1,24.9,0.5,24.6,0,
2009-06-05,747.0,,1.0,24.3,2.7,24.1,0,
2009-06-06,747.0,,12.3,22.2,7.6,22.2,0,
2009-06-07,747.0,,1.2,22.8,1.2,22.7,0,
2009-06-08,747.0,,0.8,23.6,0.5,23.5,0,
2009-06-09,747.0,,0.7,24.5,0.5,24.3,0,
2009-06-10,747.0,,2.2,24.7,1.4,24.6,0,
2009-06-11,747.0,,7.0,23.9,9.1,23.7,0,
2009-06-12,747.0,,0.2,24.4,3.0,24.3,0,
2009-06-13,747.0,,5.1,24.3,5.1,24.2,0,
2009-06-14,747.0,,6.9,24.1,7.0,23.9,0,
2009-06-15,747.0,,9.4,22.8,11.6,22.6,0,
2009-06-16,747.0,,13.7,22.9,15.4,22.7,0,
2009-06-17,747.0,,10.1,23.7,11.6,23.4,0,
2009-06-18,747.0,,12.9,24.0,7.5,23.7,0,
2009-06-19,747.0,,7.7,23.8,6.0,23.6,0,
2009-06-20,747.0,,0.0,23.9,0.2,23.7,0,
2009-06-21,747.0,,0.0,23.7,0.0,23.6,0,
2009-06-22,747.0,,1.8,23.6,5.6,23.4,0,
2009-06-23,747.0,,0.2,24.1,0.7,23.9,0,
2009-06-24,747.0,,0.1,24.4,0.1,24.2,0,
2009-06-25,747.0,,2.9,23.7,4.4,23.5,0,
2009-06-26,747.0,,2.4,22.8,4.6,22.6,0,
2009-06-27,747.0,,0.4,23.8,0.2,23.7,0,
2009-06-28,747.0,,0.5,24.2,1.2,23.9,0,
2009-06-29,747.0,,3.0,23.9,7.6,23.6,0,
2009-06-30,747.0,,0.8,24.4,1.7,24.2,0,
2009-07-01,685.0,,12.1,23.0,12.9,22.8,0,
2009-07-02,685.0,,20.8,22.3,18.6,22.2,0,
2009-07-03,685.0,,10.5,22.0,5.8,21.9,0,
2009-07-04,685.0,,21.6,21.5,24.0,21.2,0,
2009-07-05,685.0,,12.4,22.0,14.5,21.7,0,
2009-07-06,685.0,,17.0,22.0,14.8,21.8,0,
2009-07-07,685.0,,13.0,21.7,12.5,21.4,0,
2009-07-08,685.0,,20.3,21.3,19.0,21.0,0,
2009-07-09,685.0,,5.0,21.8,6.9,21.6,0,
2009-07-10,685.0,,0.9,22.9,1.0,22.8,0,
2009-07-11,685.0,,2.2,22.9,7.9,22.7,0,
2009-07-12,685.0,,0.0,23.1,0.0,23.0,0,
2009-07-13,685.0,,3.8,22.5,2.6,22.3,0,
2009-07-14,685.0,,4.6,22.7,3.2,22.6,0,
2009-07-15,685.0,,23.9,22.0,22.8,21.7,0,
2009-07-16,685.0,,14.1,22.0,16.0,21.8,0,
2009-07-17,685.0,,22.5,21.7,21.7,21.6,0,
2009-07-18,685.0,,35.0,21.0,28.0,20.8,0,
2009-07-19,685.0,,25.3,20.9,24.2,20.6,0,
2009-07-20,685.0,,0.3,22.3,0.8,22.1,0,
2009-07-21,685.0,,0.0,22.5,0.0,22.4,0,
2009-07-22,685.0,,0.1,22.7,0.0,22.5,0,
2009-07-23,685.0,,0.0,23.3,0.0,23.1,0,
2009-07-24,685.0,,0.0,23.3,0.1,23.1,0,
2009-07-25,685.0,,0.0,23.2,0.0,23.0,0,
2009-07-26,685.0,,0.0,23.0,0.0,22.8,0,
2009-07-27,685.0,,1.3,23.0,3.1,22.6,0,
2009-07-28,685.0,,1.0,22.9,0.8,22.6,0,
2009-07-29,685.0,,10.3,22.6,13.7,22.3,0,
2009-07-30,685.0,,1.2,22.6,1.0,22.3,0,
2009-07-31,685.0,,1.2,23.1,4.5,22.8,0,
2009-08-01,747.0,,0.6,23.3,1.4,23.0,0,
2009-08-02,747.0,,0.1,23.4,0.5,23.1,0,
2009-08-03,747.0,,1.0,23.1,1.0,22.8,0,
2009-08-04,747.0,,0.0,23.1,0.7,22.9,1,Janmashtami (Vaishnava)
2009-08-05,747.0,,0.0,23.1,0.0,22.9,1,Independence Day
2009-08-06,747.0,,0.1,23.4,0.0,23.2,1,Independence Day
2009-08-07,747.0,,0.0,23.5,0.2,23.2,1,Independence Day
2009-08-08,747.0,,1.3,23.2,0.9,22.9,1,Independence Day
2009-08-09,747.0,,0.0,23.5,0.0,23.3,1,Independence Day
2009-08-10,747.0,,0.3,23.4,0.2,23.2,1,Independence Day
2009-08-11,747.0,,0.5,23.4,1.1,23.2,1,Independence Day
2009-08-12,747.0,,1.1,23.7,1.4,23.4,1,Independence Day
2009-08-13,747.0,,1.0,23.6,1.0,23.3,1,Independence Day
2009-08-14,747.0,,0.0,23.6,0.1,23.5,1,Independence Day
2009-08-15,747.0,,0.9,23.4,0.6,23.2,1,Independence Day
2009-08-16,747.0,,6.8,23.1,9.8,22.8,0,
2009-08-17,747.0,,17.4,21.8,16.4,21.6,0,
2009-08-18,747.0,,5.1,22.8,1.8,22.6,0,
2009-08-19,747.0,,1.4,23.9,2.0,23.6,0,
2009-08-20,747.0,,3.1,23.7,0.8,23.6,0,
2009-08-21,747.0,,8.0,23.3,11.3,22.9,0,
2009-08-22,747.0,,7.8,22.7,8.2,22.4,0,
2009-08-23,747.0,,1.5,22.9,3.8,22.6,0,
2009-08-24,747.0,,3.9,22.1,2.8,22.0,0,
2009-08-25,747.0,,5.0,22.2,10.2,21.9,0,
2009-08-26,747.0,,0.0,22.5,0.0,22.3,0,
2009-08-27,747.0,,0.5,22.9,0.7,22.6,0,
2009-08-28,747.0,,0.1,23.1,0.1,22.9,0,
2009-08-29,747.0,,0.3,23.1,0.5,22.8,0,
2009-08-30,747.0,,0.6,23.1,0.9,22.7,0,
2009-08-31,747.0,,5.7,22.5,8.2,22.1,0,
2009-09-01,701.0,,17.1,22.2,17.0,21.9,0,
2009-09-02,701.0,,4.0,21.9,7.8,21.5,0,
2009-09-03,701.0,,4.2,21.8,4.7,21.6,0,
2009-09-04,701.0,,4.8,21.9,8.7,21.7,0,
2009-09-05,701.0,,3.7,22.1,5.7,21.9,0,
2009-09-06,701.0,,2.3,22.6,2.4,22.5,0,
2009-09-07,701.0,,1.0,23.0,1.3,22.8,0,
2009-09-08,701.0,,0.0,23.0,0.0,22.7,0,
2009-09-09,701.0,,0.0,23.1,0.0,22.7,0,
2009-09-10,701.0,,0.8,22.8,1.0,22.5,0,
2009-09-11,701.0,,0.0,23.3,0.0,23.1,1,Eid al-Fitr
2009-09-12,701.0,,0.1,23.2,0.2,23.1,1,Eid al-Fitr
2009-09-13,701.0,,2.7,23.9,1.8,23.7,1,Eid al-Fitr
2009-09-14,701.0,,15.7,23.4,11.6,23.1,1,Eid al-Fitr
2009-09-15,701.0,,3.4,23.1,3.1,22.8,1,Eid al-Fitr
2009-09-16,701.0,,3.7,23.1,3.4,22.8,1,Eid al-Fitr
2009-09-17,701.0,,4.1,23.3,7.4,23.0,1,Eid al-Fitr
2009-09-18,701.0,,14.7,23.3,17.7,23.0,1,Dussehra
2009-09-19,701.0,,9.1,22.8,16.5,22.4,1,Dussehra
2009-09-20,701.0,,4.6,23.0,4.8,22.8,1,Dussehra
2009-09-21,701.0,,18.2,23.3,10.8,22.9,1,Dussehra
2009-09-22,701.0,,10.2,23.0,6.7,22.7,1,Mahatma Gandhi's Birthday
2009-09-23,701.0,,8.9,23.3,12.8,23.0,1,Mahatma Gandhi's Birthday
2009-09-24,701.0,,5.9,22.8,6.1,22.5,1,Mahatma Gandhi's Birthday
2009-09-25,701.0,,16.1,23.0,18.6,22.7,1,Mahatma Gandhi's Birthday
2009-09-26,701.0,,0.7,23.5,0.4,23.2,1,Mahatma Gandhi's Birthday
2009-09-27,701.0,,0.8,23.4,1.1,23.0,1,Mahatma Gandhi's Birthday
2009-09-28,701.0,,3.1,23.1,3.0,22.8,1,Mahatma Gandhi's Birthday
2009-09-29,701.0,,1.9,22.3,3.4,22.0,1,Mahatma Gandhi's Birthday
2009-09-30,701.0,,10.1,21.0,9.9,20.8,1,Mahatma Gandhi's Birthday
2009-10-01,706.0,,55.9,20.5,47.8,20.2,1,Mahatma Gandhi's Birthday
2009-10-02,706.0,,19.1,21.2,13.1,21.1,1,Mahatma Gandhi's Birthday
2009-10-03,706.0,,6.5,21.8,8.6,21.6,0,
2009-10-04,706.0,,0.6,22.9,0.2,22.7,0,
2009-10-05,706.0,,0.0,23.0,0.0,22.8,0,
2009-10-06,706.0,,0.1,23.1,0.4,22.9,0,
2009-10-07,706.0,,0.0,22.5,0.0,22.1,1,Diwali (Deepavali)
2009-10-08,706.0,,0.0,22.4,0.0,22.2,1,Diwali (Deepavali)
2009-10-09,706.0,,0.0,22.3,0.1,22.1,1,Diwali (Deepavali)
2009-10-10,706.0,,0.7,22.2,1.0,22.0,1,Diwali (Deepavali)
2009-10-11,706.0,,2.4,22.4,5.0,22.2,1,Diwali (Deepavali)
2009-10-12,706.0,,17.6,22.2,18.0,22.0,1,Diwali (Deepavali)
2009-10-13,706.0,,6.6,22.5,2.1,22.4,1,Diwali (Deepavali)
2009-10-14,706.0,,3.7,22.6,3.2,22.5,1,Diwali (Deepavali)
2009-10-15,706.0,,0.0,23.1,0.0,22.9,1,Diwali (Deepavali)
2009-10-16,706.0,,0.0,22.6,0.0,22.2,1,Diwali (Deepavali)
2009-10-17,706.0,,0.0,22.8,0.0,22.7,1,Diwali (Deepavali)
2009-10-18,706.0,,0.0,23.4,0.0,23.3,0,
2009-10-19,706.0,,0.2,23.2,0.1,23.1,0,
2009-10-20,706.0,,0.0,23.0,0.0,22.8,0,
2009-10-21,706.0,,0.0,23.1,0.0,22.9,0,
2009-10-22,706.0,,0.0,22.3,0.0,22.3,0,
2009-10-23,706.0,,0.0,22.1,0.0,21.9,1,Guru Nanak's Birthday
2009-10-24,706.0,,0.0,22.6,0.0,22.4,1,Guru Nanak's Birthday
2009-10-25,706.0,,0.0,22.6,0.0,22.5,1,Guru Nanak's Birthday
2009-10-26,706.0,,0.0,22.8,0.0,22.6,1,Guru Nanak's Birthday
2009-10-27,706.0,,0.0,23.1,0.0,22.9,1,Guru Nanak's Birthday
2009-10-28,706.0,,1.6,22.8,0.4,22.7,1,Guru Nanak's Birthday
2009-10-29,706.0,,3.1,22.3,3.9,21.9,1,Guru Nanak's Birthday
2009-10-30,706.0,,3.1,22.6,2.8,22.3,1,Guru Nanak's Birthday
2009-10-31,706.0,,0.0,22.9,0.0,22.6,1,Guru Nanak's Birthday
2009-11-01,729.0,,0.0,23.0,0.0,22.8,1,Guru Nanak's Birthday
2009-11-02,729.0,,0.0,22.9,0.0,22.8,1,Guru Nanak's Birthday
2009-11-03,729.0,,1.6,21.3,2.4,21.1,0,
2009-11-04,729.0,,1.5,21.9,2.1,21.8,0,
2009-11-05,729.0,,4.1,21.9,4.4,21.6,0,
2009-11-06,729.0,,2.4,22.2,2.2,21.8,0,
2009-11-07,729.0,,10.8,21.0,8.6,20.6,0,
2009-11-08,729.0,,14.0,21.1,11.9,20.8,0,
2009-11-09,729.0,,9.0,22.2,8.8,21.9,0,
2009-11-10,729.0,,17.2,21.1,25.0,20.8,0,
2009-11-11,729.0,,1.8,22.3,3.3,21.9,0,
2009-11-12,729.0,,0.0,22.9,0.0,22.7,0,
2009-11-13,729.0,,4.3,22.3,3.0,22.1,0,
2009-11-14,729.0,,7.8,22.0,6.7,21.8,0,
2009-11-15,729.0,,16.1,21.4,14.3,21.1,0,
2009-11-16,729.0,,4.4,22.1,5.2,21.9,0,
2009-11-17,729.0,,0.0,22.2,0.1,22.0,0,
2009-11-18,729.0,,3.7,22.1,6.0,21.9,1,Eid al-Adha
2009-11-19,729.0,,7.9,22.0,6.3,21.7,1,Eid al-Adha
2009-11-20,729.0,,6.8,22.1,6.8,21.8,1,Eid al-Adha
2009-11-21,729.0,,3.5,22.1,4.1,21.8,1,Eid al-Adha
2009-11-22,729.0,,1.6,22.1,1.0,21.9,1,Eid al-Adha
2009-11-23,729.0,,1.1,22.3,0.6,22.1,1,Eid al-Adha
2009-11-24,729.0,,1.7,22.4,0.7,22.2,1,Eid al-Adha
2009-11-25,729.0,,0.6,22.5,0.5,22.3,1,Eid al-Adha
2009-11-26,729.0,,0.0,21.9,0.0,21.5,1,Eid al-Adha
2009-11-27,729.0,,0.0,20.8,0.0,20.7,1,Eid al-Adha
2009-11-28,729.0,,0.0,20.0,0.0,19.8,1,Eid al-Adha
2009-11-29,729.0,,0.0,20.3,0.0,20.1,0,
2009-11-30,729.0,,0.0,21.2,0.0,21.1,0,
2009-12-01,768.0,,0.0,21.6,0.0,21.5,0,
2009-12-02,768.0,,0.9,21.2,4.1,20.9,0,
2009-12-03,768.0,,0.5,22.3,1.8,22.0,0,
2009-12-04,768.0,,3.3,21.7,6.8,21.5,0,
2009-12-05,768.0,,0.0,21.5,0.0,21.3,0,
2009-12-06,768.0,,0.0,20.3,0.0,19.8,0,
2009-12-07,768.0,,0.0,19.6,0.0,19.2,0,
2009-12-08,768.0,,0.0,19.0,0.0,18.8,0,
2009-12-09,768.0,,0.0,19.3,0.0,19.5,0,
2009-12-10,768.0,,0.0,19.5,0.0,19.3,0,
2009-12-11,768.0,,0.0,19.6,0.0,19.5,0,
2009-12-12,768.0,,0.2,20.1,0.2,20.1,0,
2009-12-13,768.0,,0.0,21.4,0.0,21.3,0,
2009-12-14,768.0,,0.0,21.5,0.0,21.4,0,
2009-12-15,768.0,,0.0,21.1,0.6,20.7,1,Christmas
2009-12-16,768.0,,9.1,21.4,9.1,21.1,1,Christmas
2009-12-17,768.0,,2.2,21.3,2.8,20.9,1,Christmas
2009-12-18,768.0,,0.0,22.0,0.0,21.6,1,Ashura
2009-12-19,768.0,,0.0,21.9,0.0,21.6,1,Ashura
2009-12-20,768.0,,0.0,21.9,0.0,21.8,1,Ashura
2009-12-21,768.0,,1.1,21.1,2.2,20.7,1,Ashura
2009-12-22,768.0,,0.0,21.2,0.3,20.9,1,Ashura
2009-12-23,768.0,,0.0,21.9,0.0,21.7,1,Ashura
2009-12-24,768.0,,0.0,22.2,0.0,22.0,1,Ashura
2009-12-25,768.0,,0.0,21.9,0.0,21.7,1,Ashura
2009-12-26,768.0,,0.2,22.5,0.6,22.1,1,Ashura
2009-12-27,768.0,,3.2,21.4,0.9,21.0,1,Ashura
2009-12-28,768.0,,5.0,21.3,3.1,21.1,1,Ashura
2009-12-29,768.0,,8.2,21.6,2.9,21.5,0,
2009-12-30,768.0,,0.4,21.8,1.2,21.6,0,
2009-12-31,768.0,,3.5,21.8,4.0,21.5,0,
2010-01-01,784.0,,0.0,22.2,0.0,22.1,0,
2010-01-02,784.0,,0.0,21.3,0.0,21.1,0,
2010-01-03,784.0,,0.0,19.6,0.0,19.7,0,
2010-01-04,784.0,,0.0,20.5,0.0,19.8,0,
2010-01-05,784.0,,0.0,20.6,0.0,20.1,0,
2010-01-06,784.0,,0.0,20.8,0.0,21.0,0,
2010-01-07,784.0,,0.0,20.3,0.0,20.2,0,
2010-01-08,784.0,,0.0,20.5,0.0,20.5,0,
2010-01-09,784.0,,0.0,21.1,0.0,21.0,0,
2010-01-10,784.0,,0.1,22.6,0.2,22.5,0,
2010-01-11,784.0,,0.0,22.8,0.1,22.5,0,
2010-01-12,784.0,,0.9,21.8,0.0,21.7,0,
2010-01-13,784.0,,1.6,22.3,0.5,22.2,0,
2010-01-14,784.0,,0.1,23.3,0.1,23.3,0,
2010-01-15,784.0,,0.0,23.1,0.0,23.0,0,
2010-01-16,784.0,,0.0,21.1,0.0,21.1,1,Republic Day
2010-01-17,784.0,,0.0,20.9,0.0,20.9,1,Republic Day
2010-01-18,784.0,,0.0,21.3,0.0,21.5,1,Republic Day
2010-01-19,784.0,,0.0,21.9,0.0,21.8,1,Republic Day
2010-01-20,784.0,,0.0,22.3,0.0,22.2,1,Republic Day
2010-01-21,784.0,,0.0,21.5,0.0,21.5,1,Republic Day
2010-01-22,784.0,,0.0,19.9,0.0,20.0,1,Republic Day
2010-01-23,784.0,,0.0,19.7,0.0,19.7,1,Republic Day
2010-01-24,784.0,,0.0,19.9,0.0,19.9,1,Republic Day
2010-01-25,784.0,,0.0,20.3,0.0,20.4,1,Republic Day
2010-01-26,784.0,,0.0,20.8,0.0,20.9,1,Republic Day
2010-01-27,784.0,,0.0,21.2,0.0,21.2,0,
2010-01-28,784.0,,0.0,21.8,0.0,21.9,0,
2010-01-29,784.0,,0.0,22.2,0.0,22.2,0,
2010-01-30,784.0,,0.0,22.2,0.0,22.1,0,
2010-01-31,784.0,,0.0,21.5,0.0,21.7,0,
2010-02-01,798.0,,0.0,21.5,0.0,21.4,0,
2010-02-02,798.0,,0.0,21.8,0.0,21.8,0,
2010-02-03,798.0,,0.0,21.7,0.0,21.4,0,
2010-02-04,798.0,,0.0,20.8,0.0,20.8,0,
2010-02-05,798.0,,0.0,20.8,0.0,20.7,0,
2010-02-06,798.0,,0.0,21.0,0.0,21.3,0,
2010-02-07,798.0,,0.0,21.5,0.0,21.6,0,
2010-02-08,798.0,,0.0,21.5,0.0,21.8,0,
2010-02-09,798.0,,0.0,22.5,0.0,22.4,0,
2010-02-10,798.0,,0.0,23.4,0.0,23.3,0,
2010-02-11,798.0,,0.0,24.0,0.0,24.2,0,
2010-02-12,798.0,,0.0,24.9,0.0,24.8,0,
2010-02-13,798.0,,0.0,25.4,0.0,25.3,0,
2010-02-14,798.0,,0.0,25.0,0.0,25.2,0,
2010-02-15,798.0,,0.0,25.8,0.0,25.5,0,
2010-02-16,798.0,,0.0,25.0,0.0,25.0,0,
2010-02-17,798.0,,0.0,24.6,0.0,24.6,1,Prophet's Birthday
2010-02-18,798.0,,0.0,24.6,0.0,24.8,1,Prophet's Birthday
2010-02-19,798.0,,0.0,25.6,0.0,25.5,1,Holi
2010-02-20,798.0,,0.0,26.0,0.0,26.1,1,Holi
2010-02-21,798.0,,0.0,26.2,0.0,25.8,1,Holi
2010-02-22,798.0,,0.0,26.3,0.0,26.5,1,Holi
2010-02-23,798.0,,0.0,25.7,1.2,25.7,1,Holi
2010-02-24,798.0,,0.0,25.4,0.0,25.2,1,Holi
2010-02-25,798.0,,0.1,25.1,0.7,24.9,1,Holi
2010-02-26,798.0,,0.0,26.0,0.0,26.0,1,Holi
2010-02-27,798.0,,0.0,26.3,0.0,26.4,1,Holi
2010-02-28,798.0,,0.0,26.5,0.0,26.5,1,Holi
2010-03-01,921.0,,0.0,25.3,0.0,25.5,1,Holi
2010-03-02,921.0,,0.0,24.9,0.0,25.0,0,
2010-03-03,921.0,,0.0,26.0,0.0,25.4,0,
2010-03-04,921.0,,0.0,26.3,0.0,25.7,0,
2010-03-05,921.0,,0.0,26.2,0.0,26.1,0,
2010-03-06,921.0,,0.0,26.6,0.0,26.6,0,
2010-03-07,921.0,,0.0,27.0,0.0,27.0,0,
2010-03-08,921.0,,0.0,28.5,0.0,28.5,0,
2010-03-09,921.0,,0.0,28.7,0.0,28.3,0,
2010-03-10,921.0,,0.0,26.9,0.0,26.8,0,
2010-03-11,921.0,,0.0,27.5,0.0,27.4,0,
2010-03-12,921.0,,0.0,27.0,0.0,26.8,0,
2010-03-13,921.0,,0.0,26.4,0.0,26.1,0,
2010-03-14,921.0,,0.0,26.9,0.0,26.8,1,Ram Navami
2010-03-15,921.0,,0.0,27.6,0.0,27.6,1,Ram Navami
2010-03-16,921.0,,0.2,26.9,0.3,27.2,1,Ram Navami
2010-03-17,921.0,,0.0,27.5,0.0,27.2,1,Ram Navami
2010-03-18,921.0,,0.0,26.9,0.0,26.7,1,Ram Navami
2010-03-19,921.0,,0.0,26.2,0.0,26.1,1,Ram Navami
2010-03-20,921.0,,0.0,26.5,0.0,26.6,1,Ram Navami
2010-03-21,921.0,,0.0,27.6,0.0,27.5,1,Ram Navami
2010-03-22,921.0,,0.0,27.2,0.0,27.3,1,Ram Navami
2010-03-23,921.0,,0.0,26.9,0.0,26.6,1,Ram Navami
2010-03-24,921.0,,0.0,27.4,0.0,27.2,1,Ram Navami
2010-03-25,921.0,,0.0,27.4,0.0,27.2,1,Good Friday
2010-03-26,921.0,,0.0,27.9,0.0,27.8,1,Good Friday
2010-03-27,921.0,,0.0,27.6,0.0,27.4,1,Good Friday
2010-03-28,921.0,,0.0,27.7,0.0,27.4,1,Good Friday
2010-03-29,921.0,,0.0,27.6,0.0,27.5,1,Good Friday
2010-03-30,921.0,,0.0,27.5,1.2,27.3,1,Good Friday
2010-03-31,921.0,,0.0,26.5,0.1,26.3,1,Good Friday
2010-04-01,940.0,,0.0,27.3,0.0,27.1,1,Good Friday
2010-04-02,940.0,,0.0,27.7,0.0,27.7,1,Good Friday
2010-04-03,940.0,,0.0,28.6,0.0,28.4,0,
2010-04-04,940.0,,0.0,28.9,0.0,28.9,1,Dr. B. R. Ambedkar's Birthday
2010-04-05,940.0,,0.0,28.6,0.0,28.4,1,Dr. B. R. Ambedkar's Birthday
2010-04-06,940.0,,0.1,28.4,0.0,28.2,1,Dr. B. R. Ambedkar's Birthday
2010-04-07,940.0,,0.0,29.3,0.0,29.1,1,Dr. B. R. Ambedkar's Birthday
2010-04-08,940.0,,0.0,28.9,0.0,28.8,1,Dr. B. R. Ambedkar's Birthday
2010-04-09,940.0,,0.0,29.0,0.0,29.0,1,Dr. B. R. Ambedkar's Birthday
2010-04-10,940.0,,0.0,29.2,0.0,29.3,1,Dr. B. R. Ambedkar's Birthday
2010-04-11,940.0,,0.0,29.9,0.0,29.9,1,Dr. B. R. Ambedkar's Birthday
2010-04-12,940.0,,6.0,28.0,4.6,27.8,1,Dr. B. R. Ambedkar's Birthday
2010-04-13,940.0,,0.9,27.8,0.0,27.8,1,Dr. B. R. Ambedkar's Birthday
2010-04-14,940.0,,7.9,26.8,13.1,26.5,1,Dr. B. R. Ambedkar's Birthday
2010-04-15,940.0,,1.8,27.5,0.8,27.6,0,
2010-04-16,940.0,,6.0,26.5,4.5,26.3,0,
2010-04-17,940.0,,0.4,27.3,0.5,27.1,0,
2010-04-18,940.0,,4.2,26.4,14.2,26.0,1,Mahavira's Birthday
2010-04-19,940.0,,1.5,26.2,5.3,25.8,1,Mahavira's Birthday
2010-04-20,940.0,,0.1,27.1,0.1,26.8,1,Mahavira's Birthday
2010-04-21,940.0,,1.1,27.1,2.3,26.6,1,Mahavira's Birthday
2010-04-22,940.0,,1.7,26.9,4.2,26.3,1,Mahavira's Birthday
2010-04-23,940.0,,5.8,26.4,5.5,26.0,1,Mahavira's Birthday
2010-04-24,940.0,,4.9,26.3,10.0,25.7,1,Mahavira's Birthday
2010-04-25,940.0,,1.4,26.3,1.4,25.9,1,Mahavira's Birthday
2010-04-26,940.0,,4.2,26.9,7.5,26.3,1,Mahavira's Birthday
2010-04-27,940.0,,1.3,26.8,2.3,26.2,1,Mahavira's Birthday
2010-04-28,940.0,,4.9,26.2,13.7,25.4,1,Mahavira's Birthday
2010-04-29,940.0,,4.3,26.5,6.1,25.9,0,
2010-04-30,940.0,,11.5,25.1,7.9,24.8,0,
2010-05-01,932.0,,0.3,26.2,0.9,25.9,0,
2010-05-02,932.0,,0.8,26.0,2.6,25.5,0,
2010-05-03,932.0,,0.9,26.2,1.9,25.7,0,
2010-05-04,932.0,,0.2,26.5,0.1,26.2,0,
2010-05-05,932.0,,0.0,26.6,0.2,26.3,0,
2010-05-06,932.0,,0.0,27.3,0.0,27.0,0,
2010-05-07,932.0,,1.7,27.1,2.9,26.6,0,
2010-05-08,932.0,,5.4,26.3,7.6,25.9,0,
2010-05-09,932.0,,1.3,27.1,1.1,26.6,0,
2010-05-10,932.0,,0.2,27.3,0.0,26.9,0,
2010-05-11,932.0,,0.3,28.6,0.0,28.1,0,
2010-05-12,932.0,,0.0,28.2,0.0,27.9,0,
2010-05-13,932.0,,0.2,28.3,1.2,28.0,0,
2010-05-14,932.0,,1.5,27.6,3.0,27.2,0,
2010-05-15,932.0,,0.0,28.2,0.3,27.7,0,
2010-05-16,932.0,,8.6,27.4,13.1,26.9,0,
2010-05-17,932.0,,0.0,27.6,0.2,27.1,1,Buddha Purnima
2010-05-18,932.0,,2.7,27.4,6.1,27.0,1,Buddha Purnima
2010-05-19,932.0,,7.7,25.1,11.8,24.6,1,Buddha Purnima
2010-05-20,932.0,,0.6,24.7,2.5,24.2,1,Buddha Purnima
2010-05-21,932.0,,0.2,26.3,0.2,25.8,1,Buddha Purnima
2010-05-22,932.0,,0.6,25.9,0.2,25.6,1,Buddha Purnima
2010-05-23,932.0,,0.9,26.3,0.2,25.9,1,Buddha Purnima
2010-05-24,932.0,,0.7,26.8,2.2,26.4,1,Buddha Purnima
2010-05-25,932.0,,0.2,26.8,0.3,26.5,1,Buddha Purnima
2010-05-26,932.0,,0.2,26.7,0.5,26.4,1,Buddha Purnima
2010-05-27,932.0,,0.0,27.0,0.0,26.6,1,Buddha Purnima
2010-05-28,932.0,,0.0,27.2,0.0,26.9,0,
2010-05-29,932.0,,0.1,27.6,0.0,27.2,0,
2010-05-30,932.0,,1.1,26.7,2.0,26.2,0,
2010-05-31,932.0,,9.0,25.3,9.2,25.0,0,
2010-06-01,993.0,,2.8,26.2,2.2,25.8,0,
2010-06-02,993.0,,3.8,26.3,2.2,26.0,0,
2010-06-03,993.0,,5.3,26.3,4.4,26.0,0,
2010-06-04,993.0,,6.0,26.6,6.5,26.2,0,
2010-06-05,993.0,,8.2,25.5,6.6,25.3,0,
2010-06-06,993.0,,0.5,25.2,0.4,25.1,0,
2010-06-07,993.0,,5.5,24.7,8.4,24.5,0,
2010-06-08,993.0,,9.0,25.0,5.2,24.7,0,
2010-06-09,993.0,,5.9,24.8,8.3,24.5,0,
2010-06-10,993.0,,12.2,23.6,9.2,23.3,0,
2010-06-11,993.0,,5.2,23.5,6.6,23.1,0,
2010-06-12,993.0,,4.1,23.7,4.6,23.4,0,
2010-06-13,993.0,,9.7,22.6,6.9,22.5,0,
2010-06-14,993.0,,17.5,22.4,15.3,22.1,0,
2010-06-15,993.0,,13.6,22.5,10.1,22.4,0,
2010-06-16,993.0,,0.5,24.1,0.7,23.9,0,
2010-06-17,993.0,,0.8,24.2,3.1,24.0,0,
2010-06-18,993.0,,1.2,24.1,3.1,23.9,0,
2010-06-19,993.0,,2.0,24.2,2.7,23.9,0,
2010-06-20,993.0,,3.1,24.0,2.7,23.8,0,
2010-06-21,993.0,,0.0,24.7,0.3,24.5,0,
2010-06-22,993.0,,3.3,24.4,2.7,24.2,0,
2010-06-23,993.0,,2.5,23.9,1.8,23.7,0,
2010-06-24,993.0,,5.8,22.5,5.0,22.4,0,
2010-06-25,993.0,,8.4,21.9,4.4,21.8,0,
2010-06-26,993.0,,3.6,23.0,3.0,23.0,0,
2010-06-27,993.0,,3.0,24.1,4.1,23.9,0,
2010-06-28,993.0,,1.0,24.3,1.4,24.1,0,
2010-06-29,993.0,,2.1,24.4,2.7,24.2,0,
2010-06-30,993.0,,2.6,24.0,1.8,23.8,0,
2010-07-01,1031.0,,20.0,23.0,29.3,22.8,0,
2010-07-02,1031.0,,19.7,21.8,25.7,21.5,0,
2010-07-03,1031.0,,62.8,21.7,58.2,21.4,0,
2010-07-04,1031.0,,5.5,23.2,3.8,23.0,0,
2010-07-05,1031.0,,5.3,22.8,12.5,22.5,0,
2010-07-06,1031.0,,5.3,22.6,2.9,22.3,0,
2010-07-07,1031.0,,5.2,22.9,4.8,22.6,0,
2010-07-08,1031.0,,3.7,23.3,5.6,23.0,0,
2010-07-09,1031.0,,0.4,23.3,2.1,23.0,0,
2010-07-10,1031.0,,1.6,23.7,1.5,23.7,0,
2010-07-11,1031.0,,7.0,24.0,9.0,23.9,0,
2010-07-12,1031.0,,6.6,23.5,6.2,23.2,0,
2010-07-13,1031.0,,0.4,23.3,0.9,23.1,0,
2010-07-14,1031.0,,0.3,23.3,0.7,23.2,0,
2010-07-15,1031.0,,2.3,23.4,4.0,23.1,0,
2010-07-16,1031.0,,14.9,22.9,13.3,22.6,0,
2010-07-17,1031.0,,5.4,22.7,9.3,22.4,0,
2010-07-18,1031.0,,2.2,22.8,7.0,22.5,0,
2010-07-19,1031.0,,6.9,22.5,9.5,22.3,0,
2010-07-20,1031.0,,12.9,21.9,18.5,21.7,0,
2010-07-21,1031.0,,8.5,21.9,7.7,21.7,0,
2010-07-22,1031.0,,18.7,21.3,19.1,21.1,0,
2010-07-23,1031.0,,3.1,22.3,1.9,22.0,0,
2010-07-24,1031.0,,2.3,22.4,2.9,22.1,0,
2010-07-25,1031.0,,8.4,21.8,10.2,21.7,0,
2010-07-26,1031.0,,6.6,22.0,3.8,22.0,0,
2010-07-27,1031.0,,2.3,22.7,1.9,22.6,0,
2010-07-28,1031.0,,12.2,22.0,11.5,21.7,0,
2010-07-29,1031.0,,13.7,21.5,8.5,21.3,0,
2010-07-30,1031.0,,13.7,21.3,16.1,21.0,0,
2010-07-31,1031.0,,10.2,21.8,5.0,21.8,0,
2010-08-01,1170.0,,8.9,21.7,4.2,21.7,0,
2010-08-02,1170.0,,0.1,22.8,0.2,22.6,0,
2010-08-03,1170.0,,7.6,22.6,13.5,22.3,0,
2010-08-04,1170.0,,1.8,22.8,4.0,22.6,0,
2010-08-05,1170.0,,0.5,23.4,1.8,23.2,1,Independence Day
2010-08-06,1170.0,,0.4,22.8,0.5,22.5,1,Independence Day
2010-08-07,1170.0,,3.7,22.7,3.0,22.5,1,Independence Day
2010-08-08,1170.0,,1.5,23.3,0.5,23.1,1,Independence Day
2010-08-09,1170.0,,0.2,23.5,0.5,23.3,1,Independence Day
2010-08-10,1170.0,,0.3,23.5,0.5,23.3,1,Independence Day
2010-08-11,1170.0,,0.6,23.4,0.6,23.2,1,Independence Day
2010-08-12,1170.0,,2.3,23.4,3.7,23.2,1,Independence Day
2010-08-13,1170.0,,6.6,22.8,4.2,22.6,1,Independence Day
2010-08-14,1170.0,,11.3,23.0,9.4,22.8,1,Independence Day
2010-08-15,1170.0,,7.6,23.6,9.9,23.3,1,Independence Day
2010-08-16,1170.0,,11.5,23.0,18.4,22.7,0,
2010-08-17,1170.0,,6.8,22.9,5.8,22.6,0,
2010-08-18,1170.0,,2.7,22.3,1.5,22.1,0,
2010-08-19,1170.0,,0.7,23.0,0.5,22.8,0,
2010-08-20,1170.0,,11.4,22.7,9.0,22.5,0,
2010-08-21,1170.0,,17.1,22.5,15.5,22.2,0,
2010-08-22,1170.0,,3.0,22.6,4.9,22.3,0,
2010-08-23,1170.0,,3.8,22.6,4.1,22.2,1,Janmashtami (Vaishnava)
2010-08-24,1170.0,,10.3,21.9,12.7,21.5,1,Janmashtami (Vaishnava)
2010-08-25,1170.0,,17.2,21.6,17.2,21.2,1,Janmashtami (Vaishnava)
2010-08-26,1170.0,,7.2,22.2,13.1,21.9,1,Janmashtami (Vaishnava)
2010-08-27,1170.0,,15.2,22.6,16.7,22.4,1,Janmashtami (Vaishnava)
2010-08-28,1170.0,,3.1,23.4,5.1,23.2,1,Janmashtami (Vaishnava)
2010-08-29,1170.0,,1.7,23.4,4.2,23.1,1,Janmashtami (Vaishnava)
2010-08-30,1170.0,,4.0,22.5,6.5,22.2,1,Janmashtami (Vaishnava)
2010-08-31,1170.0,,7.7,21.7,6.6,21.5,1,Janmashtami (Vaishnava)
2010-09-01,1275.0,,0.0,22.8,0.1,22.5,1,Janmashtami (Vaishnava)
2010-09-02,1275.0,,0.9,22.6,0.6,22.3,1,Janmashtami (Vaishnava)
2010-09-03,1275.0,,0.1,22.5,0.5,22.2,1,Eid al-Fitr
2010-09-04,1275.0,,0.0,22.8,0.3,22.6,1,Eid al-Fitr
2010-09-05,1275.0,,4.6,22.7,4.6,22.3,1,Eid al-Fitr
2010-09-06,1275.0,,4.6,22.7,5.3,22.5,1,Eid al-Fitr
2010-09-07,1275.0,,1.8,23.0,2.1,22.8,1,Eid al-Fitr
2010-09-08,1275.0,,5.0,22.6,3.9,22.5,1,Eid al-Fitr
2010-09-09,1275.0,,1.2,23.1,0.9,22.9,1,Eid al-Fitr
2010-09-10,1275.0,,6.1,22.9,6.2,22.6,1,Eid al-Fitr
2010-09-11,1275.0,,3.6,22.8,4.9,22.5,1,Eid al-Fitr
2010-09-12,1275.0,,3.6,22.6,2.4,22.3,0,
2010-09-13,1275.0,,3.2,22.8,5.7,22.4,0,
2010-09-14,1275.0,,1.8,22.7,1.7,22.4,0,
2010-09-15,1275.0,,3.6,22.7,4.7,22.3,0,
2010-09-16,1275.0,,0.3,23.2,0.4,22.9,0,
2010-09-17,1275.0,,0.9,23.0,1.2,22.6,0,
2010-09-18,1275.0,,0.0,22.5,0.0,22.1,0,
2010-09-19,1275.0,,0.0,22.7,0.3,22.4,0,
2010-09-20,1275.0,,0.0,23.0,0.0,22.9,0,
2010-09-21,1275.0,,4.8,23.0,4.3,22.7,0,
2010-09-22,1275.0,,4.1,23.4,10.0,23.0,1,Mahatma Gandhi's Birthday
2010-09-23,1275.0,,5.7,23.7,9.8,23.5,1,Mahatma Gandhi's Birthday
2010-09-24,1275.0,,34.6,23.2,30.0,23.1,1,Mahatma Gandhi's Birthday
2010-09-25,1275.0,,0.0,23.1,0.0,22.9,1,Mahatma Gandhi's Birthday
2010-09-26,1275.0,,15.9,23.1,16.4,22.9,1,Mahatma Gandhi's Birthday
2010-09-27,1275.0,,10.5,22.9,6.6,22.6,1,Mahatma Gandhi's Birthday
2010-09-28,1275.0,,0.8,23.7,0.6,23.4,1,Mahatma Gandhi's Birthday
2010-09-29,1275.0,,5.8,23.5,4.1,23.3,1,Mahatma Gandhi's Birthday
2010-09-30,1275.0,,9.4,23.8,10.4,23.6,1,Mahatma Gandhi's Birthday
2010-10-01,1412.0,,6.6,23.5,7.7,23.2,1,Mahatma Gandhi's Birthday
2010-10-02,1412.0,,15.3,22.8,24.3,22.5,1,Mahatma Gandhi's Birthday
2010-10-03,1412.0,,2.9,23.2,2.0,22.9,0,
2010-10-04,1412.0,,2.8,23.6,2.0,23.3,0,
2010-10-05,1412.0,,6.4,23.4,8.4,23.1,0,
2010-10-06,1412.0,,6.6,22.9,5.0,22.6,0,
2010-10-07,1412.0,,2.4,23.1,2.9,22.8,1,Dussehra
2010-10-08,1412.0,,1.4,23.2,1.7,22.9,1,Dussehra
2010-10-09,1412.0,,0.6,23.3,1.1,23.1,1,Dussehra
2010-10-10,1412.0,,0.3,22.9,0.2,22.7,1,Dussehra
2010-10-11,1412.0,,0.0,22.8,0.0,22.7,1,Dussehra
2010-10-12,1412.0,,1.9,22.2,1.8,22.1,1,Dussehra
2010-10-13,1412.0,,1.0,22.8,1.4,22.7,1,Dussehra
2010-10-14,1412.0,,11.6,22.3,13.8,22.1,1,Dussehra
2010-10-15,1412.0,,1.4,22.6,2.1,22.3,1,Dussehra
2010-10-16,1412.0,,0.5,21.9,0.5,21.7,1,Dussehra
2010-10-17,1412.0,,0.0,21.9,0.0,21.7,1,Dussehra
2010-10-18,1412.0,,1.6,22.4,2.0,22.1,0,
2010-10-19,1412.0,,1.5,22.7,0.7,22.3,0,
2010-10-20,1412.0,,9.6,22.5,3.8,22.3,0,
2010-10-21,1412.0,,7.3,22.8,5.3,22.5,0,
2010-10-22,1412.0,,2.2,23.0,2.2,22.8,0,
2010-10-23,1412.0,,2.6,22.3,7.4,22.0,0,
2010-10-24,1412.0,,0.1,22.8,0.2,22.5,0,
2010-10-25,1412.0,,0.0,22.8,0.2,22.6,0,
2010-10-26,1412.0,,1.4,23.0,2.4,22.8,1,Diwali (Deepavali)
2010-10-27,1412.0,,2.7,22.6,2.1,22.7,1,Diwali (Deepavali)
2010-10-28,1412.0,,0.0,22.8,0.0,22.8,1,Diwali (Deepavali)
2010-10-29,1412.0,,0.0,22.1,0.0,22.0,1,Diwali (Deepavali)
2010-10-30,1412.0,,2.3,21.8,5.9,21.5,1,Diwali (Deepavali)
2010-10-31,1412.0,,8.1,21.4,6.4,21.1,1,Diwali (Deepavali)
2010-11-01,1512.0,,9.7,21.5,5.2,21.1,1,Diwali (Deepavali)
2010-11-02,1512.0,,24.0,20.4,46.9,20.0,1,Diwali (Deepavali)
2010-11-03,1512.0,,8.0,22.0,9.8,21.6,1,Diwali (Deepavali)
2010-11-04,1512.0,,5.7,22.4,4.6,22.1,1,Diwali (Deepavali)
2010-11-05,1512.0,,13.6,22.1,18.8,21.7,1,Diwali (Deepavali)
2010-11-06,1512.0,,2.3,21.9,4.5,21.7,0,
2010-11-07,1512.0,,11.5,20.8,17.2,20.3,1,Eid al-Adha
2010-11-08,1512.0,,26.8,20.9,22.7,20.5,1,Eid al-Adha
2010-11-09,1512.0,,9.7,22.1,10.0,21.7,1,Eid al-Adha
2010-11-10,1512.0,,7.0,22.7,4.3,22.3,1,Eid al-Adha
2010-11-11,1512.0,,16.1,21.9,15.8,21.7,1,Guru Nanak's Birthday
2010-11-12,1512.0,,3.7,22.4,4.1,22.0,1,Guru Nanak's Birthday
2010-11-13,1512.0,,1.2,22.7,0.9,22.8,1,Guru Nanak's Birthday
2010-11-14,1512.0,,0.5,22.8,0.3,22.5,1,Guru Nanak's Birthday
2010-11-15,1512.0,,15.0,22.2,11.4,22.0,1,Guru Nanak's Birthday
2010-11-16,1512.0,,2.4,21.6,3.5,21.2,1,Guru Nanak's Birthday
2010-11-17,1512.0,,8.0,20.7,7.2,20.4,1,Guru Nanak's Birthday
2010-11-18,1512.0,,7.9,22.2,2.9,21.8,1,Guru Nanak's Birthday
2010-11-19,1512.0,,0.1,22.1,0.0,22.0,1,Guru Nanak's Birthday
2010-11-20,1512.0,,0.0,21.7,0.0,21.5,1,Guru Nanak's Birthday
2010-11-21,1512.0,,1.3,21.5,1.7,21.2,1,Guru Nanak's Birthday
2010-11-22,1512.0,,0.4,21.9,0.3,21.6,0,
2010-11-23,1512.0,,3.4,21.8,5.3,21.6,0,
2010-11-24,1512.0,,0.7,21.7,0.7,21.5,0,
2010-11-25,1512.0,,0.0,21.6,0.2,21.5,0,
2010-11-26,1512.0,,1.5,20.9,1.6,20.7,0,
2010-11-27,1512.0,,0.0,21.0,0.3,20.6,0,
2010-11-28,1512.0,,0.0,20.7,0.0,20.6,0,
2010-11-29,1512.0,,0.0,20.9,0.0,20.7,0,
2010-11-30,1512.0,,0.0,20.8,0.0,20.7,0,
2010-12-01,1715.0,,0.0,20.7,0.0,20.5,0,
2010-12-02,1715.0,,0.5,21.5,0.5,21.3,0,
2010-12-03,1715.0,,0.0,21.4,0.0,21.2,0,
2010-12-04,1715.0,,0.0,20.3,0.0,20.2,0,
2010-12-05,1715.0,,0.0,19.9,0.0,19.8,0,
2010-12-06,1715.0,,0.0,19.3,0.0,19.0,0,
2010-12-07,1715.0,,0.8,19.6,4.1,19.2,1,Ashura
2010-12-08,1715.0,,0.7,21.9,1.2,21.6,1,Ashura
2010-12-09,1715.0,,0.1,21.3,0.5,21.3,1,Ashura
2010-12-10,1715.0,,0.0,20.9,0.0,20.7,1,Ashura
2010-12-11,1715.0,,0.5,20.9,0.8,20.7,1,Ashura
2010-12-12,1715.0,,0.0,20.1,0.0,19.9,1,Ashura
2010-12-13,1715.0,,0.0,20.0,0.0,19.7,1,Ashura
2010-12-14,1715.0,,0.0,20.4,0.0,20.4,1,Ashura
2010-12-15,1715.0,,2.9,20.9,2.3,20.8,1,Ashura
2010-12-16,1715.0,,1.7,20.7,3.0,20.4,1,Ashura
2010-12-17,1715.0,,0.2,21.0,0.4,20.9,1,Ashura
2010-12-18,1715.0,,0.0,20.7,0.0,20.4,1,Christmas
2010-12-19,1715.0,,0.0,19.3,0.0,19.2,1,Christmas
2010-12-20,1715.0,,0.0,19.4,0.0,19.1,1,Christmas
2010-12-21,1715.0,,0.0,20.3,0.0,20.1,1,Christmas
2010-12-22,1715.0,,0.0,19.8,0.0,19.0,1,Christmas
2010-12-23,1715.0,,0.0,18.5,0.0,17.8,1,Christmas
2010-12-24,1715.0,,0.0,18.0,0.0,17.5,1,Christmas
2010-12-25,1715.0,,0.0,18.2,0.0,18.0,1,Christmas
2010-12-26,1715.0,,0.0,18.7,0.0,18.6,0,
2010-12-27,1715.0,,0.0,19.5,0.0,19.3,0,
2010-12-28,1715.0,,0.0,19.4,0.0,19.2,0,
2010-12-29,1715.0,,0.1,19.3,0.4,18.9,0,
2010-12-30,1715.0,,0.0,20.8,0.0,20.5,0,
2010-12-31,1715.0,,0.0,21.0,0.0,20.4,0,
2011-01-01,2038.0,,0.0,21.5,0.0,21.0,0,
2011-01-02,2038.0,,0.0,21.6,0.0,21.4,0,
2011-01-03,2038.0,,0.0,21.8,0.0,21.8,0,
2011-01-04,2038.0,,0.0,21.6,0.0,21.4,0,
2011-01-05,2038.0,,0.1,21.0,0.0,20.9,0,
2011-01-06,2038.0,,0.0,21.0,0.0,20.9,0,
2011-01-07,2038.0,,0.0,21.0,0.0,20.8,0,
2011-01-08,2038.0,,0.0,21.5,0.0,21.2,0,
2011-01-09,2038.0,,0.0,22.1,0.0,21.3,0,
2011-01-10,2038.0,,0.0,21.6,0.0,20.9,0,
2011-01-11,2038.0,,0.0,20.4,0.0,19.7,0,
2011-01-12,2038.0,,0.0,20.9,0.0,19.8,0,
2011-01-13,2038.0,,0.0,19.3,0.0,18.7,0,
2011-01-14,2038.0,,0.0,19.3,0.0,18.8,0,
2011-01-15,2038.0,,0.0,19.4,0.0,19.0,0,
2011-01-16,2038.0,,0.0,20.7,0.0,20.1,1,Republic Day
2011-01-17,2038.0,,0.0,21.4,0.0,21.3,1,Republic Day
2011-01-18,2038.0,,0.0,21.5,0.0,21.1,1,Republic Day
2011-01-19,2038.0,,0.0,21.0,0.0,20.5,1,Republic Day
2011-01-20,2038.0,,0.0,21.4,0.0,21.2,1,Republic Day
2011-01-21,2038.0,,0.0,21.0,0.0,21.1,1,Republic Day
2011-01-22,2038.0,,0.0,20.6,0.0,20.6,1,Republic Day
2011-01-23,2038.0,,0.0,20.4,0.0,20.4,1,Republic Day
2011-01-24,2038.0,,0.0,20.1,0.0,20.1,1,Republic Day
2011-01-25,2038.0,,0.0,19.8,0.0,19.5,1,Republic Day
2011-01-26,2038.0,,0.0,20.2,0.0,20.1,1,Republic Day
2011-01-27,2038.0,,0.0,20.5,0.0,20.5,0,
2011-01-28,2038.0,,0.0,20.1,0.0,20.4,0,
2011-01-29,2038.0,,0.0,20.4,0.0,20.6,0,
2011-01-30,2038.0,,0.0,20.6,0.0,20.9,0,
2011-01-31,2038.0,,0.0,20.9,0.0,20.9,0,
2011-02-01,2256.0,,0.0,21.2,0.0,21.1,0,
2011-02-02,2256.0,,0.0,20.8,0.0,21.0,0,
2011-02-03,2256.0,,0.0,21.1,0.0,21.1,0,
2011-02-04,2256.0,,0.0,20.8,0.0,20.5,0,
2011-02-05,2256.0,,0.0,20.9,0.0,20.7,0,
2011-02-06,2256.0,,0.0,20.9,0.0,20.6,1,Prophet's Birthday
2011-02-07,2256.0,,0.0,20.7,0.0,20.5,1,Prophet's Birthday
2011-02-08,2256.0,,0.0,20.7,0.0,20.8,1,Prophet's Birthday
2011-02-09,2256.0,,0.0,20.4,0.0,20.6,1,Prophet's Birthday
2011-02-10,2256.0,,0.0,20.1,0.0,20.3,1,Prophet's Birthday
2011-02-11,2256.0,,0.0,20.4,0.0,20.8,1,Prophet's Birthday
2011-02-12,2256.0,,0.0,20.2,0.0,20.4,1,Prophet's Birthday
2011-02-13,2256.0,,0.0,20.5,0.0,20.5,1,Prophet's Birthday
2011-02-14,2256.0,,0.0,20.7,0.0,20.7,1,Prophet's Birthday
2011-02-15,2256.0,,0.0,21.0,0.0,20.8,1,Prophet's Birthday
2011-02-16,2256.0,,0.0,21.5,0.0,21.5,1,Prophet's Birthday
2011-02-17,2256.0,,0.0,21.9,0.0,21.9,0,
2011-02-18,2256.0,,0.0,22.1,0.0,22.1,0,
2011-02-19,2256.0,,0.0,22.3,0.0,22.5,0,
2011-02-20,2256.0,,0.0,23.0,0.0,23.1,1,Maha Shivaratri
2011-02-21,2256.0,,0.0,23.2,0.0,23.3,1,Maha Shivaratri
2011-02-22,2256.0,,1.2,23.2,2.8,22.9,1,Maha Shivaratri
2011-02-23,2256.0,,4.4,22.8,6.0,22.2,1,Maha Shivaratri
2011-02-24,2256.0,,2.1,22.6,2.1,22.3,1,Maha Shivaratri
2011-02-25,2256.0,,0.7,22.5,0.3,22.2,1,Maha Shivaratri
2011-02-26,2256.0,,0.0,23.1,0.5,23.0,1,Maha Shivaratri
2011-02-27,2256.0,,0.0,23.8,0.0,23.7,1,Maha Shivaratri
2011-02-28,2256.0,,0.0,23.7,0.0,23.5,1,Maha Shivaratri
2011-03-01,1925.0,,0.0,23.2,0.0,23.1,1,Maha Shivaratri
2011-03-02,1925.0,,0.0,23.7,0.0,23.4,1,Maha Shivaratri
2011-03-03,1925.0,,0.0,23.6,0.0,23.4,0,
2011-03-04,1925.0,,0.0,23.2,0.0,23.0,0,
2011-03-05,1925.0,,0.0,23.6,0.0,23.7,0,
2011-03-06,1925.0,,0.0,24.4,0.0,24.4,0,
2011-03-07,1925.0,,0.0,24.2,0.0,24.4,0,
2011-03-08,1925.0,,0.0,25.4,0.0,25.5,0,
2011-03-09,1925.0,,0.0,25.6,0.0,25.8,0,
2011-03-10,1925.0,,0.0,26.5,0.0,26.4,0,
2011-03-11,1925.0,,0.0,26.2,0.0,26.0,0,
2011-03-12,1925.0,,0.0,26.1,0.0,25.8,0,
2011-03-13,1925.0,,0.0,25.4,0.0,25.0,0,
2011-03-14,1925.0,,0.0,25.5,0.0,25.1,0,
2011-03-15,1925.0,,0.0,25.8,0.0,25.4,0,
2011-03-16,1925.0,,0.0,25.8,0.0,25.5,0,
2011-03-17,1925.0,,0.0,25.2,0.0,24.9,0,
2011-03-18,1925.0,,0.0,23.7,0.0,23.8,0,
2011-03-19,1925.0,,0.0,24.4,0.0,24.5,0,
2011-03-20,1925.0,,0.0,24.8,0.0,24.6,0,
2011-03-21,1925.0,,0.0,25.5,0.0,25.0,0,
2011-03-22,1925.0,,0.0,26.0,0.0,25.8,0,
2011-03-23,1925.0,,0.0,26.4,0.0,26.2,0,
2011-03-24,1925.0,,0.2,26.1,0.9,25.7,0,
2011-03-25,1925.0,,0.0,26.6,0.0,26.2,0,
2011-03-26,1925.0,,0.0,26.2,1.3,25.6,0,
2011-03-27,1925.0,,0.0,26.9,0.0,26.6,0,
2011-03-28,1925.0,,0.0,26.7,0.0,26.4,0,
2011-03-29,1925.0,,0.0,27.0,0.0,26.6,0,
2011-03-30,1925.0,,0.0,27.3,0.0,27.0,0,
2011-03-31,1925.0,,0.0,26.8,0.0,26.4,0,
2011-04-01,2089.0,,0.0,27.3,0.0,27.0,0,
2011-04-02,2089.0,,0.0,26.9,0.0,26.6,1,Ram Navami
2011-04-03,2089.0,,0.0,26.4,0.0,26.1,1,Ram Navami
2011-04-04,2089.0,,0.0,26.2,0.0,25.9,1,Dr. B. R. Ambedkar's Birthday
2011-04-05,2089.0,,0.0,26.3,0.0,26.1,1,Dr. B. R. Ambedkar's Birthday
2011-04-06,2089.0,,0.0,25.9,0.0,25.7,1,Dr. B. R. Ambedkar's Birthday
2011-04-07,2089.0,,0.0,27.3,0.0,27.2,1,Dr. B. R. Ambedkar's Birthday
2011-04-08,2089.0,,0.0,27.2,0.0,26.9,1,Dr. B. R. Ambedkar's Birthday
2011-04-09,2089.0,,0.0,27.2,0.0,27.0,1,Dr. B. R. Ambedkar's Birthday
2011-04-10,2089.0,,1.8,26.0,0.0,26.3,1,Dr. B. R. Ambedkar's Birthday
2011-04-11,2089.0,,0.0,26.9,0.0,26.9,1,Dr. B. R. Ambedkar's Birthday
2011-04-12,2089.0,,0.0,27.3,0.0,27.1,1,Dr. B. R. Ambedkar's Birthday
2011-04-13,2089.0,,0.0,27.5,0.0,27.3,1,Dr. B. R. Ambedkar's Birthday
2011-04-14,2089.0,,3.5,25.7,4.5,25.5,1,Dr. B. R. Ambedkar's Birthday
2011-04-15,2089.0,,8.6,24.6,10.0,24.4,1,Mahavira's Birthday
2011-04-16,2089.0,,1.3,25.4,2.8,24.8,1,Mahavira's Birthday
2011-04-17,2089.0,,0.0,26.5,0.4,26.2,1,Good Friday
2011-04-18,2089.0,,0.0,27.0,0.0,26.7,1,Good Friday
2011-04-19,2089.0,,5.8,26.4,7.8,26.0,1,Good Friday
2011-04-20,2089.0,,0.0,26.0,0.0,25.7,1,Good Friday
2011-04-21,2089.0,,20.6,24.8,19.4,24.5,1,Good Friday
2011-04-22,2089.0,,10.9,23.5,22.7,23.2,1,Good Friday
2011-04-23,2089.0,,3.1,24.3,4.6,23.9,0,
2011-04-24,2089.0,,0.0,24.3,1.1,23.9,0,
2011-04-25,2089.0,,1.1,25.2,0.0,24.9,0,
2011-04-26,2089.0,,0.0,26.0,0.2,25.5,0,
2011-04-27,2089.0,,0.0,26.5,0.0,25.8,0,
2011-04-28,2089.0,,0.0,26.4,0.0,25.9,0,
2011-04-29,2089.0,,0.0,26.4,0.0,26.0,0,
2011-04-30,2089.0,,1.5,26.3,1.6,25.9,0,
2011-05-01,2097.0,,1.6,25.9,1.7,25.4,0,
2011-05-02,2097.0,,1.3,26.3,1.1,25.9,0,
2011-05-03,2097.0,,1.7,26.4,2.7,26.0,0,
2011-05-04,2097.0,,0.0,26.9,0.1,26.5,0,
2011-05-05,2097.0,,0.1,27.1,0.0,26.7,0,
2011-05-06,2097.0,,0.0,27.5,0.0,27.2,0,
2011-05-07,2097.0,,0.0,25.9,0.0,25.7,1,Buddha Purnima
2011-05-08,2097.0,,0.0,25.3,0.0,25.0,1,Buddha Purnima
2011-05-09,2097.0,,0.0,26.4,0.0,26.1,1,Buddha Purnima
2011-05-10,2097.0,,0.0,26.1,0.0,25.9,1,Buddha Purnima
2011-05-11,2097.0,,0.7,26.0,0.5,25.8,1,Buddha Purnima
2011-05-12,2097.0,,0.9,26.2,1.8,25.8,1,Buddha Purnima
2011-05-13,2097.0,,2.1,26.5,1.0,26.3,1,Buddha Purnima
2011-05-14,2097.0,,4.4,25.4,1.2,25.3,1,Buddha Purnima
2011-05-15,2097.0,,7.8,25.7,8.3,25.3,1,Buddha Purnima
2011-05-16,2097.0,,0.5,26.9,0.4,26.5,1,Buddha Purnima
2011-05-17,2097.0,,2.6,26.4,0.4,26.4,1,Buddha Purnima
2011-05-18,2097.0,,3.7,25.7,2.0,25.7,0,
2011-05-19,2097.0,,6.7,25.9,13.7,25.7,0,
2011-05-20,2097.0,,0.1,25.9,0.4,25.7,0,
2011-05-21,2097.0,,0.3,25.8,0.6,25.7,0,
2011-05-22,2097.0,,0.5,25.0,0.3,25.0,0,
2011-05-23,2097.0,,2.2,26.0,3.4,25.8,0,
2011-05-24,2097.0,,0.6,26.0,0.4,26.0,0,
2011-05-25,2097.0,,1.8,26.2,1.5,26.1,0,
2011-05-26,2097.0,,3.1,26.1,4.8,25.8,0,
2011-05-27,2097.0,,3.2,25.6,9.1,25.3,0,
2011-05-28,2097.0,,7.7,24.9,8.0,24.6,0,
2011-05-29,2097.0,,6.8,24.9,10.0,24.6,0,
2011-05-30,2097.0,,2.9,25.5,6.9,25.1,0,
2011-05-31,2097.0,,4.0,25.3,6.2,25.0,0,
2011-06-01,1803.0,,10.0,24.8,9.6,24.5,0,
2011-06-02,1803.0,,11.3,23.0,10.1,22.8,0,
2011-06-03,1803.0,,24.6,22.2,22.3,22.0,0,
2011-06-04,1803.0,,5.4,23.4,4.7,23.2,0,
2011-06-05,1803.0,,2.0,24.0,1.5,23.9,0,
2011-06-06,1803.0,,1.3,24.1,3.6,23.9,0,
2011-06-07,1803.0,,0.1,23.7,0.2,23.5,0,
2011-06-08,1803.0,,0.0,24.3,0.1,24.1,0,
2011-06-09,1803.0,,0.0,24.0,0.1,23.8,0,
2011-06-10,1803.0,,1.0,24.0,0.4,23.9,0,
2011-06-11,1803.0,,1.7,23.8,1.1,23.7,0,
2011-06-12,1803.0,,1.4,23.7,3.3,23.5,0,
2011-06-13,1803.0,,0.5,23.8,2.4,23.6,0,
2011-06-14,1803.0,,8.7,22.8,11.5,22.6,0,
2011-06-15,1803.0,,7.6,21.1,4.6,20.9,0,
2011-06-16,1803.0,,2.7,21.9,0.8,21.9,0,
2011-06-17,1803.0,,7.8,22.2,7.6,22.0,0,
2011-06-18,1803.0,,0.1,23.8,0.0,23.6,0,
2011-06-19,1803.0,,0.0,23.8,0.0,23.7,0,
2011-06-20,1803.0,,0.0,23.9,0.0,23.7,0,
2011-06-21,1803.0,,0.0,23.7,0.0,23.6,0,
2011-06-22,1803.0,,0.0,23.5,0.0,23.4,0,
2011-06-23,1803.0,,0.5,23.8,0.8,23.6,0,
2011-06-24,1803.0,,1.0,23.9,2.1,23.6,0,
2011-06-25,1803.0,,1.3,23.7,1.7,23.5,0,
2011-06-26,1803.0,,2.3,22.8,1.8,22.7,0,
2011-06-27,1803.0,,13.1,22.3,11.7,22.2,0,
2011-06-28,1803.0,,3.7,22.7,3.2,22.6,0,
2011-06-29,1803.0,,0.0,23.9,0.0,23.8,0,
2011-06-30,1803.0,,1.8,23.8,3.6,23.5,0,
2011-07-01,1662.0,,17.0,23.1,17.0,22.8,0,
2011-07-02,1662.0,,12.7,22.2,14.4,21.9,0,
2011-07-03,1662.0,,9.6,22.1,6.5,22.1,0,
2011-07-04,1662.0,,10.8,22.6,6.8,22.5,0,
2011-07-05,1662.0,,0.9,22.5,1.9,22.3,0,
2011-07-06,1662.0,,10.9,21.9,7.2,21.7,0,
2011-07-07,1662.0,,5.1,22.4,4.9,22.3,0,
2011-07-08,1662.0,,0.1,23.5,0.5,23.3,0,
2011-07-09,1662.0,,0.2,23.8,0.3,23.5,0,
2011-07-10,1662.0,,0.0,23.8,0.0,23.6,0,
2011-07-11,1662.0,,1.3,23.2,5.5,23.0,0,
2011-07-12,1662.0,,0.8,23.4,0.8,23.2,0,
2011-07-13,1662.0,,2.9,22.3,2.5,22.2,0,
2011-07-14,1662.0,,1.3,22.3,1.8,22.1,0,
2011-07-15,1662.0,,6.5,22.1,5.7,22.0,0,
2011-07-16,1662.0,,15.2,22.1,9.5,21.9,0,
2011-07-17,1662.0,,16.5,22.1,16.5,21.9,0,
2011-07-18,1662.0,,5.2,22.5,7.9,22.2,0,
2011-07-19,1662.0,,8.6,22.8,12.1,22.6,0,
2011-07-20,1662.0,,0.5,23.2,0.8,23.0,0,
2011-07-21,1662.0,,0.3,23.0,0.4,22.8,0,
2011-07-22,1662.0,,0.3,23.1,1.8,22.9,0,
2011-07-23,1662.0,,2.0,22.5,1.7,22.4,0,
2011-07-24,1662.0,,1.8,22.9,2.4,22.7,0,
2011-07-25,1662.0,,3.4,22.8,5.4,22.5,0,
2011-07-26,1662.0,,7.2,23.1,10.2,22.8,0,
2011-07-27,1662.0,,1.1,23.2,1.6,23.1,0,
2011-07-28,1662.0,,5.6,22.5,8.6,22.4,0,
2011-07-29,1662.0,,3.9,22.2,9.6,22.0,0,
2011-07-30,1662.0,,7.9,21.5,6.5,21.2,0,
2011-07-31,1662.0,,13.7,21.6,12.0,21.3,0,
2011-08-01,1454.0,,0.0,22.9,0.0,22.6,0,
2011-08-02,1454.0,,22.7,21.6,15.3,21.3,0,
2011-08-03,1454.0,,37.3,21.2,32.0,20.9,0,
2011-08-04,1454.0,,10.9,21.5,9.1,21.3,0,
2011-08-05,1454.0,,7.0,22.4,13.1,22.2,1,Independence Day
2011-08-06,1454.0,,1.1,22.4,2.6,22.2,1,Independence Day
2011-08-07,1454.0,,6.2,22.6,5.7,22.4,1,Independence Day
2011-08-08,1454.0,,1.2,23.0,1.6,22.8,1,Independence Day
2011-08-09,1454.0,,1.6,23.3,2.1,23.1,1,Independence Day
2011-08-10,1454.0,,0.4,23.0,0.7,22.8,1,Independence Day
2011-08-11,1454.0,,2.3,23.1,5.1,22.8,1,Independence Day
2011-08-12,1454.0,,1.4,22.8,1.6,22.6,1,Independence Day
2011-08-13,1454.0,,0.0,22.9,0.0,22.7,1,Independence Day
2011-08-14,1454.0,,0.5,23.0,0.4,22.7,1,Independence Day
2011-08-15,1454.0,,2.7,23.2,1.6,22.9,1,Independence Day
2011-08-16,1454.0,,12.9,22.3,17.3,22.0,1,Janmashtami (Vaishnava)
2011-08-17,1454.0,,15.7,22.0,8.1,21.6,1,Janmashtami (Vaishnava)
2011-08-18,1454.0,,6.3,21.7,8.2,21.5,1,Janmashtami (Vaishnava)
2011-08-19,1454.0,,9.1,21.9,4.1,21.8,1,Janmashtami (Vaishnava)
2011-08-20,1454.0,,34.9,21.5,33.4,21.3,1,Janmashtami (Vaishnava)
2011-08-21,1454.0,,24.5,21.3,24.6,21.0,1,Janmashtami (Vaishnava)
2011-08-22,1454.0,,11.1,22.5,10.4,22.2,1,Janmashtami (Vaishnava)
2011-08-23,1454.0,,10.2,23.0,13.8,22.7,1,Eid al-Fitr
2011-08-24,1454.0,,2.2,23.0,4.7,22.6,1,Eid al-Fitr
2011-08-25,1454.0,,5.2,22.5,4.6,22.2,1,Eid al-Fitr
2011-08-26,1454.0,,2.6,22.7,4.3,22.4,1,Eid al-Fitr
2011-08-27,1454.0,,4.6,22.1,5.0,21.9,1,Eid al-Fitr
2011-08-28,1454.0,,2.5,21.8,1.9,21.7,1,Eid al-Fitr
2011-08-29,1454.0,,10.0,21.5,6.5,21.4,1,Eid al-Fitr
2011-08-30,1454.0,,19.6,21.6,18.3,21.3,1,Eid al-Fitr
2011-08-31,1454.0,,35.0,22.2,29.7,21.9,1,Eid al-Fitr
2011-09-01,1305.0,,34.8,21.6,31.5,21.3,0,
2011-09-02,1305.0,,1.7,22.6,1.1,22.5,0,
2011-09-03,1305.0,,11.2,21.8,11.2,21.7,0,
2011-09-04,1305.0,,0.6,23.0,1.1,22.8,0,
2011-09-05,1305.0,,0.5,23.2,0.7,22.9,0,
2011-09-06,1305.0,,0.1,22.9,0.8,22.6,0,
2011-09-07,1305.0,,1.1,22.9,2.1,22.6,0,
2011-09-08,1305.0,,2.7,23.0,5.0,22.7,0,
2011-09-09,1305.0,,0.1,23.2,1.0,22.9,0,
2011-09-10,1305.0,,0.4,23.4,0.3,23.0,0,
2011-09-11,1305.0,,0.8,22.8,3.2,22.4,0,
2011-09-12,1305.0,,5.0,23.0,8.3,22.6,0,
2011-09-13,1305.0,,6.3,22.8,5.7,22.4,0,
2011-09-14,1305.0,,9.2,22.9,5.7,22.6,0,
2011-09-15,1305.0,,14.0,22.4,21.1,22.2,0,
2011-09-16,1305.0,,0.2,22.6,0.5,22.4,0,
2011-09-17,1305.0,,0.7,22.9,0.6,22.6,0,
2011-09-18,1305.0,,4.4,22.7,3.9,22.3,0,
2011-09-19,1305.0,,4.3,22.7,6.1,22.4,0,
2011-09-20,1305.0,,1.2,22.6,2.2,22.3,0,
2011-09-21,1305.0,,0.4,22.4,1.0,22.0,0,
2011-09-22,1305.0,,0.0,22.2,0.0,21.9,1,Mahatma Gandhi's Birthday
2011-09-23,1305.0,,0.0,21.6,0.0,21.3,1,Mahatma Gandhi's Birthday
2011-09-24,1305.0,,0.0,21.9,0.0,21.6,1,Mahatma Gandhi's Birthday
2011-09-25,1305.0,,0.0,22.9,0.0,22.8,1,Mahatma Gandhi's Birthday
2011-09-26,1305.0,,0.0,22.7,0.1,22.4,1,Mahatma Gandhi's Birthday
2011-09-27,1305.0,,0.0,22.8,0.0,22.4,1,Mahatma Gandhi's Birthday
2011-09-28,1305.0,,0.0,23.1,0.0,22.8,1,Mahatma Gandhi's Birthday
2011-09-29,1305.0,,0.0,23.2,0.0,23.0,1,Mahatma Gandhi's Birthday
2011-09-30,1305.0,,2.0,23.2,0.5,23.0,1,Mahatma Gandhi's Birthday
2011-10-01,1208.0,,3.8,22.7,0.9,22.6,1,Mahatma Gandhi's Birthday
2011-10-02,1208.0,,1.9,22.6,4.7,22.4,1,Mahatma Gandhi's Birthday
2011-10-03,1208.0,,0.4,22.9,0.7,22.8,1,Dussehra
2011-10-04,1208.0,,0.0,22.5,0.0,22.2,1,Dussehra
2011-10-05,1208.0,,0.0,22.2,0.0,22.0,1,Dussehra
2011-10-06,1208.0,,0.0,22.5,0.0,22.5,1,Dussehra
2011-10-07,1208.0,,0.4,22.7,0.4,22.6,0,
2011-10-08,1208.0,,0.5,22.8,1.5,22.6,0,
2011-10-09,1208.0,,1.0,23.4,6.3,23.0,0,
2011-10-10,1208.0,,12.2,23.1,14.0,22.7,0,
2011-10-11,1208.0,,8.4,22.8,8.7,22.3,0,
2011-10-12,1208.0,,12.4,22.4,14.1,22.0,0,
2011-10-13,1208.0,,7.0,22.8,8.9,22.6,0,
2011-10-14,1208.0,,8.1,23.0,13.0,22.8,0,
2011-10-15,1208.0,,11.3,23.0,11.6,22.8,0,
2011-10-16,1208.0,,1.1,23.7,0.5,23.4,1,Diwali (Deepavali)
2011-10-17,1208.0,,1.5,23.2,1.3,23.0,1,Diwali (Deepavali)
2011-10-18,1208.0,,0.1,23.3,0.5,23.1,1,Diwali (Deepavali)
2011-10-19,1208.0,,0.2,23.7,0.2,23.5,1,Diwali (Deepavali)
2011-10-20,1208.0,,3.8,23.2,2.4,23.2,1,Diwali (Deepavali)
2011-10-21,1208.0,,0.5,23.5,1.9,23.5,1,Diwali (Deepavali)
2011-10-22,1208.0,,0.0,23.7,0.0,23.6,1,Diwali (Deepavali)
2011-10-23,1208.0,,10.6,23.1,11.9,23.0,1,Diwali (Deepavali)
2011-10-24,1208.0,,16.1,22.8,19.4,22.5,1,Diwali (Deepavali)
2011-10-25,1208.0,,10.7,21.9,12.4,21.5,1,Diwali (Deepavali)
2011-10-26,1208.0,,12.3,22.0,13.4,21.7,1,Diwali (Deepavali)
2011-10-27,1208.0,,17.6,22.0,19.5,21.7,0,
2011-10-28,1208.0,,3.7,22.3,3.9,21.9,1,Eid al-Adha
2011-10-29,1208.0,,10.8,21.8,17.7,21.5,1,Eid al-Adha
2011-10-30,1208.0,,6.7,21.8,5.1,21.5,1,Eid al-Adha
2011-10-31,1208.0,,9.9,21.6,7.2,21.3,1,Guru Nanak's Birthday
2011-11-01,1479.0,,14.6,21.1,21.5,20.9,1,Guru Nanak's Birthday
2011-11-02,1479.0,,11.1,21.8,15.6,21.5,1,Guru Nanak's Birthday
2011-11-03,1479.0,,14.4,21.5,18.2,21.1,1,Guru Nanak's Birthday
2011-11-04,1479.0,,13.8,21.8,15.8,21.5,1,Guru Nanak's Birthday
2011-11-05,1479.0,,12.3,22.1,11.5,21.9,1,Guru Nanak's Birthday
2011-11-06,1479.0,,15.3,22.6,18.9,22.4,1,Guru Nanak's Birthday
2011-11-07,1479.0,,0.0,22.1,0.0,21.5,1,Guru Nanak's Birthday
2011-11-08,1479.0,,0.0,20.4,0.0,20.1,1,Guru Nanak's Birthday
2011-11-09,1479.0,,0.0,20.1,0.0,19.7,1,Guru Nanak's Birthday
2011-11-10,1479.0,,0.0,20.5,0.0,20.3,1,Guru Nanak's Birthday
2011-11-11,1479.0,,0.0,20.3,0.0,20.0,0,
2011-11-12,1479.0,,0.0,20.8,0.0,20.8,0,
2011-11-13,1479.0,,0.0,20.9,0.0,20.4,0,
2011-11-14,1479.0,,0.0,20.6,0.0,20.3,0,
2011-11-15,1479.0,,0.0,20.6,0.0,20.5,0,
2011-11-16,1479.0,,0.0,20.3,0.0,20.3,0,
2011-11-17,1479.0,,0.0,20.4,0.0,20.6,0,
2011-11-18,1479.0,,0.0,21.2,0.0,21.2,0,
2011-11-19,1479.0,,0.0,20.7,0.0,20.8,0,
2011-11-20,1479.0,,0.0,18.8,0.0,19.0,0,
2011-11-21,1479.0,,0.0,18.8,0.0,18.9,0,
2011-11-22,1479.0,,0.0,19.5,0.0,19.5,0,
2011-11-23,1479.0,,0.0,20.1,0.0,20.4,0,
2011-11-24,1479.0,,0.0,21.5,0.0,21.4,0,
2011-11-25,1479.0,,1.2,21.2,2.8,20.9,0,
2011-11-26,1479.0,,3.4,21.6,5.0,21.4,1,Ashura
2011-11-27,1479.0,,22.7,21.4,25.8,21.2,1,Ashura
2011-11-28,1479.0,,1.1,21.9,0.3,21.5,1,Ashura
2011-11-29,1479.0,,3.2,22.3,5.1,22.0,1,Ashura
2011-11-30,1479.0,,0.5,22.6,0.9,22.4,1,Ashura
2011-12-01,1445.0,,0.9,22.6,1.0,22.6,1,Ashura
2011-12-02,1445.0,,0.0,22.4,0.0,22.4,1,Ashura
2011-12-03,1445.0,,0.0,22.1,0.0,22.4,1,Ashura
2011-12-04,1445.0,,0.0,21.8,0.0,21.9,1,Ashura
2011-12-05,1445.0,,0.0,21.3,0.0,20.8,1,Ashura
2011-12-06,1445.0,,0.0,20.3,0.0,20.1,1,Ashura
2011-12-07,1445.0,,0.0,19.8,0.0,19.8,0,
2011-12-08,1445.0,,0.0,19.0,0.0,19.0,0,
2011-12-09,1445.0,,0.5,20.7,0.7,20.7,0,
2011-12-10,1445.0,,0.1,22.3,0.0,22.2,0,
2011-12-11,1445.0,,0.0,22.1,0.0,22.0,0,
2011-12-12,1445.0,,0.0,21.3,0.0,21.2,0,
2011-12-13,1445.0,,0.0,20.4,0.0,20.4,0,
2011-12-14,1445.0,,0.0,20.4,0.0,20.1,0,
2011-12-15,1445.0,,0.0,20.7,0.0,20.5,1,Christmas
2011-12-16,1445.0,,0.0,20.8,0.0,20.6,1,Christmas
2011-12-17,1445.0,,0.0,18.9,0.0,18.9,1,Christmas
2011-12-18,1445.0,,0.0,18.3,0.0,18.4,1,Christmas
2011-12-19,1445.0,,0.0,18.6,0.0,18.5,1,Christmas
2011-12-20,1445.0,,0.0,19.1,0.0,18.9,1,Christmas
2011-12-21,1445.0,,0.0,19.1,0.0,18.9,1,Christmas
2011-12-22,1445.0,,0.0,19.0,0.0,18.9,1,Christmas
2011-12-23,1445.0,,0.0,18.9,0.0,18.6,1,Christmas
2011-12-24,1445.0,,0.0,19.1,0.0,18.9,1,Christmas
2011-12-25,1445.0,,0.0,18.9,0.0,18.9,1,Christmas
2011-12-26,1445.0,,0.0,19.7,0.0,19.1,0,
2011-12-27,1445.0,,0.0,20.5,0.0,19.9,0,
2011-12-28,1445.0,,0.0,20.6,0.0,20.2,0,
2011-12-29,1445.0,,0.0,19.3,0.0,19.1,0,
2011-12-30,1445.0,,0.2,20.2,0.1,19.9,0,
2011-12-31,1445.0,,0.0,20.6,0.3,20.1,0,
2012-01-01,1451.0,,0.0,21.9,0.0,21.4,0,
2012-01-02,1451.0,,0.0,21.1,0.0,20.9,0,
2012-01-03,1451.0,,0.0,21.3,0.0,21.1,0,
2012-01-04,1451.0,,0.0,21.4,0.0,21.5,0,
2012-01-05,1451.0,,0.0,21.9,0.0,21.8,0,
2012-01-06,1451.0,,0.0,21.5,0.0,21.3,0,
2012-01-07,1451.0,,0.0,21.0,0.0,21.0,0,
2012-01-08,1451.0,,0.0,21.1,0.0,20.9,0,
2012-01-09,1451.0,,0.0,21.5,0.0,21.3,0,
2012-01-10,1451.0,,0.0,21.3,0.0,21.1,0,
2012-01-11,1451.0,,0.0,21.0,0.0,20.9,0,
2012-01-12,1451.0,,0.0,21.0,0.1,20.8,0,
2012-01-13,1451.0,,0.0,21.0,0.0,20.8,0,
2012-01-14,1451.0,,0.0,20.2,0.0,20.0,0,
2012-01-15,1451.0,,0.0,18.8,0.0,18.7,0,
2012-01-16,1451.0,,0.0,18.3,0.0,18.2,1,Republic Day
2012-01-17,1451.0,,0.0,19.3,0.0,19.3,1,Republic Day
2012-01-18,1451.0,,0.0,20.1,0.0,19.8,1,Republic Day
2012-01-19,1451.0,,0.0,19.8,0.0,19.8,1,Republic Day
2012-01-20,1451.0,,0.0,20.8,0.0,20.8,1,Republic Day
2012-01-21,1451.0,,0.0,21.3,0.0,21.1,1,Republic Day
2012-01-22,1451.0,,0.0,20.8,0.0,20.6,1,Republic Day
2012-01-23,1451.0,,0.0,20.7,0.0,20.5,1,Republic Day
2012-01-24,1451.0,,0.0,20.4,0.0,20.2,1,Republic Day
2012-01-25,1451.0,,0.0,19.9,0.0,19.8,1,Republic Day
2012-01-26,1451.0,,0.0,20.0,0.0,19.7,1,Republic Day
2012-01-27,1451.0,,0.0,20.3,0.0,20.1,1,Prophet's Birthday
2012-01-28,1451.0,,0.0,20.9,0.0,20.8,1,Prophet's Birthday
2012-01-29,1451.0,,0.0,21.6,0.0,21.2,1,Prophet's Birthday
2012-01-30,1451.0,,0.0,21.6,0.0,21.2,1,Prophet's Birthday
2012-01-31,1451.0,,0.0,20.9,0.0,20.6,1,Prophet's Birthday
2012-02-01,1411.0,,0.0,20.9,0.0,20.7,1,Prophet's Birthday
2012-02-02,1411.0,,0.0,21.2,0.0,21.1,1,Prophet's Birthday
2012-02-03,1411.0,,0.0,21.1,0.0,21.2,1,Prophet's Birthday
2012-02-04,1411.0,,0.0,21.2,0.0,21.1,1,Prophet's Birthday
2012-02-05,1411.0,,0.0,22.2,0.0,22.1,1,Prophet's Birthday
2012-02-06,1411.0,,0.0,22.7,0.0,22.5,0,
2012-02-07,1411.0,,0.0,22.8,0.0,22.8,0,
2012-02-08,1411.0,,0.0,24.0,0.0,23.9,0,
2012-02-09,1411.0,,0.0,24.4,0.0,24.3,0,
2012-02-10,1411.0,,0.0,24.6,0.0,24.4,1,Maha Shivaratri
2012-02-11,1411.0,,0.0,24.8,0.0,24.2,1,Maha Shivaratri
2012-02-12,1411.0,,0.0,24.5,0.0,24.4,1,Maha Shivaratri
2012-02-13,1411.0,,0.0,24.5,0.0,24.4,1,Maha Shivaratri
2012-02-14,1411.0,,0.0,23.9,0.0,23.7,1,Maha Shivaratri
2012-02-15,1411.0,,0.0,23.2,0.0,23.0,1,Maha Shivaratri
2012-02-16,1411.0,,0.0,23.7,0.0,23.7,1,Maha Shivaratri
2012-02-17,1411.0,,0.0,24.0,0.0,23.9,1,Maha Shivaratri
2012-02-18,1411.0,,0.0,24.1,0.0,24.1,1,Maha Shivaratri
2012-02-19,1411.0,,0.0,23.1,0.0,22.7,1,Maha Shivaratri
2012-02-20,1411.0,,0.0,23.1,0.0,23.1,1,Maha Shivaratri
2012-02-21,1411.0,,0.0,24.3,0.0,24.3,0,
2012-02-22,1411.0,,0.0,24.2,0.0,24.1,0,
2012-02-23,1411.0,,0.0,23.6,0.0,23.6,0,
2012-02-24,1411.0,,0.0,24.0,0.0,24.1,0,
2012-02-25,1411.0,,0.0,23.8,0.0,23.7,0,
2012-02-26,1411.0,,0.0,23.9,0.0,23.8,0,
2012-02-27,1411.0,,0.0,24.2,0.0,24.1,1,Holi
2012-02-28,1411.0,,0.0,24.0,0.0,24.1,1,Holi
2012-02-29,1411.0,,0.0,24.3,0.0,24.0,1,Holi
2012-03-01,1338.0,,0.0,25.4,0.0,25.5,1,Holi
2012-03-02,1338.0,,0.0,25.4,0.0,25.4,1,Holi
2012-03-03,1338.0,,0.0,24.9,0.0,25.1,1,Holi
2012-03-04,1338.0,,0.0,24.7,0.0,24.6,1,Holi
2012-03-05,1338.0,,0.0,25.4,0.0,25.9,1,Holi
2012-03-06,1338.0,,0.0,25.3,0.0,25.4,1,Holi
2012-03-07,1338.0,,0.0,25.3,0.0,25.2,1,Holi
2012-03-08,1338.0,,0.0,24.8,0.0,24.7,1,Holi
2012-03-09,1338.0,,0.0,24.9,0.0,24.8,0,
2012-03-10,1338.0,,0.0,25.0,0.0,25.0,0,
2012-03-11,1338.0,,0.0,25.8,0.0,25.8,0,
2012-03-12,1338.0,,0.0,26.3,0.0,26.0,0,
2012-03-13,1338.0,,0.0,27.2,0.0,26.9,0,
2012-03-14,1338.0,,0.0,27.1,0.0,26.8,0,
2012-03-15,1338.0,,0.0,27.1,0.0,26.9,0,
2012-03-16,1338.0,,0.0,27.2,0.0,27.3,0,
2012-03-17,1338.0,,0.0,27.6,0.0,27.4,0,
2012-03-18,1338.0,,0.0,28.1,0.0,28.2,0,
2012-03-19,1338.0,,0.0,27.5,0.0,27.5,0,
2012-03-20,1338.0,,0.0,27.7,0.0,27.5,0,
2012-03-21,1338.0,,0.0,27.5,0.0,27.3,0,
2012-03-22,1338.0,,0.0,27.3,0.0,27.1,0,
2012-03-23,1338.0,,0.0,27.2,0.0,27.1,0,
2012-03-24,1338.0,,0.0,27.3,0.0,27.5,0,
2012-03-25,1338.0,,0.0,26.4,0.0,26.7,0,
2012-03-26,1338.0,,0.0,26.8,0.0,26.6,1,Mahavira's Birthday
2012-03-27,1338.0,,0.0,25.9,0.0,25.8,1,Mahavira's Birthday
2012-03-28,1338.0,,0.0,26.3,0.0,26.3,1,Mahavira's Birthday
2012-03-29,1338.0,,0.0,27.0,0.0,27.1,1,Mahavira's Birthday
2012-03-30,1338.0,,0.0,25.9,0.0,25.8,1,Mahavira's Birthday
2012-03-31,1338.0,,0.0,26.7,0.2,26.5,1,Mahavira's Birthday
2012-04-01,1348.0,,0.0,26.7,0.0,26.5,1,Mahavira's Birthday
2012-04-02,1348.0,,0.0,26.7,0.0,26.6,1,Mahavira's Birthday
2012-04-03,1348.0,,0.0,26.6,0.0,26.4,1,Mahavira's Birthday
2012-04-04,1348.0,,0.0,26.9,0.0,26.7,1,Dr. B. R. Ambedkar's Birthday
2012-04-05,1348.0,,0.2,26.8,0.2,26.7,1,Dr. B. R. Ambedkar's Birthday
2012-04-06,1348.0,,0.0,26.2,0.8,26.1,1,Dr. B. R. Ambedkar's Birthday
2012-04-07,1348.0,,0.0,26.8,0.2,26.6,1,Dr. B. R. Ambedkar's Birthday
2012-04-08,1348.0,,0.0,27.6,0.0,27.5,1,Dr. B. R. Ambedkar's Birthday
2012-04-09,1348.0,,0.5,26.7,0.4,26.7,1,Dr. B. R. Ambedkar's Birthday
2012-04-10,1348.0,,1.6,27.0,1.1,27.0,1,Dr. B. R. Ambedkar's Birthday
2012-04-11,1348.0,,1.0,26.9,0.0,27.0,1,Dr. B. R. Ambedkar's Birthday
2012-04-12,1348.0,,4.1,25.5,1.8,25.5,1,Dr. B. R. Ambedkar's Birthday
2012-04-13,1348.0,,0.0,26.3,0.1,26.5,1,Dr. B. R. Ambedkar's Birthday
2012-04-14,1348.0,,0.0,27.6,0.0,27.9,1,Dr. B. R. Ambedkar's Birthday
2012-04-15,1348.0,,0.0,28.0,0.0,27.8,0,
2012-04-16,1348.0,,0.0,28.1,0.0,27.9,0,
2012-04-17,1348.0,,2.4,27.2,1.4,27.1,0,
2012-04-18,1348.0,,11.7,25.9,15.5,25.6,0,
2012-04-19,1348.0,,0.2,26.2,1.5,25.9,0,
2012-04-20,1348.0,,7.8,26.0,6.1,25.6,0,
2012-04-21,1348.0,,0.0,26.6,0.0,26.5,0,
2012-04-22,1348.0,,0.6,27.2,1.7,26.9,0,
2012-04-23,1348.0,,1.4,26.8,6.2,26.2,0,
2012-04-24,1348.0,,3.3,26.3,9.1,25.8,0,
2012-04-25,1348.0,,9.5,26.1,14.7,25.5,0,
2012-04-26,1348.0,,33.0,24.6,29.7,24.2,1,Buddha Purnima
2012-04-27,1348.0,,18.8,24.2,36.9,23.7,1,Buddha Purnima
2012-04-28,1348.0,,10.7,24.4,15.7,24.1,1,Buddha Purnima
2012-04-29,1348.0,,0.0,25.4,0.0,25.1,1,Buddha Purnima
2012-04-30,1348.0,,0.0,25.4,0.0,25.2,1,Buddha Purnima
2012-05-01,1155.0,,0.0,25.4,0.0,25.2,1,Buddha Purnima
2012-05-02,1155.0,,0.0,25.3,0.0,25.1,1,Buddha Purnima
2012-05-03,1155.0,,0.0,25.7,0.0,25.4,1,Buddha Purnima
2012-05-04,1155.0,,0.0,25.5,0.0,25.2,1,Buddha Purnima
2012-05-05,1155.0,,0.2,24.8,0.0,24.5,1,Buddha Purnima
2012-05-06,1155.0,,0.0,24.8,0.0,24.4,1,Buddha Purnima
2012-05-07,1155.0,,0.0,24.9,0.0,24.6,0,
2012-05-08,1155.0,,0.6,25.0,0.5,24.7,0,
2012-05-09,1155.0,,0.0,25.5,0.3,25.4,0,
2012-05-10,1155.0,,0.9,25.3,0.9,25.0,0,
2012-05-11,1155.0,,9.1,24.4,9.3,24.2,0,
2012-05-12,1155.0,,5.6,24.6,6.5,24.3,0,
2012-05-13,1155.0,,1.7,24.9,5.4,24.6,0,
2012-05-14,1155.0,,0.8,25.3,0.5,25.2,0,
2012-05-15,1155.0,,6.9,25.0,10.1,24.6,0,
2012-05-16,1155.0,,2.1,25.6,2.3,25.2,0,
2012-05-17,1155.0,,0.0,26.1,0.0,25.8,0,
2012-05-18,1155.0,,0.0,26.3,0.0,26.0,0,
2012-05-19,1155.0,,0.2,26.9,0.7,26.4,0,
2012-05-20,1155.0,,0.0,26.9,0.0,26.5,0,
2012-05-21,1155.0,,0.0,26.2,0.0,25.8,0,
2012-05-22,1155.0,,0.0,26.2,0.0,25.9,0,
2012-05-23,1155.0,,0.4,26.2,0.0,25.8,0,
2012-05-24,1155.0,,0.0,26.0,0.2,25.7,0,
2012-05-25,1155.0,,0.0,26.3,0.0,26.0,0,
2012-05-26,1155.0,,0.5,25.9,0.5,25.5,0,
2012-05-27,1155.0,,1.1,25.7,1.6,25.4,0,
2012-05-28,1155.0,,0.6,26.4,0.4,26.1,0,
2012-05-29,1155.0,,0.9,26.5,1.1,26.0,0,
2012-05-30,1155.0,,1.5,26.1,3.5,25.8,0,
2012-05-31,1155.0,,0.1,26.2,0.3,25.9,0,
2012-06-01,1058.0,,0.0,26.2,0.0,25.9,0,
2012-06-02,1058.0,,0.2,26.3,0.3,26.1,0,
2012-06-03,1058.0,,2.1,25.8,1.5,25.6,0,
2012-06-04,1058.0,,0.7,25.7,1.6,25.4,0,
2012-06-05,1058.0,,0.5,25.2,0.5,24.9,0,
2012-06-06,1058.0,,3.8,23.7,2.3,23.6,0,
2012-06-07,1058.0,,1.5,24.4,2.7,24.2,0,
2012-06-08,1058.0,,1.2,24.7,3.0,24.4,0,
2012-06-09,1058.0,,0.6,24.6,0.3,24.4,0,
2012-06-10,1058.0,,0.2,24.8,0.2,24.5,0,
2012-06-11,1058.0,,0.0,24.6,0.0,24.3,0,
2012-06-12,1058.0,,3.0,23.4,8.9,23.0,0,
2012-06-13,1058.0,,8.3,23.8,11.7,23.4,0,
2012-06-14,1058.0,,0.8,24.5,0.1,24.2,0,
2012-06-15,1058.0,,3.6,24.3,7.3,23.9,0,
2012-06-16,1058.0,,2.9,24.2,3.7,23.9,0,
2012-06-17,1058.0,,6.1,23.3,10.1,23.1,0,
2012-06-18,1058.0,,26.3,21.2,23.3,20.9,0,
2012-06-19,1058.0,,7.2,22.5,5.7,22.3,0,
2012-06-20,1058.0,,0.0,23.8,0.1,23.6,0,
2012-06-21,1058.0,,0.4,23.5,0.4,23.4,0,
2012-06-22,1058.0,,0.8,23.3,1.0,23.1,0,
2012-06-23,1058.0,,0.4,24.0,0.3,23.8,0,
2012-06-24,1058.0,,0.5,23.7,0.9,23.5,0,
2012-06-25,1058.0,,2.6,23.8,4.6,23.4,0,
2012-06-26,1058.0,,9.2,23.1,9.0,22.7,0,
2012-06-27,1058.0,,4.4,22.4,1.9,22.2,0,
2012-06-28,1058.0,,4.0,22.4,5.5,22.1,0,
2012-06-29,1058.0,,2.2,22.8,5.0,22.5,0,
2012-06-30,1058.0,,2.5,23.0,0.3,23.0,0,
2012-07-01,1070.0,,19.6,21.1,18.0,20.9,0,
2012-07-02,1070.0,,10.2,21.6,10.1,21.4,0,
2012-07-03,1070.0,,4.1,22.5,5.3,22.3,0,
2012-07-04,1070.0,,0.7,23.2,0.8,23.0,0,
2012-07-05,1070.0,,0.4,23.8,0.1,23.5,0,
2012-07-06,1070.0,,0.2,23.6,0.4,23.4,0,
2012-07-07,1070.0,,0.4,23.5,0.8,23.2,0,
2012-07-08,1070.0,,0.9,23.3,0.9,23.0,0,
2012-07-09,1070.0,,3.9,23.4,3.7,23.2,0,
2012-07-10,1070.0,,4.8,23.1,10.4,22.8,0,
2012-07-11,1070.0,,2.2,22.9,3.4,22.8,0,
2012-07-12,1070.0,,0.8,23.4,0.5,23.2,0,
2012-07-13,1070.0,,5.1,23.4,7.4,23.1,0,
2012-07-14,1070.0,,1.3,23.7,2.7,23.3,0,
2012-07-15,1070.0,,0.6,23.6,1.0,23.3,0,
2012-07-16,1070.0,,5.8,22.8,6.7,22.5,0,
2012-07-17,1070.0,,6.6,22.6,8.3,22.3,0,
2012-07-18,1070.0,,3.4,22.7,5.5,22.4,0,
2012-07-19,1070.0,,0.0,23.2,0.2,22.9,0,
2012-07-20,1070.0,,3.3,22.6,3.0,22.4,0,
2012-07-21,1070.0,,1.8,22.8,3.5,22.6,0,
2012-07-22,1070.0,,0.5,23.3,2.3,23.1,0,
2012-07-23,1070.0,,0.0,23.7,0.1,23.6,0,
2012-07-24,1070.0,,0.3,24.0,0.4,23.9,0,
2012-07-25,1070.0,,1.4,23.3,1.9,23.1,0,
2012-07-26,1070.0,,0.8,22.6,1.4,22.5,0,
2012-07-27,1070.0,,1.6,22.8,1.5,22.7,0,
2012-07-28,1070.0,,0.1,22.9,0.0,22.7,0,
2012-07-29,1070.0,,0.4,23.2,0.2,23.0,0,
2012-07-30,1070.0,,0.0,23.3,0.0,23.1,0,
2012-07-31,1070.0,,0.0,22.9,0.0,22.7,1,Janmashtami (Vaishnava)
2012-08-01,1001.0,,0.0,23.0,0.0,22.8,1,Janmashtami (Vaishnava)
2012-08-02,1001.0,,0.2,23.3,0.6,23.1,1,Janmashtami (Vaishnava)
2012-08-03,1001.0,,0.0,22.5,0.6,22.3,1,Janmashtami (Vaishnava)
2012-08-04,1001.0,,3.6,22.5,2.6,22.4,1,Janmashtami (Vaishnava)
2012-08-05,1001.0,,1.3,22.5,0.7,22.4,1,Independence Day
2012-08-06,1001.0,,5.6,22.3,2.5,22.2,1,Independence Day
2012-08-07,1001.0,,19.6,21.7,26.5,21.5,1,Independence Day
2012-08-08,1001.0,,2.1,22.8,6.6,22.5,1,Independence Day
2012-08-09,1001.0,,5.7,22.6,8.1,22.5,1,Independence Day
2012-08-10,1001.0,,8.8,22.3,6.7,22.1,1,Independence Day
2012-08-11,1001.0,,30.3,21.1,26.0,20.9,1,Independence Day
2012-08-12,1001.0,,18.6,21.1,18.5,20.8,1,Independence Day
2012-08-13,1001.0,,1.3,22.7,4.1,22.4,1,Independence Day
2012-08-14,1001.0,,1.5,23.3,1.3,23.0,1,Independence Day
2012-08-15,1001.0,,2.0,23.2,3.5,22.9,1,Independence Day
2012-08-16,1001.0,,3.5,23.1,3.5,22.7,1,Eid al-Fitr
2012-08-17,1001.0,,3.8,22.5,5.8,22.2,1,Eid al-Fitr
2012-08-18,1001.0,,0.1,22.5,0.7,22.3,1,Eid al-Fitr
2012-08-19,1001.0,,0.1,23.0,0.2,22.8,1,Eid al-Fitr
2012-08-20,1001.0,,0.1,23.0,0.2,22.7,1,Eid al-Fitr
2012-08-21,1001.0,,0.4,23.2,0.4,22.9,0,
2012-08-22,1001.0,,0.2,23.4,0.5,23.1,0,
2012-08-23,1001.0,,5.0,23.3,8.7,23.1,0,
2012-08-24,1001.0,,2.5,22.8,2.5,22.3,0,
2012-08-25,1001.0,,4.0,22.6,7.1,22.2,0,
2012-08-26,1001.0,,22.7,21.4,16.7,21.1,0,
2012-08-27,1001.0,,4.1,21.1,2.7,20.8,0,
2012-08-28,1001.0,,5.0,22.0,9.2,21.7,0,
2012-08-29,1001.0,,15.0,21.8,15.7,21.5,0,
2012-08-30,1001.0,,23.8,21.3,21.6,21.1,0,
2012-08-31,1001.0,,18.1,21.3,17.2,21.1,0,
2012-09-01,967.0,,14.5,21.3,10.8,21.2,0,
2012-09-02,967.0,,6.7,22.6,10.2,22.3,0,
2012-09-03,967.0,,3.6,22.7,4.1,22.4,0,
2012-09-04,967.0,,2.2,22.5,2.8,22.4,0,
2012-09-05,967.0,,0.2,22.8,0.8,22.6,0,
2012-09-06,967.0,,1.9,22.6,2.2,22.2,0,
2012-09-07,967.0,,5.0,22.5,5.0,22.2,0,
2012-09-08,967.0,,5.1,22.8,6.1,22.4,0,
2012-09-09,967.0,,2.6,22.8,3.0,22.3,0,
2012-09-10,967.0,,1.7,22.9,1.7,22.5,0,
2012-09-11,967.0,,0.7,23.0,0.5,22.7,0,
2012-09-12,967.0,,1.5,22.9,1.5,22.6,0,
2012-09-13,967.0,,3.0,23.0,3.0,22.5,0,
2012-09-14,967.0,,1.0,23.2,1.2,22.8,0,
2012-09-15,967.0,,1.5,23.0,2.3,22.7,0,
2012-09-16,967.0,,0.0,23.2,0.1,22.9,0,
2012-09-17,967.0,,0.9,23.1,1.0,22.7,0,
2012-09-18,967.0,,2.0,22.5,1.1,22.2,0,
2012-09-19,967.0,,0.0,22.5,0.0,22.2,0,
2012-09-20,967.0,,0.0,22.7,0.0,22.5,0,
2012-09-21,967.0,,0.0,22.7,0.0,22.4,0,
2012-09-22,967.0,,0.0,22.9,0.0,22.6,1,Mahatma Gandhi's Birthday
2012-09-23,967.0,,0.0,23.1,0.0,22.7,1,Mahatma Gandhi's Birthday
2012-09-24,967.0,,0.0,22.9,0.0,22.6,1,Mahatma Gandhi's Birthday
2012-09-25,967.0,,0.0,22.8,0.0,22.4,1,Mahatma Gandhi's Birthday
2012-09-26,967.0,,0.0,23.2,0.0,23.0,1,Mahatma Gandhi's Birthday
2012-09-27,967.0,,0.9,23.4,1.7,23.0,1,Mahatma Gandhi's Birthday
2012-09-28,967.0,,10.3,22.5,16.6,22.0,1,Mahatma Gandhi's Birthday
2012-09-29,967.0,,4.8,23.0,8.5,22.6,1,Mahatma Gandhi's Birthday
2012-09-30,967.0,,14.7,22.4,14.4,22.1,1,Mahatma Gandhi's Birthday
2012-10-01,898.0,,11.1,22.3,9.6,22.0,1,Mahatma Gandhi's Birthday
2012-10-02,898.0,,0.1,22.7,0.4,22.4,1,Mahatma Gandhi's Birthday
2012-10-03,898.0,,0.0,21.9,0.0,21.6,0,
2012-10-04,898.0,,0.0,22.9,0.0,22.5,0,
2012-10-05,898.0,,0.0,23.3,0.0,23.0,0,
2012-10-06,898.0,,0.0,23.3,0.3,23.0,0,
2012-10-07,898.0,,0.0,23.3,0.4,22.8,0,
2012-10-08,898.0,,0.0,23.6,0.3,23.3,0,
2012-10-09,898.0,,0.8,22.9,2.4,22.7,0,
2012-10-10,898.0,,0.0,23.1,0.0,22.9,0,
2012-10-11,898.0,,0.0,22.7,0.0,22.4,0,
2012-10-12,898.0,,0.0,23.6,0.0,23.3,0,
2012-10-13,898.0,,0.0,24.1,0.0,23.9,0,
2012-10-14,898.0,,3.7,23.9,3.8,23.5,1,Dussehra
2012-10-15,898.0,,6.0,23.2,16.7,22.8,1,Dussehra
2012-10-16,898.0,,0.2,23.0,0.6,22.7,1,Dussehra
2012-10-17,898.0,,0.0,23.1,0.0,22.9,1,Dussehra
2012-10-18,898.0,,0.0,23.4,0.0,23.1,1,Dussehra
2012-10-19,898.0,,2.0,22.9,2.5,22.3,1,Dussehra
2012-10-20,898.0,,17.0,21.3,16.7,20.9,1,Dussehra
2012-10-21,898.0,,8.1,22.1,6.7,21.6,1,Dussehra
2012-10-22,898.0,,1.4,22.6,2.2,22.2,1,Dussehra
2012-10-23,898.0,,0.0,22.5,0.1,22.1,1,Dussehra
2012-10-24,898.0,,3.8,22.2,4.2,21.9,1,Dussehra
2012-10-25,898.0,,0.0,22.7,0.0,22.4,1,Eid al-Adha
2012-10-26,898.0,,0.0,23.1,0.0,22.9,1,Eid al-Adha
2012-10-27,898.0,,0.0,22.1,0.0,21.9,1,Eid al-Adha
2012-10-28,898.0,,0.0,22.0,0.0,21.8,0,
2012-10-29,898.0,,0.0,22.0,0.0,21.6,0,
2012-10-30,898.0,,0.2,22.1,0.3,21.8,0,
2012-10-31,898.0,,14.5,20.1,22.5,19.7,0,
2012-11-01,848.0,,51.2,18.9,42.9,18.6,0,
2012-11-02,848.0,,1.3,21.4,1.7,21.0,0,
2012-11-03,848.0,,0.7,22.1,1.8,21.7,1,Diwali (Deepavali)
2012-11-04,848.0,,0.7,22.4,0.7,22.1,1,Diwali (Deepavali)
2012-11-05,848.0,,0.6,22.3,1.4,22.0,1,Diwali (Deepavali)
2012-11-06,848.0,,0.1,22.9,0.3,22.5,1,Diwali (Deepavali)
2012-11-07,848.0,,0.0,22.5,0.0,22.0,1,Diwali (Deepavali)
2012-11-08,848.0,,0.0,23.0,0.0,22.9,1,Diwali (Deepavali)
2012-11-09,848.0,,0.0,22.9,0.0,22.5,1,Diwali (Deepavali)
2012-11-10,848.0,,0.0,22.9,0.0,22.8,1,Diwali (Deepavali)
2012-11-11,848.0,,0.4,23.1,0.2,22.8,1,Diwali (Deepavali)
2012-11-12,848.0,,0.0,22.6,0.0,22.4,1,Diwali (Deepavali)
2012-11-13,848.0,,0.0,21.8,0.0,21.4,1,Diwali (Deepavali)
2012-11-14,848.0,,0.0,20.6,0.0,20.1,0,
2012-11-15,848.0,,0.0,19.2,0.0,18.8,1,Ashura
2012-11-16,848.0,,0.0,20.0,0.0,19.1,1,Ashura
2012-11-17,848.0,,0.0,20.5,0.0,19.9,1,Ashura
2012-11-18,848.0,,0.0,20.7,0.0,20.0,1,Guru Nanak's Birthday
2012-11-19,848.0,,0.0,21.2,0.0,20.5,1,Guru Nanak's Birthday
2012-11-20,848.0,,0.0,22.0,0.0,21.6,1,Guru Nanak's Birthday
2012-11-21,848.0,,0.0,23.0,0.0,22.7,1,Guru Nanak's Birthday
2012-11-22,848.0,,0.0,23.4,0.0,23.0,1,Guru Nanak's Birthday
2012-11-23,848.0,,3.8,22.0,6.0,21.4,1,Guru Nanak's Birthday
2012-11-24,848.0,,0.0,23.4,0.0,22.8,1,Guru Nanak's Birthday
2012-11-25,848.0,,0.0,23.3,0.0,22.7,1,Guru Nanak's Birthday
2012-11-26,848.0,,0.0,22.9,0.0,22.5,1,Guru Nanak's Birthday
2012-11-27,848.0,,0.0,22.3,0.0,21.9,1,Guru Nanak's Birthday
2012-11-28,848.0,,0.0,21.5,0.0,21.1,1,Guru Nanak's Birthday
2012-11-29,848.0,,0.0,21.3,0.0,20.6,0,
2012-11-30,848.0,,0.0,21.4,0.0,20.6,0,
2012-12-01,785.0,,0.0,22.0,0.0,20.8,0,
2012-12-02,785.0,,0.0,21.6,0.0,21.2,0,
2012-12-03,785.0,,0.5,21.4,0.4,21.0,0,
2012-12-04,785.0,,6.7,20.5,8.3,19.9,0,
2012-12-05,785.0,,4.9,22.3,4.6,21.9,0,
2012-12-06,785.0,,0.0,23.0,0.0,22.7,0,
2012-12-07,785.0,,0.0,21.6,0.0,21.2,0,
2012-12-08,785.0,,0.0,21.1,0.0,20.6,0,
2012-12-09,785.0,,0.0,21.5,0.0,20.9,0,
2012-12-10,785.0,,0.0,21.8,0.0,21.3,0,
2012-12-11,785.0,,0.0,22.4,0.0,21.8,0,
2012-12-12,785.0,,0.0,22.3,0.0,21.7,0,
2012-12-13,785.0,,0.0,22.5,0.0,21.7,0,
2012-12-14,785.0,,0.0,22.1,0.0,21.6,0,
2012-12-15,785.0,,0.0,21.0,0.0,20.5,1,Christmas
2012-12-16,785.0,,0.0,20.4,0.0,20.0,1,Christmas
2012-12-17,785.0,,0.0,21.2,0.0,20.6,1,Christmas
2012-12-18,785.0,,0.0,21.4,0.0,20.8,1,Christmas
2012-12-19,785.0,,0.0,21.2,0.0,20.7,1,Christmas
2012-12-20,785.0,,0.0,21.7,0.0,21.3,1,Christmas
2012-12-21,785.0,,0.0,21.5,0.0,21.2,1,Christmas
2012-12-22,785.0,,0.0,21.3,0.0,20.7,1,Christmas
2012-12-23,785.0,,0.0,21.1,0.0,20.6,1,Christmas
2012-12-24,785.0,,0.0,21.0,0.0,20.6,1,Christmas
2012-12-25,785.0,,0.0,21.4,0.0,20.9,1,Christmas
2012-12-26,785.0,,0.0,21.5,0.0,21.1,0,
2012-12-27,785.0,,0.0,22.3,0.0,21.8,0,
2012-12-28,785.0,,0.0,21.8,0.0,21.4,0,
2012-12-29,785.0,,0.4,22.5,0.1,22.2,0,
2012-12-30,785.0,,2.7,23.6,3.8,23.0,0,
2012-12-31,785.0,,0.0,23.1,0.0,22.7,0,
2013-01-01,829.0,,0.0,23.8,0.0,23.4,0,
2013-01-02,829.0,,0.0,24.1,0.0,23.5,0,
2013-01-03,829.0,,0.0,23.7,0.0,23.2,0,
2013-01-04,829.0,,0.0,24.3,0.0,24.1,0,
2013-01-05,829.0,,0.0,24.1,0.0,23.9,0,
2013-01-06,829.0,,0.0,23.8,0.0,23.2,0,
2013-01-07,829.0,,0.0,23.6,0.0,23.2,0,
2013-01-08,829.0,,0.0,23.7,0.0,23.1,0,
2013-01-09,829.0,,0.0,23.4,0.0,23.0,0,
2013-01-10,829.0,,0.0,23.0,0.0,22.6,0,
2013-01-11,829.0,,0.0,22.6,0.0,22.2,0,
2013-01-12,829.0,,0.0,22.4,0.0,22.0,0,
2013-01-13,829.0,,0.0,22.2,0.0,21.4,0,
2013-01-14,829.0,,0.0,21.5,0.0,21.5,0,
2013-01-15,829.0,,0.0,21.5,0.0,21.4,1,Prophet's Birthday
2013-01-16,829.0,,0.0,21.8,0.0,21.5,1,Republic Day
2013-01-17,829.0,,0.0,21.7,0.0,21.3,1,Republic Day
2013-01-18,829.0,,0.0,21.4,0.0,21.1,1,Republic Day
2013-01-19,829.0,,0.0,21.4,0.0,21.2,1,Republic Day
2013-01-20,829.0,,0.0,22.0,0.0,21.6,1,Republic Day
2013-01-21,829.0,,0.0,22.1,0.0,21.8,1,Republic Day
2013-01-22,829.0,,0.0,22.2,0.0,21.8,1,Republic Day
2013-01-23,829.0,,0.0,21.6,0.0,21.3,1,Republic Day
2013-01-24,829.0,,0.0,21.4,0.0,21.1,1,Republic Day
2013-01-25,829.0,,0.0,20.7,0.0,20.5,1,Republic Day
2013-01-26,829.0,,0.0,21.2,0.0,21.0,1,Republic Day
2013-01-27,829.0,,0.0,21.0,0.0,21.1,0,
2013-01-28,829.0,,0.0,21.5,0.0,21.5,0,
2013-01-29,829.0,,0.0,22.0,0.0,21.8,0,
2013-01-30,829.0,,0.0,22.8,0.0,22.5,0,
2013-01-31,829.0,,0.0,22.6,0.0,22.5,0,
2013-02-01,853.0,,0.0,22.4,0.0,22.2,0,
2013-02-02,853.0,,0.0,22.0,0.0,21.7,0,
2013-02-03,853.0,,0.0,21.2,0.0,21.1,0,
2013-02-04,853.0,,0.0,21.5,0.0,21.6,0,
2013-02-05,853.0,,0.0,23.0,0.0,22.8,0,
2013-02-06,853.0,,0.0,23.8,0.0,23.3,0,
2013-02-07,853.0,,0.0,24.7,0.0,24.4,0,
2013-02-08,853.0,,0.0,24.4,0.9,23.8,0,
2013-02-09,853.0,,1.8,24.4,0.7,24.3,0,
2013-02-10,853.0,,0.0,24.3,0.0,23.9,0,
2013-02-11,853.0,,0.0,23.6,0.0,23.2,0,
2013-02-12,853.0,,0.0,24.4,0.0,24.1,0,
2013-02-13,853.0,,0.0,24.6,0.0,24.1,0,
2013-02-14,853.0,,0.9,24.4,0.0,24.3,0,
2013-02-15,853.0,,4.1,23.7,5.0,23.7,0,
2013-02-16,853.0,,0.3,23.5,1.0,23.2,0,
2013-02-17,853.0,,0.8,24.0,0.6,23.6,0,
2013-02-18,853.0,,0.0,24.7,0.0,24.3,0,
2013-02-19,853.0,,0.0,25.0,0.0,24.8,0,
2013-02-20,853.0,,0.0,25.7,0.0,25.2,0,
2013-02-21,853.0,,0.0,25.6,0.0,25.0,0,
2013-02-22,853.0,,0.0,25.0,0.0,24.5,0,
2013-02-23,853.0,,0.0,24.7,0.0,24.1,0,
2013-02-24,853.0,,0.0,24.8,0.0,24.4,0,
2013-02-25,853.0,,0.0,24.2,0.0,23.9,0,
2013-02-26,853.0,,0.0,23.7,0.0,23.7,0,
2013-02-27,853.0,,0.0,24.0,0.0,23.9,0,
2013-02-28,853.0,,0.0,24.9,0.0,25.0,0,
2013-03-01,819.0,,0.0,25.4,0.0,25.0,0,
2013-03-02,819.0,,0.0,25.5,0.0,25.2,0,
2013-03-03,819.0,,0.0,25.1,0.0,24.9,0,
2013-03-04,819.0,,0.0,24.8,0.0,24.5,0,
2013-03-05,819.0,,0.0,25.4,0.0,25.1,0,
2013-03-06,819.0,,4.0,24.3,5.8,23.8,0,
2013-03-07,819.0,,7.7,24.4,5.8,24.0,0,
2013-03-08,819.0,,0.0,24.8,0.0,24.5,0,
2013-03-09,819.0,,0.0,26.2,0.0,25.8,0,
2013-03-10,819.0,,0.0,26.5,0.0,26.3,0,
2013-03-11,819.0,,0.9,26.1,1.1,25.8,0,
2013-03-12,819.0,,0.0,25.7,0.2,25.5,0,
2013-03-13,819.0,,0.0,26.6,0.0,26.5,0,
2013-03-14,819.0,,0.0,26.8,0.0,26.5,0,
2013-03-15,819.0,,0.0,26.8,0.0,26.5,0,
2013-03-16,819.0,,0.0,25.8,0.0,25.9,0,
2013-03-17,819.0,,0.2,26.0,0.5,25.6,1,Holi
2013-03-18,819.0,,0.0,26.5,0.0,26.1,1,Holi
2013-03-19,819.0,,0.0,27.2,0.0,26.9,1,Holi
2013-03-20,819.0,,0.0,27.1,0.0,26.6,1,Holi
2013-03-21,819.0,,0.0,27.5,0.0,27.5,1,Holi
2013-03-22,819.0,,0.0,27.2,0.0,27.1,1,Holi
2013-03-23,819.0,,0.0,26.6,0.0,26.7,1,Holi
2013-03-24,819.0,,0.0,27.2,0.0,27.0,1,Holi
2013-03-25,819.0,,0.0,27.1,0.0,27.3,1,Holi
2013-03-26,819.0,,0.0,27.3,0.0,27.2,1,Holi
2013-03-27,819.0,,0.2,27.7,0.0,27.4,1,Holi
2013-03-28,819.0,,0.0,27.6,0.0,27.8,1,Good Friday
2013-03-29,819.0,,0.0,28.0,0.0,28.0,1,Good Friday
2013-03-30,819.0,,0.0,28.5,0.0,28.6,0,
2013-03-31,819.0,,0.0,28.6,0.0,28.7,0,
2013-04-01,791.0,,1.8,27.1,2.3,27.1,0,
2013-04-02,791.0,,2.3,26.7,1.9,26.5,0,
2013-04-03,791.0,,0.9,27.4,3.2,27.0,0,
2013-04-04,791.0,,0.0,28.4,0.4,28.2,1,Dr. B. R. Ambedkar's Birthday
2013-04-05,791.0,,0.0,28.1,0.0,28.0,1,Dr. B. R. Ambedkar's Birthday
2013-04-06,791.0,,0.0,27.8,0.0,27.7,1,Dr. B. R. Ambedkar's Birthday
2013-04-07,791.0,,0.0,27.9,0.0,27.8,1,Dr. B. R. Ambedkar's Birthday
2013-04-08,791.0,,0.0,28.4,0.0,28.4,1,Dr. B. R. Ambedkar's Birthday
2013-04-09,791.0,,0.0,27.9,0.0,27.8,1,Dr. B. R. Ambedkar's Birthday
2013-04-10,791.0,,0.0,27.3,0.2,27.2,1,Dr. B. R. Ambedkar's Birthday
2013-04-11,791.0,,0.0,27.7,0.0,27.6,1,Dr. B. R. Ambedkar's Birthday
2013-04-12,791.0,,0.0,28.8,0.0,28.6,1,Dr. B. R. Ambedkar's Birthday
2013-04-13,791.0,,0.0,28.2,0.0,28.2,1,Dr. B. R. Ambedkar's Birthday
2013-04-14,791.0,,0.0,28.6,0.0,28.2,1,Dr. B. R. Ambedkar's Birthday
2013-04-15,791.0,,0.0,27.7,0.0,27.6,1,Ram Navami
2013-04-16,791.0,,0.0,28.3,0.0,28.1,1,Ram Navami
2013-04-17,791.0,,0.0,28.0,0.0,27.9,1,Ram Navami
2013-04-18,791.0,,0.0,27.4,0.0,27.5,1,Ram Navami
2013-04-19,791.0,,0.0,27.1,0.0,27.1,1,Ram Navami
2013-04-20,791.0,,0.0,26.6,0.0,26.6,1,Mahavira's Birthday
2013-04-21,791.0,,0.0,26.7,0.0,26.6,1,Mahavira's Birthday
2013-04-22,791.0,,0.0,26.9,0.0,26.8,1,Mahavira's Birthday
2013-04-23,791.0,,0.0,27.3,0.0,27.3,1,Mahavira's Birthday
2013-04-24,791.0,,0.0,28.3,0.0,28.2,1,Mahavira's Birthday
2013-04-25,791.0,,9.7,26.1,10.3,26.0,0,
2013-04-26,791.0,,4.0,26.3,5.7,26.1,0,
2013-04-27,791.0,,1.5,26.4,1.3,26.0,0,
2013-04-28,791.0,,2.4,26.0,9.3,25.6,0,
2013-04-29,791.0,,0.1,26.4,0.2,26.2,0,
2013-04-30,791.0,,0.0,28.1,0.0,27.9,0,
2013-05-01,823.0,,0.0,28.2,0.0,28.0,0,
2013-05-02,823.0,,0.0,28.4,0.0,28.0,0,
2013-05-03,823.0,,5.1,27.1,8.1,26.8,0,
2013-05-04,823.0,,0.0,27.9,0.0,27.6,0,
2013-05-05,823.0,,0.0,27.4,0.0,27.1,0,
2013-05-06,823.0,,1.9,26.8,2.7,26.4,0,
2013-05-07,823.0,,0.0,27.0,0.2,26.8,0,
2013-05-08,823.0,,0.1,27.6,0.0,27.4,0,
2013-05-09,823.0,,1.4,27.8,3.1,27.4,0,
2013-05-10,823.0,,1.1,27.7,0.3,27.4,0,
2013-05-11,823.0,,2.4,27.2,7.2,26.7,0,
2013-05-12,823.0,,1.0,26.6,1.0,26.2,0,
2013-05-13,823.0,,0.0,27.5,0.0,27.1,0,
2013-05-14,823.0,,0.0,26.4,0.0,26.2,0,
2013-05-15,823.0,,0.0,26.2,0.0,26.1,1,Buddha Purnima
2013-05-16,823.0,,0.0,26.2,0.0,26.0,1,Buddha Purnima
2013-05-17,823.0,,0.0,27.3,0.2,27.1,1,Buddha Purnima
2013-05-18,823.0,,17.1,27.0,22.3,26.7,1,Buddha Purnima
2013-05-19,823.0,,3.6,26.2,8.0,25.9,1,Buddha Purnima
2013-05-20,823.0,,2.8,26.6,5.6,26.2,1,Buddha Purnima
2013-05-21,823.0,,8.2,26.1,8.2,25.8,1,Buddha Purnima
2013-05-22,823.0,,1.3,25.9,0.3,25.8,1,Buddha Purnima
2013-05-23,823.0,,0.3,26.1,0.6,25.9,1,Buddha Purnima
2013-05-24,823.0,,0.0,25.8,0.0,25.6,1,Buddha Purnima
2013-05-25,823.0,,0.5,25.6,0.1,25.4,1,Buddha Purnima
2013-05-26,823.0,,1.4,25.6,1.8,25.3,0,
2013-05-27,823.0,,11.7,24.1,16.8,23.7,0,
2013-05-28,823.0,,4.2,24.3,6.2,24.0,0,
2013-05-29,823.0,,18.9,23.2,17.0,22.9,0,
2013-05-30,823.0,,14.4,23.9,22.5,23.6,0,
2013-05-31,823.0,,6.3,24.0,1.3,23.9,0,
2013-06-01,891.0,,13.9,22.6,11.0,22.3,0,
2013-06-02,891.0,,24.8,21.7,20.8,21.4,0,
2013-06-03,891.0,,0.6,22.2,0.7,21.9,0,
2013-06-04,891.0,,12.2,22.9,9.7,22.7,0,
2013-06-05,891.0,,3.8,23.4,3.5,23.2,0,
2013-06-06,891.0,,13.7,23.2,11.1,22.9,0,
2013-06-07,891.0,,5.2,23.3,3.6,23.1,0,
2013-06-08,891.0,,0.3,23.2,2.2,23.0,0,
2013-06-09,891.0,,0.5,23.1,0.4,22.9,0,
2013-06-10,891.0,,2.8,23.2,6.3,22.9,0,
2013-06-11,891.0,,11.9,22.4,10.8,22.3,0,
2013-06-12,891.0,,1.7,22.2,1.7,22.0,0,
2013-06-13,891.0,,1.4,22.6,1.4,22.5,0,
2013-06-14,891.0,,1.8,23.1,1.6,22.9,0,
2013-06-15,891.0,,3.4,23.0,3.7,22.9,0,
2013-06-16,891.0,,2.0,23.0,1.4,23.0,0,
2013-06-17,891.0,,19.3,22.7,14.0,22.5,0,
2013-06-18,891.0,,51.5,21.5,55.5,21.2,0,
2013-06-19,891.0,,10.3,21.8,9.2,21.6,0,
2013-06-20,891.0,,1.7,22.1,4.7,21.9,0,
2013-06-21,891.0,,2.0,23.1,1.3,22.8,0,
2013-06-22,891.0,,7.0,22.9,10.6,22.7,0,
2013-06-23,891.0,,1.0,22.8,1.3,22.7,0,
2013-06-24,891.0,,3.9,22.7,4.0,22.6,0,
2013-06-25,891.0,,7.3,22.0,7.8,21.8,0,
2013-06-26,891.0,,5.0,22.8,4.4,22.8,0,
2013-06-27,891.0,,11.6,22.4,13.4,22.1,0,
2013-06-28,891.0,,1.5,22.8,1.9,22.5,0,
2013-06-29,891.0,,0.2,23.2,0.2,22.9,0,
2013-06-30,891.0,,0.9,23.1,1.3,22.8,0,
2013-07-01,860.0,,0.0,22.8,0.8,22.5,0,
2013-07-02,860.0,,7.2,22.0,7.2,22.0,0,
2013-07-03,860.0,,5.0,21.9,7.7,21.7,0,
2013-07-04,860.0,,4.6,22.4,10.4,22.2,0,
2013-07-05,860.0,,1.5,22.8,1.2,22.6,0,
2013-07-06,860.0,,0.4,22.7,0.5,22.6,0,
2013-07-07,860.0,,7.7,22.0,9.9,21.7,0,
2013-07-08,860.0,,5.5,21.6,6.4,21.3,0,
2013-07-09,860.0,,0.9,22.7,4.5,22.5,0,
2013-07-10,860.0,,5.5,22.0,3.2,21.9,0,
2013-07-11,860.0,,5.1,21.2,4.8,20.9,0,
2013-07-12,860.0,,14.0,20.8,12.8,20.5,0,
2013-07-13,860.0,,1.2,22.3,3.1,22.0,0,
2013-07-14,860.0,,1.6,22.9,2.5,22.7,0,
2013-07-15,860.0,,3.3,22.6,5.1,22.4,0,
2013-07-16,860.0,,2.6,22.5,3.0,22.4,0,
2013-07-17,860.0,,0.6,22.8,1.1,22.7,0,
2013-07-18,860.0,,5.0,22.0,2.9,21.8,0,
2013-07-19,860.0,,18.7,21.0,14.4,20.8,0,
2013-07-20,860.0,,16.7,21.4,10.0,21.3,0,
2013-07-21,860.0,,9.2,21.5,8.9,21.2,0,
2013-07-22,860.0,,9.7,21.1,8.4,20.8,0,
2013-07-23,860.0,,5.7,20.9,4.5,20.7,0,
2013-07-24,860.0,,12.8,21.4,11.2,21.2,0,
2013-07-25,860.0,,3.5,21.9,3.0,21.7,0,
2013-07-26,860.0,,2.8,22.0,2.9,21.8,0,
2013-07-27,860.0,,3.0,22.4,3.7,22.1,0,
2013-07-28,860.0,,5.0,21.9,4.5,21.8,0,
2013-07-29,860.0,,0.0,22.5,0.0,22.3,0,
2013-07-30,860.0,,0.3,22.3,0.3,22.1,1,Eid al-Fitr
2013-07-31,860.0,,3.4,21.9,1.7,21.8,1,Eid al-Fitr
2013-08-01,893.0,,5.6,22.0,4.6,21.9,1,Eid al-Fitr
2013-08-02,893.0,,2.3,22.3,2.6,22.3,1,Eid al-Fitr
2013-08-03,893.0,,3.1,22.2,5.3,22.1,1,Eid al-Fitr
2013-08-04,893.0,,3.8,21.9,2.7,21.8,1,Eid al-Fitr
2013-08-05,893.0,,1.9,21.6,4.3,21.4,1,Independence Day
2013-08-06,893.0,,3.5,21.8,2.6,21.6,1,Independence Day
2013-08-07,893.0,,0.8,22.4,1.5,22.2,1,Independence Day
2013-08-08,893.0,,2.6,22.3,4.2,22.0,1,Independence Day
2013-08-09,893.0,,0.6,22.6,2.1,22.3,1,Independence Day
2013-08-10,893.0,,4.4,22.3,4.5,22.0,1,Independence Day
2013-08-11,893.0,,1.3,22.4,1.6,22.1,1,Independence Day
2013-08-12,893.0,,0.7,22.8,1.4,22.5,1,Independence Day
2013-08-13,893.0,,1.4,22.4,3.4,22.1,1,Independence Day
2013-08-14,893.0,,0.0,22.7,0.2,22.5,1,Independence Day
2013-08-15,893.0,,9.7,22.1,12.7,21.7,1,Independence Day
2013-08-16,893.0,,13.2,21.4,15.9,21.0,0,
2013-08-17,893.0,,11.1,21.7,7.8,21.5,0,
2013-08-18,893.0,,8.4,21.6,7.8,21.4,1,Janmashtami (Vaishnava)
2013-08-19,893.0,,1.8,22.1,3.0,21.9,1,Janmashtami (Vaishnava)
2013-08-20,893.0,,2.1,22.6,4.9,22.4,1,Janmashtami (Vaishnava)
2013-08-21,893.0,,0.8,22.4,0.8,22.3,1,Janmashtami (Vaishnava)
2013-08-22,893.0,,0.8,22.3,1.3,22.1,1,Janmashtami (Vaishnava)
2013-08-23,893.0,,0.8,22.5,1.1,22.3,1,Janmashtami (Vaishnava)
2013-08-24,893.0,,0.3,22.8,0.6,22.6,1,Janmashtami (Vaishnava)
2013-08-25,893.0,,1.2,22.7,1.3,22.5,1,Janmashtami (Vaishnava)
2013-08-26,893.0,,0.2,22.8,0.2,22.5,1,Janmashtami (Vaishnava)
2013-08-27,893.0,,0.9,22.9,1.7,22.6,1,Janmashtami (Vaishnava)
2013-08-28,893.0,,0.5,22.8,0.3,22.6,1,Janmashtami (Vaishnava)
2013-08-29,893.0,,0.2,23.1,0.1,22.9,0,
2013-08-30,893.0,,0.2,23.8,0.7,23.5,0,
2013-08-31,893.0,,5.8,23.3,9.2,23.1,0,
2013-09-01,985.0,,14.1,23.3,10.4,23.0,0,
2013-09-02,985.0,,16.5,23.3,15.3,23.1,0,
2013-09-03,985.0,,23.8,22.8,23.4,22.6,0,
2013-09-04,985.0,,30.3,22.2,23.2,22.1,0,
2013-09-05,985.0,,13.5,21.6,12.4,21.5,0,
2013-09-06,985.0,,1.5,22.2,1.6,21.9,0,
2013-09-07,985.0,,6.9,21.7,8.9,21.4,0,
2013-09-08,985.0,,1.2,21.6,2.6,21.1,0,
2013-09-09,985.0,,2.6,21.9,1.6,21.7,0,
2013-09-10,985.0,,2.9,22.2,2.6,21.8,0,
2013-09-11,985.0,,4.7,22.3,5.3,22.0,0,
2013-09-12,985.0,,7.9,21.7,11.9,21.4,0,
2013-09-13,985.0,,38.5,22.0,45.0,21.7,0,
2013-09-14,985.0,,2.8,23.1,5.3,22.7,0,
2013-09-15,985.0,,1.2,23.4,2.1,23.0,0,
2013-09-16,985.0,,15.3,22.9,16.0,22.5,0,
2013-09-17,985.0,,13.6,22.7,18.8,22.4,0,
2013-09-18,985.0,,4.2,22.8,5.7,22.5,0,
2013-09-19,985.0,,0.1,23.4,0.5,23.2,0,
2013-09-20,985.0,,5.0,22.2,5.6,21.9,0,
2013-09-21,985.0,,1.6,22.8,0.7,22.6,0,
2013-09-22,985.0,,0.0,22.8,0.0,22.5,1,Mahatma Gandhi's Birthday
2013-09-23,985.0,,0.0,22.5,0.0,22.1,1,Mahatma Gandhi's Birthday
2013-09-24,985.0,,0.0,22.4,0.5,22.1,1,Mahatma Gandhi's Birthday
2013-09-25,985.0,,0.3,22.3,0.7,22.0,1,Mahatma Gandhi's Birthday
2013-09-26,985.0,,0.0,22.7,0.0,22.5,1,Mahatma Gandhi's Birthday
2013-09-27,985.0,,0.0,22.6,0.0,22.5,1,Mahatma Gandhi's Birthday
2013-09-28,985.0,,0.0,22.6,0.0,22.4,1,Mahatma Gandhi's Birthday
2013-09-29,985.0,,0.1,22.1,0.2,21.8,1,Mahatma Gandhi's Birthday
2013-09-30,985.0,,2.6,22.3,3.6,21.9,1,Mahatma Gandhi's Birthday
2013-10-01,986.0,,0.2,22.7,0.2,22.4,1,Mahatma Gandhi's Birthday
2013-10-02,986.0,,0.0,23.0,0.4,22.6,1,Mahatma Gandhi's Birthday
2013-10-03,986.0,,0.0,23.1,0.0,22.8,1,Dussehra
2013-10-04,986.0,,0.0,22.4,0.0,22.2,1,Dussehra
2013-10-05,986.0,,1.4,21.5,2.1,21.0,1,Dussehra
2013-10-06,986.0,,10.4,22.0,4.7,21.6,1,Dussehra
2013-10-07,986.0,,5.2,23.0,9.7,22.5,1,Dussehra
2013-10-08,986.0,,3.8,22.8,5.8,22.3,1,Dussehra
2013-10-09,986.0,,5.8,22.3,5.7,21.9,1,Dussehra
2013-10-10,986.0,,0.0,22.4,0.4,22.1,1,Dussehra
2013-10-11,986.0,,0.1,22.2,0.2,21.9,1,Dussehra
2013-10-12,986.0,,1.2,21.9,0.6,21.6,1,Dussehra
2013-10-13,986.0,,1.4,22.8,1.0,22.4,1,Dussehra
2013-10-14,986.0,,0.6,23.1,0.8,22.8,1,Eid al-Adha
2013-10-15,986.0,,0.9,23.0,0.2,22.8,1,Eid al-Adha
2013-10-16,986.0,,3.8,22.9,7.5,22.6,1,Eid al-Adha
2013-10-17,986.0,,0.2,23.4,1.1,23.2,0,
2013-10-18,986.0,,2.5,23.4,1.0,23.1,0,
2013-10-19,986.0,,0.2,22.8,0.6,22.6,0,
2013-10-20,986.0,,0.3,23.0,0.9,22.7,0,
2013-10-21,986.0,,0.0,22.5,0.1,22.3,0,
2013-10-22,986.0,,3.3,21.9,5.5,21.4,0,
2013-10-23,986.0,,10.7,21.7,9.6,21.3,0,
2013-10-24,986.0,,19.0,21.7,13.0,21.4,1,Diwali (Deepavali)
2013-10-25,986.0,,3.3,21.9,4.5,21.4,1,Diwali (Deepavali)
2013-10-26,986.0,,0.3,22.6,1.3,22.3,1,Diwali (Deepavali)
2013-10-27,986.0,,0.1,22.4,0.4,22.1,1,Diwali (Deepavali)
2013-10-28,986.0,,0.2,21.6,0.2,21.4,1,Diwali (Deepavali)
2013-10-29,986.0,,0.3,22.8,0.8,22.6,1,Diwali (Deepavali)
2013-10-30,986.0,,0.2,23.1,0.8,22.8,1,Diwali (Deepavali)
2013-10-31,986.0,,0.2,22.8,0.0,22.7,1,Diwali (Deepavali)
2013-11-01,1275.0,,0.0,22.7,0.0,22.4,1,Diwali (Deepavali)
2013-11-02,1275.0,,0.0,23.4,0.0,23.1,1,Diwali (Deepavali)
2013-11-03,1275.0,,0.9,22.6,1.1,22.2,1,Diwali (Deepavali)
2013-11-04,1275.0,,1.3,22.1,2.7,21.8,1,Ashura
2013-11-05,1275.0,,0.0,22.3,0.0,22.0,1,Ashura
2013-11-06,1275.0,,0.0,21.9,0.0,21.8,1,Ashura
2013-11-07,1275.0,,0.0,22.9,0.0,22.7,1,Guru Nanak's Birthday
2013-11-08,1275.0,,0.0,21.9,0.0,21.7,1,Guru Nanak's Birthday
2013-11-09,1275.0,,0.0,20.8,0.0,20.6,1,Guru Nanak's Birthday
2013-11-10,1275.0,,0.0,21.2,0.0,21.1,1,Guru Nanak's Birthday
2013-11-11,1275.0,,0.0,21.6,0.0,21.4,1,Guru Nanak's Birthday
2013-11-12,1275.0,,0.0,21.7,0.0,21.0,1,Guru Nanak's Birthday
2013-11-13,1275.0,,0.0,21.8,0.0,21.3,1,Guru Nanak's Birthday
2013-11-14,1275.0,,0.0,21.4,0.0,21.0,1,Guru Nanak's Birthday
2013-11-15,1275.0,,0.0,20.2,0.0,19.9,1,Guru Nanak's Birthday
2013-11-16,1275.0,,0.1,20.0,0.0,19.8,1,Guru Nanak's Birthday
2013-11-17,1275.0,,1.4,20.2,1.3,19.9,1,Guru Nanak's Birthday
2013-11-18,1275.0,,5.0,21.9,6.5,21.5,0,
2013-11-19,1275.0,,0.0,22.2,0.0,21.9,0,
2013-11-20,1275.0,,0.0,22.4,0.0,22.0,0,
2013-11-21,1275.0,,0.0,22.0,0.0,21.7,0,
2013-11-22,1275.0,,0.0,21.9,0.0,21.2,0,
2013-11-23,1275.0,,0.0,22.1,0.0,21.6,0,
2013-11-24,1275.0,,0.5,22.7,0.4,22.4,0,
2013-11-25,1275.0,,0.2,23.0,0.1,22.3,0,
2013-11-26,1275.0,,0.0,23.5,0.2,23.0,0,
2013-11-27,1275.0,,0.0,23.9,0.0,23.6,0,
2013-11-28,1275.0,,0.0,22.6,0.0,22.0,0,
2013-11-29,1275.0,,0.0,23.0,0.0,22.6,0,
2013-11-30,1275.0,,0.0,23.6,0.0,23.1,0,
2013-12-01,1270.0,,8.3,23.0,5.2,22.6,0,
2013-12-02,1270.0,,0.3,22.4,0.8,21.9,0,
2013-12-03,1270.0,,0.0,22.4,0.0,22.0,0,
2013-12-04,1270.0,,0.0,21.5,0.0,21.1,0,
2013-12-05,1270.0,,0.0,21.6,0.0,21.2,0,
2013-12-06,1270.0,,0.0,20.4,0.0,20.1,0,
2013-12-07,1270.0,,0.0,20.0,0.0,19.8,0,
2013-12-08,1270.0,,0.0,20.8,0.0,20.5,0,
2013-12-09,1270.0,,0.0,21.1,0.0,20.5,0,
2013-12-10,1270.0,,0.0,20.1,0.0,19.2,0,
2013-12-11,1270.0,,0.0,20.2,0.0,19.5,0,
2013-12-12,1270.0,,0.0,20.6,0.0,20.5,0,
2013-12-13,1270.0,,0.0,22.9,0.0,22.6,0,
2013-12-14,1270.0,,0.0,22.5,0.0,22.3,0,
2013-12-15,1270.0,,0.0,22.3,0.0,21.8,1,Christmas
2013-12-16,1270.0,,0.0,20.8,0.0,20.2,1,Christmas
2013-12-17,1270.0,,0.0,18.9,0.0,18.5,1,Christmas
2013-12-18,1270.0,,0.0,18.5,0.0,18.2,1,Christmas
2013-12-19,1270.0,,0.0,18.9,0.0,18.5,1,Christmas
2013-12-20,1270.0,,0.0,19.6,0.0,18.8,1,Christmas
2013-12-21,1270.0,,0.0,20.1,0.0,19.3,1,Christmas
2013-12-22,1270.0,,0.0,19.6,0.0,19.3,1,Christmas
2013-12-23,1270.0,,0.0,19.3,0.0,19.2,1,Christmas
2013-12-24,1270.0,,0.0,19.5,0.0,19.3,1,Christmas
2013-12-25,1270.0,,0.0,19.6,0.0,19.5,1,Christmas
2013-12-26,1270.0,,0.0,19.6,0.0,19.6,0,
2013-12-27,1270.0,,0.0,19.2,0.0,19.1,0,
2013-12-28,1270.0,,0.0,19.5,0.0,19.5,0,
2013-12-29,1270.0,,0.0,20.1,0.0,19.9,0,
2013-12-30,1270.0,,0.0,20.6,0.0,20.3,0,
2013-12-31,1270.0,,0.0,19.8,0.0,19.6,0,
2014-01-01,1269.0,,0.0,19.9,0.0,19.8,0,
2014-01-02,1269.0,,0.0,19.5,0.0,19.5,0,
2014-01-03,1269.0,,0.0,20.4,0.0,20.2,0,
2014-01-04,1269.0,,0.0,21.1,0.0,21.0,1,Prophet's Birthday
2014-01-05,1269.0,,0.0,21.0,0.0,20.7,1,Prophet's Birthday
2014-01-06,1269.0,,0.0,21.2,0.0,20.8,1,Prophet's Birthday
2014-01-07,1269.0,,0.0,20.8,0.0,20.5,1,Prophet's Birthday
2014-01-08,1269.0,,0.0,21.1,0.0,20.9,1,Prophet's Birthday
2014-01-09,1269.0,,0.0,21.6,0.0,21.4,1,Prophet's Birthday
2014-01-10,1269.0,,0.0,22.1,0.0,21.7,1,Prophet's Birthday
2014-01-11,1269.0,,0.0,22.5,0.0,22.2,1,Prophet's Birthday
2014-01-12,1269.0,,0.0,22.1,0.0,21.9,1,Prophet's Birthday
2014-01-13,1269.0,,0.0,21.6,0.0,21.6,1,Prophet's Birthday
2014-01-14,1269.0,,0.0,21.9,0.0,21.9,1,Prophet's Birthday
2014-01-15,1269.0,,0.0,22.2,0.0,22.2,0,
2014-01-16,1269.0,,0.0,22.9,0.0,22.6,1,Republic Day
2014-01-17,1269.0,,0.0,22.8,0.3,22.5,1,Republic Day
2014-01-18,1269.0,,0.0,23.3,0.0,22.9,1,Republic Day
2014-01-19,1269.0,,0.0,22.4,0.0,22.1,1,Republic Day
2014-01-20,1269.0,,0.0,22.3,0.0,22.1,1,Republic Day
2014-01-21,1269.0,,0.0,21.2,0.0,21.0,1,Republic Day
2014-01-22,1269.0,,0.0,20.9,0.0,20.7,1,Republic Day
2014-01-23,1269.0,,0.0,20.8,0.0,20.8,1,Republic Day
2014-01-24,1269.0,,0.0,21.8,0.0,21.6,1,Republic Day
2014-01-25,1269.0,,0.0,22.4,0.0,22.0,1,Republic Day
2014-01-26,1269.0,,0.0,21.8,0.0,21.5,1,Republic Day
2014-01-27,1269.0,,0.0,21.1,0.0,20.8,0,
2014-01-28,1269.0,,0.0,21.1,0.0,20.9,0,
2014-01-29,1269.0,,0.0,21.2,0.0,21.2,0,
2014-01-30,1269.0,,0.0,21.5,0.0,21.3,0,
2014-01-31,1269.0,,0.0,21.8,0.0,21.5,0,
2014-02-01,1364.0,,0.0,22.0,0.0,21.9,0,
2014-02-02,1364.0,,0.0,22.5,0.0,22.3,0,
2014-02-03,1364.0,,0.0,22.6,0.0,22.5,0,
2014-02-04,1364.0,,0.0,22.5,0.0,22.3,0,
2014-02-05,1364.0,,0.0,23.5,0.0,22.9,0,
2014-02-06,1364.0,,0.0,22.7,0.0,23.0,0,
2014-02-07,1364.0,,0.0,22.5,0.0,22.4,0,
2014-02-08,1364.0,,0.0,22.4,0.0,22.3,0,
2014-02-09,1364.0,,0.0,22.7,0.0,22.0,0,
2014-02-10,1364.0,,0.0,23.0,0.0,22.8,0,
2014-02-11,1364.0,,0.0,22.7,0.0,22.6,0,
2014-02-12,1364.0,,0.0,22.3,0.0,22.3,0,
2014-02-13,1364.0,,0.0,23.3,0.1,23.3,0,
2014-02-14,1364.0,,0.0,22.9,0.1,22.7,0,
2014-02-15,1364.0,,0.0,22.7,0.0,22.8,0,
2014-02-16,1364.0,,0.0,22.4,0.0,22.3,0,
2014-02-17,1364.0,,0.0,22.4,0.0,22.8,0,
2014-02-18,1364.0,,0.0,23.6,0.0,23.5,0,
2014-02-19,1364.0,,0.2,23.7,0.0,23.6,0,
2014-02-20,1364.0,,0.0,23.7,0.0,23.6,0,
2014-02-21,1364.0,,0.1,23.1,1.4,22.9,0,
2014-02-22,1364.0,,0.0,23.9,0.1,23.7,0,
2014-02-23,1364.0,,0.0,24.7,0.0,24.5,0,
2014-02-24,1364.0,,0.0,23.9,0.0,23.6,0,
2014-02-25,1364.0,,0.0,24.1,0.0,23.7,0,
2014-02-26,1364.0,,0.0,24.5,0.0,24.3,0,
2014-02-27,1364.0,,0.0,24.0,0.0,24.1,0,
2014-02-28,1364.0,,0.3,24.0,0.3,23.9,0,
2014-03-01,1389.0,,0.0,24.2,0.0,24.1,0,
2014-03-02,1389.0,,0.0,24.8,0.0,24.8,0,
2014-03-03,1389.0,,0.0,23.9,0.1,23.5,0,
2014-03-04,1389.0,,0.0,24.4,0.3,24.0,0,
2014-03-05,1389.0,,0.1,24.4,0.2,23.9,0,
2014-03-06,1389.0,,0.0,24.6,0.9,24.1,0,
2014-03-07,1389.0,,3.7,23.2,16.8,23.0,1,Holi
2014-03-08,1389.0,,0.0,24.3,0.0,24.0,1,Holi
2014-03-09,1389.0,,0.0,24.4,0.0,24.0,1,Holi
2014-03-10,1389.0,,0.0,24.6,0.0,24.2,1,Holi
2014-03-11,1389.0,,0.0,25.1,0.0,24.7,1,Holi
2014-03-12,1389.0,,0.0,25.0,0.0,24.5,1,Holi
2014-03-13,1389.0,,0.0,25.2,0.0,24.8,1,Holi
2014-03-14,1389.0,,0.0,25.0,0.0,24.7,1,Holi
2014-03-15,1389.0,,0.0,25.1,0.0,24.9,1,Holi
2014-03-16,1389.0,,0.0,25.5,0.0,25.2,1,Holi
2014-03-17,1389.0,,0.0,26.2,0.0,26.0,1,Holi
2014-03-18,1389.0,,0.0,26.5,0.0,26.1,0,
2014-03-19,1389.0,,0.0,26.5,0.0,26.2,0,
2014-03-20,1389.0,,0.0,26.5,0.0,26.5,0,
2014-03-21,1389.0,,0.0,27.3,0.0,27.6,0,
2014-03-22,1389.0,,0.0,27.2,0.0,27.2,0,
2014-03-23,1389.0,,0.0,28.1,0.0,28.1,0,
2014-03-24,1389.0,,0.0,27.6,0.0,27.5,0,
2014-03-25,1389.0,,0.0,27.0,0.0,26.9,0,
2014-03-26,1389.0,,0.0,27.7,0.0,27.5,0,
2014-03-27,1389.0,,0.0,26.6,0.0,26.7,0,
2014-03-28,1389.0,,0.0,26.4,0.0,26.4,0,
2014-03-29,1389.0,,0.0,27.4,0.0,27.6,1,Ram Navami
2014-03-30,1389.0,,0.0,28.1,0.0,28.4,1,Ram Navami
2014-03-31,1389.0,,0.0,27.7,0.0,27.7,1,Ram Navami
2014-04-01,1356.0,,0.0,28.1,0.0,27.9,1,Ram Navami
2014-04-02,1356.0,,0.0,27.9,0.0,27.9,1,Ram Navami
2014-04-03,1356.0,,0.0,29.2,0.0,29.2,1,Ram Navami
2014-04-04,1356.0,,0.0,28.0,0.0,28.5,1,Dr. B. R. Ambedkar's Birthday
2014-04-05,1356.0,,0.0,28.0,0.0,28.1,1,Dr. B. R. Ambedkar's Birthday
2014-04-06,1356.0,,0.0,27.9,0.0,27.9,1,Dr. B. R. Ambedkar's Birthday
2014-04-07,1356.0,,0.0,27.9,0.0,27.8,1,Dr. B. R. Ambedkar's Birthday
2014-04-08,1356.0,,0.0,27.2,0.0,27.2,1,Dr. B. R. Ambedkar's Birthday
2014-04-09,1356.0,,2.3,26.5,5.9,26.0,1,Dr. B. R. Ambedkar's Birthday
2014-04-10,1356.0,,0.5,26.5,1.1,26.2,1,Dr. B. R. Ambedkar's Birthday
2014-04-11,1356.0,,0.2,26.8,0.5,26.7,1,Dr. B. R. Ambedkar's Birthday
2014-04-12,1356.0,,0.0,27.5,0.0,27.3,1,Dr. B. R. Ambedkar's Birthday
2014-04-13,1356.0,,0.5,27.1,1.5,26.6,1,Dr. B. R. Ambedkar's Birthday
2014-04-14,1356.0,,3.4,26.3,3.6,25.8,1,Dr. B. R. Ambedkar's Birthday
2014-04-15,1356.0,,1.9,26.0,3.9,25.6,1,Good Friday
2014-04-16,1356.0,,0.0,26.3,0.0,26.1,1,Good Friday
2014-04-17,1356.0,,0.4,26.3,0.6,26.0,1,Good Friday
2014-04-18,1356.0,,4.4,26.0,7.1,25.6,1,Good Friday
2014-04-19,1356.0,,5.4,25.3,1.0,25.3,0,
2014-04-20,1356.0,,0.0,27.3,0.0,27.5,0,
2014-04-21,1356.0,,0.0,27.3,0.0,26.9,0,
2014-04-22,1356.0,,0.0,27.4,0.0,27.1,0,
2014-04-23,1356.0,,0.0,27.4,0.0,27.4,0,
2014-04-24,1356.0,,0.0,28.0,0.0,27.8,0,
2014-04-25,1356.0,,0.0,28.7,0.0,28.5,0,
2014-04-26,1356.0,,4.0,27.5,3.6,27.3,0,
2014-04-27,1356.0,,2.0,27.1,0.8,27.2,0,
2014-04-28,1356.0,,0.0,27.3,0.0,27.6,0,
2014-04-29,1356.0,,2.1,26.8,0.1,27.2,0,
2014-04-30,1356.0,,0.0,27.3,0.0,27.6,0,
2014-05-01,1413.0,,3.7,27.3,0.8,27.3,0,
2014-05-02,1413.0,,11.8,26.3,1.3,26.6,0,
2014-05-03,1413.0,,7.3,26.2,7.0,26.4,0,
2014-05-04,1413.0,,1.1,26.8,1.8,26.9,1,Buddha Purnima
2014-05-05,1413.0,,1.7,26.2,0.5,26.6,1,Buddha Purnima
2014-05-06,1413.0,,11.1,25.9,14.5,25.8,1,Buddha Purnima
2014-05-07,1413.0,,12.6,23.5,11.6,23.4,1,Buddha Purnima
2014-05-08,1413.0,,45.3,21.6,31.1,21.4,1,Buddha Purnima
2014-05-09,1413.0,,27.4,23.5,27.1,23.3,1,Buddha Purnima
2014-05-10,1413.0,,0.0,24.9,0.0,24.7,1,Buddha Purnima
2014-05-11,1413.0,,0.0,25.2,0.0,25.3,1,Buddha Purnima
2014-05-12,1413.0,,0.0,25.2,0.0,25.4,1,Buddha Purnima
2014-05-13,1413.0,,0.0,25.3,0.0,25.5,1,Buddha Purnima
2014-05-14,1413.0,,0.0,25.3,0.0,25.6,1,Buddha Purnima
2014-05-15,1413.0,,0.0,25.0,0.0,25.4,0,
2014-05-16,1413.0,,0.0,24.5,0.0,24.8,0,
2014-05-17,1413.0,,0.1,25.0,0.1,25.1,0,
2014-05-18,1413.0,,7.1,25.6,7.6,25.6,0,
2014-05-19,1413.0,,1.4,26.0,2.3,26.0,0,
2014-05-20,1413.0,,8.9,25.4,8.2,25.3,0,
2014-05-21,1413.0,,4.2,25.0,5.0,25.2,0,
2014-05-22,1413.0,,1.8,25.8,1.7,25.7,0,
2014-05-23,1413.0,,0.0,26.8,0.2,26.9,0,
2014-05-24,1413.0,,0.0,26.8,0.2,26.9,0,
2014-05-25,1413.0,,1.0,26.4,0.7,26.4,0,
2014-05-26,1413.0,,0.0,26.9,0.4,26.9,0,
2014-05-27,1413.0,,9.7,26.1,6.8,26.1,0,
2014-05-28,1413.0,,6.0,26.0,13.1,25.8,0,
2014-05-29,1413.0,,1.2,26.0,1.2,25.8,0,
2014-05-30,1413.0,,0.5,26.5,0.7,26.3,0,
2014-05-31,1413.0,,0.5,26.6,1.0,26.5,0,
2014-06-01,1393.0,,4.8,26.2,7.9,25.9,0,
2014-06-02,1393.0,,6.7,25.7,8.9,25.5,0,
2014-06-03,1393.0,,5.2,24.6,4.4,24.3,0,
2014-06-04,1393.0,,0.6,25.3,0.6,25.2,0,
2014-06-05,1393.0,,4.0,25.4,6.2,25.2,0,
2014-06-06,1393.0,,5.3,25.0,6.0,24.8,0,
2014-06-07,1393.0,,1.1,25.2,0.8,25.1,0,
2014-06-08,1393.0,,0.0,25.2,0.4,25.2,0,
2014-06-09,1393.0,,0.5,24.7,1.4,24.5,0,
2014-06-10,1393.0,,0.0,25.0,0.1,24.9,0,
2014-06-11,1393.0,,0.4,25.1,1.0,24.9,0,
2014-06-12,1393.0,,2.8,24.7,1.5,24.5,0,
2014-06-13,1393.0,,0.2,24.6,2.1,24.3,0,
2014-06-14,1393.0,,0.1,24.8,0.2,24.6,0,
2014-06-15,1393.0,,1.5,24.3,0.9,24.2,0,
2014-06-16,1393.0,,0.4,24.8,0.2,24.7,0,
2014-06-17,1393.0,,2.8,23.9,1.9,23.9,0,
2014-06-18,1393.0,,1.7,23.9,1.8,23.8,0,
2014-06-19,1393.0,,1.1,24.1,0.5,24.1,0,
2014-06-20,1393.0,,0.4,24.4,0.2,24.3,0,
2014-06-21,1393.0,,1.2,24.3,1.3,24.3,0,
2014-06-22,1393.0,,0.4,24.2,0.4,24.1,0,
2014-06-23,1393.0,,0.3,24.6,0.8,24.4,0,
2014-06-24,1393.0,,0.4,24.5,0.6,24.4,0,
2014-06-25,1393.0,,0.6,24.7,0.0,24.6,0,
2014-06-26,1393.0,,0.0,25.1,0.1,25.1,0,
2014-06-27,1393.0,,0.0,25.8,0.2,25.8,0,
2014-06-28,1393.0,,0.1,25.5,0.0,25.4,0,
2014-06-29,1393.0,,1.5,25.6,3.3,25.5,0,
2014-06-30,1393.0,,0.3,25.5,0.3,25.4,0,
2014-07-01,1255.0,,0.6,25.0,0.5,25.0,0,
2014-07-02,1255.0,,3.2,24.7,2.9,24.5,0,
2014-07-03,1255.0,,0.2,24.7,0.2,24.6,0,
2014-07-04,1255.0,,2.6,24.2,4.8,24.0,0,
2014-07-05,1255.0,,20.5,23.0,24.5,22.8,0,
2014-07-06,1255.0,,10.2,22.3,13.7,22.1,0,
2014-07-07,1255.0,,12.1,22.8,12.6,22.5,0,
2014-07-08,1255.0,,1.7,22.7,2.4,22.6,0,
2014-07-09,1255.0,,0.4,23.0,0.8,23.0,0,
2014-07-10,1255.0,,10.1,22.0,6.0,21.9,0,
2014-07-11,1255.0,,3.8,21.5,2.5,21.4,0,
2014-07-12,1255.0,,7.8,21.6,6.3,21.5,0,
2014-07-13,1255.0,,21.2,21.5,17.2,21.2,0,
2014-07-14,1255.0,,36.4,21.5,27.7,21.2,0,
2014-07-15,1255.0,,15.0,21.5,11.9,21.3,0,
2014-07-16,1255.0,,2.6,22.5,1.9,22.4,0,
2014-07-17,1255.0,,0.1,23.1,0.4,23.0,0,
2014-07-18,1255.0,,0.5,23.2,1.7,23.0,0,
2014-07-19,1255.0,,1.1,22.8,1.4,22.7,1,Eid al-Fitr
2014-07-20,1255.0,,0.0,22.7,0.0,22.6,1,Eid al-Fitr
2014-07-21,1255.0,,0.1,22.7,0.3,22.7,1,Eid al-Fitr
2014-07-22,1255.0,,3.2,22.3,1.8,22.3,1,Eid al-Fitr
2014-07-23,1255.0,,6.5,21.8,6.9,21.7,1,Eid al-Fitr
2014-07-24,1255.0,,2.5,22.7,1.7,22.7,1,Eid al-Fitr
2014-07-25,1255.0,,1.0,22.9,0.8,22.9,1,Eid al-Fitr
2014-07-26,1255.0,,0.5,22.9,0.3,22.8,1,Eid al-Fitr
2014-07-27,1255.0,,0.3,22.5,0.5,22.4,1,Eid al-Fitr
2014-07-28,1255.0,,0.1,22.5,0.1,22.3,1,Eid al-Fitr
2014-07-29,1255.0,,0.0,22.9,0.3,22.9,1,Eid al-Fitr
2014-07-30,1255.0,,12.6,22.0,10.2,21.8,0,
2014-07-31,1255.0,,9.9,22.3,11.9,22.1,0,
2014-08-01,1188.0,,4.6,22.7,4.8,22.5,0,
2014-08-02,1188.0,,1.3,22.7,1.0,22.6,0,
2014-08-03,1188.0,,0.4,23.1,0.4,23.0,0,
2014-08-04,1188.0,,0.6,23.1,1.0,23.0,0,
2014-08-05,1188.0,,1.7,22.7,0.4,22.7,1,Independence Day
2014-08-06,1188.0,,1.3,22.6,2.8,22.4,1,Independence Day
2014-08-07,1188.0,,9.9,22.1,5.5,22.0,1,Independence Day
2014-08-08,1188.0,,1.6,22.0,0.9,22.0,1,Independence Day
2014-08-09,1188.0,,2.5,22.1,3.8,21.9,1,Independence Day
2014-08-10,1188.0,,15.7,21.8,12.6,21.6,1,Independence Day
2014-08-11,1188.0,,5.8,21.9,6.0,21.6,1,Independence Day
2014-08-12,1188.0,,5.4,21.6,11.0,21.3,1,Independence Day
2014-08-13,1188.0,,0.2,22.3,0.2,22.1,1,Independence Day
2014-08-14,1188.0,,3.1,22.7,3.5,22.5,1,Independence Day
2014-08-15,1188.0,,0.0,23.0,0.1,22.8,1,Independence Day
2014-08-16,1188.0,,0.0,22.8,0.0,22.6,1,Janmashtami (Vaishnava)
2014-08-17,1188.0,,3.7,22.5,6.6,22.2,1,Janmashtami (Vaishnava)
2014-08-18,1188.0,,6.1,22.7,5.9,22.5,1,Janmashtami (Vaishnava)
2014-08-19,1188.0,,14.0,22.8,12.5,22.6,0,
2014-08-20,1188.0,,2.6,23.5,5.2,23.2,0,
2014-08-21,1188.0,,17.9,23.5,17.2,23.4,0,
2014-08-22,1188.0,,9.9,24.0,26.5,23.8,0,
2014-08-23,1188.0,,6.0,23.7,4.7,23.6,0,
2014-08-24,1188.0,,1.5,23.3,0.8,23.1,0,
2014-08-25,1188.0,,0.2,23.1,0.0,22.9,0,
2014-08-26,1188.0,,1.2,22.3,4.3,22.1,0,
2014-08-27,1188.0,,9.2,21.2,10.0,20.9,0,
2014-08-28,1188.0,,9.7,20.7,8.7,20.4,0,
2014-08-29,1188.0,,4.1,21.5,3.5,21.2,0,
2014-08-30,1188.0,,2.9,22.3,2.1,22.2,0,
2014-08-31,1188.0,,2.2,22.2,2.6,22.1,0,
2014-09-01,1193.0,,1.7,22.5,1.4,22.4,0,
2014-09-02,1193.0,,3.7,22.9,5.1,22.8,0,
2014-09-03,1193.0,,5.3,22.6,7.3,22.3,0,
2014-09-04,1193.0,,0.1,22.6,1.0,22.5,0,
2014-09-05,1193.0,,3.2,22.1,4.5,21.9,0,
2014-09-06,1193.0,,3.1,21.9,2.6,21.7,0,
2014-09-07,1193.0,,2.0,21.9,1.4,21.8,0,
2014-09-08,1193.0,,0.0,22.9,0.3,22.6,0,
2014-09-09,1193.0,,0.4,23.0,0.8,22.8,0,
2014-09-10,1193.0,,0.2,23.0,0.3,22.7,0,
2014-09-11,1193.0,,0.5,22.7,0.2,22.5,0,
2014-09-12,1193.0,,0.4,22.8,0.2,22.6,0,
2014-09-13,1193.0,,1.6,22.8,1.2,22.5,0,
2014-09-14,1193.0,,1.9,23.1,2.3,22.8,0,
2014-09-15,1193.0,,0.7,23.2,1.0,22.9,0,
2014-09-16,1193.0,,1.0,22.8,1.1,22.6,0,
2014-09-17,1193.0,,0.7,22.8,0.6,22.6,0,
2014-09-18,1193.0,,0.7,22.4,6.2,21.9,0,
2014-09-19,1193.0,,9.2,22.2,8.5,21.8,0,
2014-09-20,1193.0,,1.8,22.6,1.9,22.3,0,
2014-09-21,1193.0,,0.0,23.2,0.0,23.0,0,
2014-09-22,1193.0,,0.0,23.9,1.1,23.6,1,Mahatma Gandhi's Birthday
2014-09-23,1193.0,,6.2,23.2,7.5,23.0,1,Mahatma Gandhi's Birthday
2014-09-24,1193.0,,12.0,23.7,10.6,23.5,1,Mahatma Gandhi's Birthday
2014-09-25,1193.0,,10.6,23.7,10.7,23.4,1,Mahatma Gandhi's Birthday
2014-09-26,1193.0,,13.7,23.6,14.3,23.1,1,Mahatma Gandhi's Birthday
2014-09-27,1193.0,,1.0,23.6,2.5,23.3,1,Mahatma Gandhi's Birthday
2014-09-28,1193.0,,6.7,23.4,8.1,23.2,1,Mahatma Gandhi's Birthday
2014-09-29,1193.0,,9.2,23.2,9.5,23.0,1,Mahatma Gandhi's Birthday
2014-09-30,1193.0,,13.2,23.1,11.2,23.0,1,Mahatma Gandhi's Birthday
2014-10-01,1149.0,,0.4,23.5,0.7,23.3,1,Mahatma Gandhi's Birthday
2014-10-02,1149.0,,0.0,23.8,0.0,23.8,1,Mahatma Gandhi's Birthday
2014-10-03,1149.0,,1.2,23.7,0.3,23.5,1,Dussehra
2014-10-04,1149.0,,4.0,23.4,4.5,23.2,1,Eid al-Adha
2014-10-05,1149.0,,4.3,23.4,2.8,23.2,1,Eid al-Adha
2014-10-06,1149.0,,8.2,23.3,10.3,23.1,1,Eid al-Adha
2014-10-07,1149.0,,9.0,23.1,7.1,22.8,0,
2014-10-08,1149.0,,12.2,22.7,5.3,22.3,0,
2014-10-09,1149.0,,6.0,23.0,5.3,22.7,0,
2014-10-10,1149.0,,5.3,23.2,8.3,23.0,0,
2014-10-11,1149.0,,8.1,23.4,9.3,23.1,0,
2014-10-12,1149.0,,2.7,23.3,1.2,23.1,0,
2014-10-13,1149.0,,0.0,23.5,0.0,23.2,1,Diwali (Deepavali)
2014-10-14,1149.0,,0.0,23.3,0.0,23.0,1,Diwali (Deepavali)
2014-10-15,1149.0,,0.2,24.2,0.0,24.1,1,Diwali (Deepavali)
2014-10-16,1149.0,,0.9,23.5,0.5,23.4,1,Diwali (Deepavali)
2014-10-17,1149.0,,1.0,23.3,1.1,23.1,1,Diwali (Deepavali)
2014-10-18,1149.0,,3.8,22.3,3.9,21.9,1,Diwali (Deepavali)
2014-10-19,1149.0,,3.9,21.9,5.7,21.5,1,Diwali (Deepavali)
2014-10-20,1149.0,,10.8,21.6,8.0,21.5,1,Diwali (Deepavali)
2014-10-21,1149.0,,2.5,22.1,2.1,21.9,1,Diwali (Deepavali)
2014-10-22,1149.0,,0.1,22.8,0.0,22.6,1,Diwali (Deepavali)
2014-10-23,1149.0,,0.6,22.5,0.9,22.2,1,Diwali (Deepavali)
2014-10-24,1149.0,,10.0,22.0,9.2,21.7,0,
2014-10-25,1149.0,,8.5,22.0,10.9,21.7,1,Ashura
2014-10-26,1149.0,,7.9,21.7,7.1,21.1,1,Ashura
2014-10-27,1149.0,,4.3,22.0,8.8,21.7,1,Guru Nanak's Birthday
2014-10-28,1149.0,,1.2,22.7,0.2,22.5,1,Guru Nanak's Birthday
2014-10-29,1149.0,,0.0,22.5,0.0,22.4,1,Guru Nanak's Birthday
2014-10-30,1149.0,,0.0,21.1,0.0,21.0,1,Guru Nanak's Birthday
2014-10-31,1149.0,,0.0,21.1,0.0,21.1,1,Guru Nanak's Birthday
2014-11-01,1192.0,,0.0,20.6,1.0,20.2,1,Guru Nanak's Birthday
2014-11-02,1192.0,,0.2,21.9,0.4,21.6,1,Guru Nanak's Birthday
2014-11-03,1192.0,,0.0,23.0,0.0,22.7,1,Guru Nanak's Birthday
2014-11-04,1192.0,,0.0,22.0,0.0,22.0,1,Guru Nanak's Birthday
2014-11-05,1192.0,,0.0,21.6,0.0,21.4,1,Guru Nanak's Birthday
2014-11-06,1192.0,,0.0,22.4,0.0,22.2,1,Guru Nanak's Birthday
2014-11-07,1192.0,,0.0,22.5,0.0,22.3,0,
2014-11-08,1192.0,,0.1,22.9,0.3,22.8,0,
2014-11-09,1192.0,,0.0,23.1,0.0,23.1,0,
2014-11-10,1192.0,,0.0,23.6,0.0,23.7,0,
2014-11-11,1192.0,,0.0,23.6,0.1,23.6,0,
2014-11-12,1192.0,,1.5,22.6,2.3,22.3,0,
2014-11-13,1192.0,,19.7,21.3,30.1,20.8,0,
2014-11-14,1192.0,,8.0,21.8,10.2,21.5,0,
2014-11-15,1192.0,,0.3,22.1,0.8,21.8,0,
2014-11-16,1192.0,,0.0,21.5,0.0,21.5,0,
2014-11-17,1192.0,,0.0,20.9,0.0,20.8,0,
2014-11-18,1192.0,,0.0,20.7,0.0,20.4,0,
2014-11-19,1192.0,,0.0,21.4,0.0,21.4,0,
2014-11-20,1192.0,,0.0,21.2,0.0,20.8,0,
2014-11-21,1192.0,,0.0,21.0,0.0,20.7,0,
2014-11-22,1192.0,,0.0,21.4,0.0,20.8,0,
2014-11-23,1192.0,,0.0,21.9,0.0,21.9,0,
2014-11-24,1192.0,,0.0,21.5,0.0,21.3,0,
2014-11-25,1192.0,,0.0,20.7,0.0,20.4,0,
2014-11-26,1192.0,,0.0,20.2,0.0,19.9,0,
2014-11-27,1192.0,,0.0,20.3,0.0,20.0,0,
2014-11-28,1192.0,,0.0,20.3,0.0,20.0,0,
2014-11-29,1192.0,,0.0,21.0,0.1,20.5,0,
2014-11-30,1192.0,,0.0,21.3,0.3,20.7,0,
2014-12-01,1212.0,,0.0,22.4,0.3,21.9,0,
2014-12-02,1212.0,,0.0,21.9,0.0,21.7,0,
2014-12-03,1212.0,,0.0,21.0,0.0,20.6,0,
2014-12-04,1212.0,,0.0,21.3,0.0,20.6,0,
2014-12-05,1212.0,,0.0,19.9,0.0,19.5,0,
2014-12-06,1212.0,,0.0,20.0,0.0,19.9,0,
2014-12-07,1212.0,,0.0,21.9,0.0,21.9,0,
2014-12-08,1212.0,,0.1,23.1,0.7,22.8,0,
2014-12-09,1212.0,,0.3,23.0,0.4,22.8,0,
2014-12-10,1212.0,,0.0,23.7,0.0,23.5,0,
2014-12-11,1212.0,,1.0,22.5,1.2,22.5,0,
2014-12-12,1212.0,,0.2,22.6,0.3,22.4,0,
2014-12-13,1212.0,,3.0,21.7,2.0,21.4,0,
2014-12-14,1212.0,,1.3,21.9,2.0,21.4,0,
2014-12-15,1212.0,,0.2,22.5,0.3,22.1,1,Christmas
2014-12-16,1212.0,,0.0,23.4,0.0,23.0,1,Christmas
2014-12-17,1212.0,,0.0,22.3,0.0,21.8,1,Christmas
2014-12-18,1212.0,,0.0,22.0,0.0,21.6,1,Christmas
2014-12-19,1212.0,,0.0,21.7,0.0,21.3,1,Christmas
2014-12-20,1212.0,,0.0,22.4,0.0,21.9,1,Christmas
2014-12-21,1212.0,,0.0,21.9,0.0,21.6,1,Christmas
2014-12-22,1212.0,,0.0,21.4,0.0,21.1,1,Christmas
2014-12-23,1212.0,,0.0,21.0,0.0,20.7,1,Christmas
2014-12-24,1212.0,,0.0,21.4,0.0,21.4,1,Christmas
2014-12-25,1212.0,,0.0,21.0,0.0,20.8,1,Christmas
2014-12-26,1212.0,,0.0,19.7,0.0,19.3,1,Prophet's Birthday
2014-12-27,1212.0,,0.0,19.8,0.0,19.6,1,Prophet's Birthday
2014-12-28,1212.0,,0.9,20.2,3.5,19.8,1,Prophet's Birthday
2014-12-29,1212.0,,0.0,22.2,0.0,22.0,1,Prophet's Birthday
2014-12-30,1212.0,,0.0,22.8,0.0,22.6,1,Prophet's Birthday
2014-12-31,1212.0,,0.0,23.2,0.0,22.8,1,Prophet's Birthday
2015-01-01,1146.0,,0.1,22.7,1.5,22.5,1,Prophet's Birthday
2015-01-02,1146.0,,0.1,21.8,0.2,21.6,1,Prophet's Birthday
2015-01-03,1146.0,,0.0,21.5,0.0,21.4,1,Prophet's Birthday
2015-01-04,1146.0,,0.0,22.1,0.0,21.9,1,Prophet's Birthday
2015-01-05,1146.0,,0.0,22.5,0.0,22.3,0,
2015-01-06,1146.0,,0.0,22.3,0.0,22.1,0,
2015-01-07,1146.0,,0.0,22.8,0.0,22.6,0,
2015-01-08,1146.0,,0.0,22.5,0.0,22.4,0,
2015-01-09,1146.0,,0.0,22.0,0.0,21.8,0,
2015-01-10,1146.0,,0.0,21.0,0.0,20.8,0,
2015-01-11,1146.0,,0.0,19.9,0.0,19.4,0,
2015-01-12,1146.0,,0.0,19.3,0.0,19.1,0,
2015-01-13,1146.0,,0.0,19.4,0.0,19.3,0,
2015-01-14,1146.0,,0.0,19.5,0.0,19.1,0,
2015-01-15,1146.0,,0.0,20.0,0.0,19.9,0,
2015-01-16,1146.0,,0.0,20.6,0.0,20.5,1,Republic Day
2015-01-17,1146.0,,0.0,21.5,0.0,21.5,1,Republic Day
2015-01-18,1146.0,,0.0,22.5,0.0,22.5,1,Republic Day
2015-01-19,1146.0,,0.0,22.9,0.0,22.8,1,Republic Day
2015-01-20,1146.0,,0.0,22.8,0.0,22.6,1,Republic Day
2015-01-21,1146.0,,0.0,22.6,0.0,22.5,1,Republic Day
2015-01-22,1146.0,,0.0,22.5,0.0,22.4,1,Republic Day
2015-01-23,1146.0,,0.0,21.4,0.0,21.5,1,Republic Day
2015-01-24,1146.0,,0.0,21.8,0.1,21.8,1,Republic Day
2015-01-25,1146.0,,0.0,23.0,0.0,22.8,1,Republic Day
2015-01-26,1146.0,,0.0,21.7,0.0,21.4,1,Republic Day
2015-01-27,1146.0,,0.0,20.9,0.0,20.9,0,
2015-01-28,1146.0,,0.0,21.6,0.0,21.7,0,
2015-01-29,1146.0,,0.0,23.2,0.0,23.0,0,
2015-01-30,1146.0,,0.0,23.5,0.0,23.4,0,
2015-01-31,1146.0,,0.0,23.2,0.0,23.1,0,
2015-02-01,1161.0,,0.0,22.6,0.0,22.4,0,
2015-02-02,1161.0,,0.0,22.5,0.0,22.3,0,
2015-02-03,1161.0,,0.0,21.5,0.0,21.4,0,
2015-02-04,1161.0,,0.0,21.4,0.0,21.3,0,
2015-02-05,1161.0,,0.0,22.0,0.0,21.9,0,
2015-02-06,1161.0,,0.0,22.7,0.0,22.5,0,
2015-02-07,1161.0,,0.0,23.1,0.0,23.1,0,
2015-02-08,1161.0,,0.0,23.2,0.0,23.2,0,
2015-02-09,1161.0,,0.0,23.5,0.0,23.1,0,
2015-02-10,1161.0,,0.0,22.1,0.0,21.8,0,
2015-02-11,1161.0,,0.0,21.7,0.0,21.6,0,
2015-02-12,1161.0,,0.0,22.5,0.0,22.6,0,
2015-02-13,1161.0,,0.0,22.9,0.0,23.0,0,
2015-02-14,1161.0,,0.0,23.5,0.0,23.6,0,
2015-02-15,1161.0,,0.0,23.7,0.0,23.8,0,
2015-02-16,1161.0,,0.0,24.3,0.0,24.4,0,
2015-02-17,1161.0,,0.0,24.1,0.0,24.1,0,
2015-02-18,1161.0,,0.0,23.9,0.0,24.2,0,
2015-02-19,1161.0,,0.0,24.1,0.0,23.9,0,
2015-02-20,1161.0,,0.0,23.9,0.0,23.9,0,
2015-02-21,1161.0,,0.0,23.6,0.0,23.5,0,
2015-02-22,1161.0,,0.0,23.2,0.0,23.3,0,
2015-02-23,1161.0,,0.0,22.9,0.0,23.3,0,
2015-02-24,1161.0,,0.0,22.3,0.0,22.5,1,Holi
2015-02-25,1161.0,,0.0,22.7,0.0,23.0,1,Holi
2015-02-26,1161.0,,0.0,24.4,0.0,23.9,1,Holi
2015-02-27,1161.0,,0.0,24.1,0.0,24.2,1,Holi
2015-02-28,1161.0,,0.0,24.3,0.0,24.5,1,Holi
2015-03-01,1091.0,,0.1,24.0,0.1,24.2,1,Holi
2015-03-02,1091.0,,0.2,24.5,0.0,24.6,1,Holi
2015-03-03,1091.0,,0.0,24.4,0.0,24.7,1,Holi
2015-03-04,1091.0,,0.0,24.2,0.0,24.4,1,Holi
2015-03-05,1091.0,,0.1,24.9,0.6,24.9,1,Holi
2015-03-06,1091.0,,2.4,24.9,6.7,24.5,1,Holi
2015-03-07,1091.0,,1.3,24.3,1.6,24.0,0,
2015-03-08,1091.0,,3.9,23.8,0.7,24.0,0,
2015-03-09,1091.0,,0.0,24.2,0.0,24.3,0,
2015-03-10,1091.0,,0.0,25.3,0.0,25.2,0,
2015-03-11,1091.0,,0.0,24.2,0.0,24.1,0,
2015-03-12,1091.0,,0.0,24.9,0.0,24.9,0,
2015-03-13,1091.0,,0.0,25.5,0.0,25.4,0,
2015-03-14,1091.0,,0.0,25.0,0.0,25.1,0,
2015-03-15,1091.0,,1.7,25.2,0.5,25.3,0,
2015-03-16,1091.0,,0.4,25.5,0.0,26.0,0,
2015-03-17,1091.0,,0.0,27.0,0.0,27.1,0,
2015-03-18,1091.0,,0.0,26.6,0.0,26.8,1,Ram Navami
2015-03-19,1091.0,,0.0,26.9,0.0,26.8,1,Ram Navami
2015-03-20,1091.0,,0.0,26.8,0.0,27.1,1,Ram Navami
2015-03-21,1091.0,,0.0,26.6,0.0,26.9,1,Ram Navami
2015-03-22,1091.0,,0.0,27.0,0.0,27.5,1,Ram Navami
2015-03-23,1091.0,,0.0,27.4,0.0,27.7,1,Ram Navami
2015-03-24,1091.0,,0.0,28.1,0.0,28.3,1,Ram Navami
2015-03-25,1091.0,,0.0,28.0,0.0,28.5,1,Ram Navami
2015-03-26,1091.0,,0.0,28.3,0.0,28.4,1,Ram Navami
2015-03-27,1091.0,,0.0,27.7,0.0,27.6,1,Ram Navami
2015-03-28,1091.0,,0.0,27.6,0.0,27.6,1,Ram Navami
2015-03-29,1091.0,,0.0,27.9,0.0,27.9,1,Mahavira's Birthday
2015-03-30,1091.0,,0.3,27.9,0.0,27.8,1,Mahavira's Birthday
2015-03-31,1091.0,,2.1,26.1,1.2,26.3,1,Mahavira's Birthday
2015-04-01,1078.0,,1.2,26.3,0.2,26.5,1,Mahavira's Birthday
2015-04-02,1078.0,,0.0,26.9,0.1,27.2,1,Mahavira's Birthday
2015-04-03,1078.0,,0.0,27.6,0.0,27.8,1,Good Friday
2015-04-04,1078.0,,0.0,28.0,0.0,28.2,1,Dr. B. R. Ambedkar's Birthday
2015-04-05,1078.0,,0.0,28.9,0.0,29.1,1,Dr. B. R. Ambedkar's Birthday
2015-04-06,1078.0,,0.2,27.8,1.9,27.6,1,Dr. B. R. Ambedkar's Birthday
2015-04-07,1078.0,,0.0,27.6,0.8,27.4,1,Dr. B. R. Ambedkar's Birthday
2015-04-08,1078.0,,1.4,26.9,2.7,26.6,1,Dr. B. R. Ambedkar's Birthday
2015-04-09,1078.0,,0.0,27.5,0.0,27.5,1,Dr. B. R. Ambedkar's Birthday
2015-04-10,1078.0,,0.1,27.3,0.4,27.2,1,Dr. B. R. Ambedkar's Birthday
2015-04-11,1078.0,,4.6,25.5,6.2,25.4,1,Dr. B. R. Ambedkar's Birthday
2015-04-12,1078.0,,4.0,24.4,13.7,24.0,1,Dr. B. R. Ambedkar's Birthday
2015-04-13,1078.0,,1.2,23.8,5.2,22.9,1,Dr. B. R. Ambedkar's Birthday
2015-04-14,1078.0,,1.4,23.4,4.8,22.7,1,Dr. B. R. Ambedkar's Birthday
2015-04-15,1078.0,,0.2,24.1,0.9,23.3,0,
2015-04-16,1078.0,,0.0,25.1,0.4,24.0,0,
2015-04-17,1078.0,,0.0,25.5,0.0,24.7,0,
2015-04-18,1078.0,,0.2,25.9,0.2,25.3,0,
2015-04-19,1078.0,,0.0,26.9,0.0,26.3,0,
2015-04-20,1078.0,,0.0,27.9,0.1,26.9,0,
2015-04-21,1078.0,,5.7,26.9,4.1,26.4,0,
2015-04-22,1078.0,,6.5,26.1,4.4,25.8,0,
2015-04-23,1078.0,,13.2,25.0,9.7,24.7,0,
2015-04-24,1078.0,,1.3,25.9,1.5,25.8,1,Buddha Purnima
2015-04-25,1078.0,,2.3,25.4,4.2,24.9,1,Buddha Purnima
2015-04-26,1078.0,,0.5,25.8,0.5,25.5,1,Buddha Purnima
2015-04-27,1078.0,,0.2,26.3,0.1,26.1,1,Buddha Purnima
2015-04-28,1078.0,,0.0,27.3,0.0,27.0,1,Buddha Purnima
2015-04-29,1078.0,,0.6,27.0,0.9,26.8,1,Buddha Purnima
2015-04-30,1078.0,,6.4,26.0,8.5,25.7,1,Buddha Purnima
2015-05-01,1132.0,,0.0,27.6,0.0,27.4,1,Buddha Purnima
2015-05-02,1132.0,,3.9,27.0,4.2,26.8,1,Buddha Purnima
2015-05-03,1132.0,,13.9,25.5,11.5,25.2,1,Buddha Purnima
2015-05-04,1132.0,,8.0,25.3,13.0,24.8,1,Buddha Purnima
2015-05-05,1132.0,,1.1,25.1,0.8,24.9,0,
2015-05-06,1132.0,,5.8,25.1,11.5,24.9,0,
2015-05-07,1132.0,,0.9,25.5,1.4,25.2,0,
2015-05-08,1132.0,,2.1,25.6,0.4,25.6,0,
2015-05-09,1132.0,,0.7,26.8,0.9,26.7,0,
2015-05-10,1132.0,,0.0,27.1,0.2,26.8,0,
2015-05-11,1132.0,,11.5,25.6,14.1,25.1,0,
2015-05-12,1132.0,,0.0,24.7,0.0,24.5,0,
2015-05-13,1132.0,,13.0,23.9,9.5,23.6,0,
2015-05-14,1132.0,,4.8,24.2,7.6,24.0,0,
2015-05-15,1132.0,,16.3,23.5,13.8,23.3,0,
2015-05-16,1132.0,,9.3,23.2,12.5,23.1,0,
2015-05-17,1132.0,,2.9,24.1,4.7,23.7,0,
2015-05-18,1132.0,,1.0,25.0,1.7,24.7,0,
2015-05-19,1132.0,,7.2,24.8,7.2,24.5,0,
2015-05-20,1132.0,,1.0,26.2,1.5,26.0,0,
2015-05-21,1132.0,,0.8,26.0,0.3,25.9,0,
2015-05-22,1132.0,,0.3,26.4,0.9,26.1,0,
2015-05-23,1132.0,,0.4,26.0,1.7,25.7,0,
2015-05-24,1132.0,,0.1,26.5,0.0,26.3,0,
2015-05-25,1132.0,,0.0,26.4,0.0,26.2,0,
2015-05-26,1132.0,,0.0,26.1,0.0,25.9,0,
2015-05-27,1132.0,,2.2,26.0,3.3,25.7,0,
2015-05-28,1132.0,,0.0,26.3,0.0,26.1,0,
2015-05-29,1132.0,,7.6,25.8,11.6,25.3,0,
2015-05-30,1132.0,,0.3,26.7,0.8,26.3,0,
2015-05-31,1132.0,,9.8,25.9,16.1,25.6,0,
2015-06-01,1124.0,,14.7,25.1,17.4,24.7,0,
2015-06-02,1124.0,,13.4,24.6,13.3,24.2,0,
2015-06-03,1124.0,,3.8,24.7,1.5,24.5,0,
2015-06-04,1124.0,,14.2,24.0,12.3,23.8,0,
2015-06-05,1124.0,,11.0,24.1,14.5,23.9,0,
2015-06-06,1124.0,,0.0,25.1,0.0,24.9,0,
2015-06-07,1124.0,,0.5,24.7,1.6,24.6,0,
2015-06-08,1124.0,,0.9,24.6,4.1,24.4,0,
2015-06-09,1124.0,,1.4,24.3,3.9,24.1,0,
2015-06-10,1124.0,,0.7,24.5,0.0,24.5,0,
2015-06-11,1124.0,,8.0,23.6,5.7,23.6,0,
2015-06-12,1124.0,,13.1,23.0,18.7,22.8,0,
2015-06-13,1124.0,,0.5,23.6,4.0,23.4,0,
2015-06-14,1124.0,,6.4,22.8,10.5,22.6,0,
2015-06-15,1124.0,,1.3,22.9,0.3,22.7,0,
2015-06-16,1124.0,,0.6,23.2,0.6,23.1,0,
2015-06-17,1124.0,,2.9,22.7,3.0,22.7,0,
2015-06-18,1124.0,,9.1,22.0,8.6,21.8,0,
2015-06-19,1124.0,,8.8,22.1,6.5,21.9,0,
2015-06-20,1124.0,,15.3,21.8,14.7,21.4,0,
2015-06-21,1124.0,,7.9,22.5,5.1,22.4,0,
2015-06-22,1124.0,,2.8,23.1,0.8,23.1,0,
2015-06-23,1124.0,,3.2,23.4,2.3,23.2,0,
2015-06-24,1124.0,,0.3,23.8,0.4,23.7,0,
2015-06-25,1124.0,,1.0,23.6,0.4,23.5,0,
2015-06-26,1124.0,,0.2,24.0,0.9,23.9,0,
2015-06-27,1124.0,,0.6,24.2,1.1,24.1,0,
2015-06-28,1124.0,,0.0,24.6,1.0,24.4,0,
2015-06-29,1124.0,,0.9,24.3,1.8,23.9,0,
2015-06-30,1124.0,,0.2,24.2,0.3,23.9,0,
2015-07-01,1103.0,,0.0,24.4,0.0,24.2,0,
2015-07-02,1103.0,,2.1,23.9,3.6,23.5,0,
2015-07-03,1103.0,,1.6,24.0,4.6,23.7,0,
2015-07-04,1103.0,,0.1,24.6,0.1,24.3,0,
2015-07-05,1103.0,,0.0,24.2,0.0,24.0,0,
2015-07-06,1103.0,,0.0,23.8,0.0,23.6,0,
2015-07-07,1103.0,,0.1,23.6,0.0,23.4,0,
2015-07-08,1103.0,,0.5,24.0,0.8,23.8,1,Eid al-Fitr
2015-07-09,1103.0,,2.1,24.0,2.2,23.8,1,Eid al-Fitr
2015-07-10,1103.0,,3.4,23.5,3.0,23.4,1,Eid al-Fitr
2015-07-11,1103.0,,1.2,23.4,2.1,23.2,1,Eid al-Fitr
2015-07-12,1103.0,,0.3,23.9,0.7,23.8,1,Eid al-Fitr
2015-07-13,1103.0,,0.9,24.1,1.3,23.8,1,Eid al-Fitr
2015-07-14,1103.0,,1.2,24.3,2.4,24.0,1,Eid al-Fitr
2015-07-15,1103.0,,3.7,23.7,9.8,23.3,1,Eid al-Fitr
2015-07-16,1103.0,,0.3,23.6,0.3,23.4,1,Eid al-Fitr
2015-07-17,1103.0,,2.0,23.5,2.2,23.4,1,Eid al-Fitr
2015-07-18,1103.0,,2.3,23.1,4.1,23.0,1,Eid al-Fitr
2015-07-19,1103.0,,11.4,22.1,13.6,21.9,0,
2015-07-20,1103.0,,2.4,22.8,3.8,22.6,0,
2015-07-21,1103.0,,6.5,23.2,5.5,22.9,0,
2015-07-22,1103.0,,7.2,23.0,9.2,22.7,0,
2015-07-23,1103.0,,3.3,23.3,10.0,23.0,0,
2015-07-24,1103.0,,3.2,22.6,5.7,22.5,0,
2015-07-25,1103.0,,3.8,22.2,3.2,22.1,0,
2015-07-26,1103.0,,2.6,22.5,4.0,22.4,0,
2015-07-27,1103.0,,11.8,21.6,11.9,21.5,0,
2015-07-28,1103.0,,1.4,22.9,2.5,22.7,0,
2015-07-29,1103.0,,0.0,22.8,0.0,22.7,0,
2015-07-30,1103.0,,0.1,22.8,0.1,22.7,0,
2015-07-31,1103.0,,13.4,22.2,12.1,21.9,0,
2015-08-01,1032.0,,4.4,22.4,7.1,22.1,0,
2015-08-02,1032.0,,2.7,22.8,2.3,22.5,0,
2015-08-03,1032.0,,0.2,22.9,0.1,22.7,0,
2015-08-04,1032.0,,1.4,22.9,1.2,22.7,0,
2015-08-05,1032.0,,0.9,23.2,1.6,23.0,1,Independence Day
2015-08-06,1032.0,,0.1,23.2,0.4,23.1,1,Independence Day
2015-08-07,1032.0,,0.2,23.6,0.5,23.5,1,Independence Day
2015-08-08,1032.0,,0.4,23.5,0.9,23.4,1,Independence Day
2015-08-09,1032.0,,1.6,23.6,5.2,23.4,1,Independence Day
2015-08-10,1032.0,,7.7,23.0,9.6,22.7,1,Independence Day
2015-08-11,1032.0,,0.8,23.7,1.4,23.5,1,Independence Day
2015-08-12,1032.0,,4.9,22.4,4.5,22.2,1,Independence Day
2015-08-13,1032.0,,1.0,23.2,0.6,23.0,1,Independence Day
2015-08-14,1032.0,,0.2,23.8,0.6,23.6,1,Independence Day
2015-08-15,1032.0,,0.8,23.9,1.0,23.7,1,Independence Day
2015-08-16,1032.0,,11.5,23.4,8.6,23.0,0,
2015-08-17,1032.0,,0.4,23.8,0.3,23.6,0,
2015-08-18,1032.0,,17.7,23.6,22.5,23.5,0,
2015-08-19,1032.0,,7.2,23.9,11.4,23.6,0,
2015-08-20,1032.0,,7.1,24.0,7.5,23.7,0,
2015-08-21,1032.0,,8.7,23.5,9.8,23.1,0,
2015-08-22,1032.0,,5.6,22.3,8.4,22.0,0,
2015-08-23,1032.0,,0.6,23.1,3.0,22.8,0,
2015-08-24,1032.0,,1.1,23.1,0.7,22.8,0,
2015-08-25,1032.0,,0.3,22.8,0.2,22.5,0,
2015-08-26,1032.0,,1.7,23.0,2.2,22.6,1,Janmashtami (Vaishnava)
2015-08-27,1032.0,,1.5,23.2,2.5,22.9,1,Janmashtami (Vaishnava)
2015-08-28,1032.0,,0.0,23.3,0.0,23.0,1,Janmashtami (Vaishnava)
2015-08-29,1032.0,,0.7,23.3,0.1,23.0,1,Janmashtami (Vaishnava)
2015-08-30,1032.0,,0.0,23.6,0.0,23.3,1,Janmashtami (Vaishnava)
2015-08-31,1032.0,,0.0,23.6,0.0,23.4,1,Janmashtami (Vaishnava)
2015-09-01,1052.0,,0.0,23.7,0.1,23.4,1,Janmashtami (Vaishnava)
2015-09-02,1052.0,,0.1,23.4,0.0,23.3,1,Janmashtami (Vaishnava)
2015-09-03,1052.0,,0.0,24.2,0.0,24.1,1,Janmashtami (Vaishnava)
2015-09-04,1052.0,,12.2,24.4,13.3,24.1,1,Janmashtami (Vaishnava)
2015-09-05,1052.0,,11.1,23.9,10.4,23.7,1,Janmashtami (Vaishnava)
2015-09-06,1052.0,,9.5,23.1,8.3,22.9,0,
2015-09-07,1052.0,,23.6,22.4,33.6,22.0,0,
2015-09-08,1052.0,,2.8,22.2,4.7,21.9,0,
2015-09-09,1052.0,,3.9,22.7,7.1,22.4,0,
2015-09-10,1052.0,,1.6,22.8,3.5,22.4,0,
2015-09-11,1052.0,,0.2,22.6,0.4,22.3,0,
2015-09-12,1052.0,,0.0,23.1,0.0,22.8,0,
2015-09-13,1052.0,,0.0,23.3,0.0,23.0,0,
2015-09-14,1052.0,,0.0,23.4,0.0,23.1,0,
2015-09-15,1052.0,,1.1,22.4,0.6,22.3,1,Eid al-Adha
2015-09-16,1052.0,,0.9,22.9,1.7,22.7,1,Eid al-Adha
2015-09-17,1052.0,,0.0,23.6,0.0,23.3,1,Eid al-Adha
2015-09-18,1052.0,,2.0,23.2,6.3,22.8,1,Eid al-Adha
2015-09-19,1052.0,,0.4,23.9,0.4,23.6,1,Eid al-Adha
2015-09-20,1052.0,,0.0,23.5,0.2,23.1,1,Eid al-Adha
2015-09-21,1052.0,,0.0,23.3,0.1,22.8,1,Eid al-Adha
2015-09-22,1052.0,,0.0,23.3,0.0,23.0,1,Mahatma Gandhi's Birthday
2015-09-23,1052.0,,0.0,23.8,0.0,23.7,1,Mahatma Gandhi's Birthday
2015-09-24,1052.0,,10.5,24.3,9.9,24.2,1,Mahatma Gandhi's Birthday
2015-09-25,1052.0,,2.0,24.0,4.4,23.7,1,Mahatma Gandhi's Birthday
2015-09-26,1052.0,,0.9,23.9,2.9,23.5,1,Mahatma Gandhi's Birthday
2015-09-27,1052.0,,9.8,24.0,13.2,23.6,1,Mahatma Gandhi's Birthday
2015-09-28,1052.0,,4.2,23.7,3.3,23.4,1,Mahatma Gandhi's Birthday
2015-09-29,1052.0,,1.4,23.7,2.0,23.0,1,Mahatma Gandhi's Birthday
2015-09-30,1052.0,,15.6,23.4,21.2,23.1,1,Mahatma Gandhi's Birthday
2015-10-01,1104.0,,10.8,23.3,9.4,23.1,1,Mahatma Gandhi's Birthday
2015-10-02,1104.0,,9.4,23.0,12.2,22.7,1,Mahatma Gandhi's Birthday
2015-10-03,1104.0,,0.0,23.4,0.1,23.1,0,
2015-10-04,1104.0,,12.0,23.5,12.2,23.1,0,
2015-10-05,1104.0,,27.9,22.6,33.1,22.3,0,
2015-10-06,1104.0,,1.8,22.9,2.2,22.6,0,
2015-10-07,1104.0,,1.0,23.3,0.2,23.2,0,
2015-10-08,1104.0,,0.4,23.4,2.2,23.1,0,
2015-10-09,1104.0,,4.8,23.1,4.1,22.9,0,
2015-10-10,1104.0,,0.1,23.2,3.2,22.9,0,
2015-10-11,1104.0,,3.3,23.1,3.4,22.9,0,
2015-10-12,1104.0,,3.5,23.7,4.4,23.4,1,Dussehra
2015-10-13,1104.0,,0.0,24.0,0.0,23.9,1,Dussehra
2015-10-14,1104.0,,0.0,23.7,0.0,23.0,1,Dussehra
2015-10-15,1104.0,,0.0,23.5,0.0,22.9,1,Dussehra
2015-10-16,1104.0,,0.0,23.6,0.0,23.5,1,Dussehra
2015-10-17,1104.0,,0.0,23.6,0.1,23.4,1,Dussehra
2015-10-18,1104.0,,0.0,23.8,0.0,23.6,1,Dussehra
2015-10-19,1104.0,,0.0,24.1,0.0,23.9,1,Dussehra
2015-10-20,1104.0,,0.0,23.8,0.0,23.5,1,Dussehra
2015-10-21,1104.0,,0.0,24.3,0.0,24.0,1,Dussehra
2015-10-22,1104.0,,0.0,24.4,0.0,23.9,1,Dussehra
2015-10-23,1104.0,,0.0,23.2,0.0,22.7,1,Ashura
2015-10-24,1104.0,,0.0,22.7,0.0,22.3,1,Ashura
2015-10-25,1104.0,,0.0,22.3,0.0,22.2,0,
2015-10-26,1104.0,,0.0,22.8,0.0,22.6,0,
2015-10-27,1104.0,,0.0,23.5,0.0,23.2,0,
2015-10-28,1104.0,,0.0,23.7,0.0,23.5,0,
2015-10-29,1104.0,,1.4,23.9,0.3,23.6,0,
2015-10-30,1104.0,,0.5,24.2,0.7,24.1,0,
2015-10-31,1104.0,,0.4,24.0,0.3,23.6,0,
2015-11-01,1071.0,,14.4,23.1,16.9,22.8,1,Diwali (Deepavali)
2015-11-02,1071.0,,26.0,21.8,19.6,21.6,1,Diwali (Deepavali)
2015-11-03,1071.0,,1.5,22.6,5.9,22.4,1,Diwali (Deepavali)
2015-11-04,1071.0,,7.1,22.5,15.0,22.3,1,Diwali (Deepavali)
2015-11-05,1071.0,,0.6,22.8,0.6,22.7,1,Diwali (Deepavali)
2015-11-06,1071.0,,0.0,22.6,0.0,22.4,1,Diwali (Deepavali)
2015-11-07,1071.0,,0.2,22.9,0.0,22.7,1,Diwali (Deepavali)
2015-11-08,1071.0,,0.0,23.3,0.0,23.1,1,Diwali (Deepavali)
2015-11-09,1071.0,,1.6,21.6,3.8,21.1,1,Diwali (Deepavali)
2015-11-10,1071.0,,7.3,20.6,11.8,19.9,1,Diwali (Deepavali)
2015-11-11,1071.0,,13.6,20.6,14.4,20.3,1,Diwali (Deepavali)
2015-11-12,1071.0,,13.6,22.2,12.0,21.8,0,
2015-11-13,1071.0,,2.7,22.3,2.0,22.0,0,
2015-11-14,1071.0,,0.0,21.4,0.0,21.1,0,
2015-11-15,1071.0,,7.0,19.4,11.1,19.0,1,Guru Nanak's Birthday
2015-11-16,1071.0,,23.0,18.2,31.5,17.7,1,Guru Nanak's Birthday
2015-11-17,1071.0,,6.1,19.7,7.5,19.3,1,Guru Nanak's Birthday
2015-11-18,1071.0,,1.2,20.3,2.1,20.0,1,Guru Nanak's Birthday
2015-11-19,1071.0,,4.1,20.4,3.5,20.1,1,Guru Nanak's Birthday
2015-11-20,1071.0,,12.9,21.7,12.8,21.3,1,Guru Nanak's Birthday
2015-11-21,1071.0,,9.0,22.0,8.1,21.6,1,Guru Nanak's Birthday
2015-11-22,1071.0,,13.9,21.5,13.2,21.2,1,Guru Nanak's Birthday
2015-11-23,1071.0,,15.2,21.7,18.1,21.2,1,Guru Nanak's Birthday
2015-11-24,1071.0,,6.3,21.8,4.0,21.6,1,Guru Nanak's Birthday
2015-11-25,1071.0,,0.0,21.0,0.0,20.8,1,Guru Nanak's Birthday
2015-11-26,1071.0,,0.0,20.8,0.0,20.7,0,
2015-11-27,1071.0,,0.0,22.2,0.0,22.1,0,
2015-11-28,1071.0,,0.0,21.7,0.0,21.1,0,
2015-11-29,1071.0,,4.4,20.6,4.3,20.4,0,
2015-11-30,1071.0,,7.1,21.4,6.6,21.1,0,
2015-12-01,1150.0,,3.9,22.0,5.9,21.6,0,
2015-12-02,1150.0,,0.4,20.6,1.8,20.2,0,
2015-12-03,1150.0,,0.1,21.5,0.0,21.1,0,
2015-12-04,1150.0,,0.0,20.7,0.0,20.5,0,
2015-12-05,1150.0,,0.0,21.0,0.0,20.8,0,
2015-12-06,1150.0,,0.0,21.3,0.0,21.0,0,
2015-12-07,1150.0,,0.0,21.3,0.0,21.0,0,
2015-12-08,1150.0,,0.0,20.7,0.0,20.4,0,
2015-12-09,1150.0,,0.0,21.8,0.0,21.6,0,
2015-12-10,1150.0,,0.1,23.2,0.4,22.8,0,
2015-12-11,1150.0,,0.0,22.7,0.0,22.3,0,
2015-12-12,1150.0,,0.0,22.6,0.0,22.1,0,
2015-12-13,1150.0,,0.0,22.6,0.0,22.0,0,
2015-12-14,1150.0,,0.0,23.0,0.4,22.3,1,Prophet's Birthday
2015-12-15,1150.0,,0.0,22.9,0.0,22.7,1,Prophet's Birthday
2015-12-16,1150.0,,0.0,22.5,0.0,21.8,1,Prophet's Birthday
2015-12-17,1150.0,,0.0,21.2,0.0,20.9,1,Prophet's Birthday
2015-12-18,1150.0,,0.0,21.1,0.0,20.8,1,Prophet's Birthday
2015-12-19,1150.0,,0.0,21.4,0.0,21.3,1,Prophet's Birthday
2015-12-20,1150.0,,0.0,22.1,0.0,21.7,1,Prophet's Birthday
2015-12-21,1150.0,,0.0,21.8,0.0,21.5,1,Prophet's Birthday
2015-12-22,1150.0,,0.0,22.0,0.0,21.8,1,Prophet's Birthday
2015-12-23,1150.0,,0.0,21.4,0.0,21.1,1,Prophet's Birthday
2015-12-24,1150.0,,0.0,20.9,0.0,20.7,1,Prophet's Birthday
2015-12-25,1150.0,,0.0,21.2,0.0,21.0,1,Christmas
2015-12-26,1150.0,,0.0,21.2,0.0,21.0,0,
2015-12-27,1150.0,,0.0,21.0,0.0,20.8,0,
2015-12-28,1150.0,,0.0,21.2,0.0,20.7,0,
2015-12-29,1150.0,,0.0,20.3,0.0,19.9,0,
2015-12-30,1150.0,,0.0,20.6,0.0,20.0,0,
2015-12-31,1150.0,,0.0,20.2,0.0,19.8,0,
2016-01-01,1152.0,,0.0,20.0,0.0,19.6,0,
2016-01-02,1152.0,,0.0,19.9,0.0,19.3,0,
2016-01-03,1152.0,,0.0,19.8,0.0,19.7,0,
2016-01-04,1152.0,,0.0,20.0,0.0,20.0,0,
2016-01-05,1152.0,,0.0,19.2,0.0,19.2,0,
2016-01-06,1152.0,,0.0,19.5,0.0,19.3,0,
2016-01-07,1152.0,,0.0,20.7,0.0,20.6,0,
2016-01-08,1152.0,,0.0,21.1,0.0,20.7,0,
2016-01-09,1152.0,,0.0,20.4,0.0,20.3,0,
2016-01-10,1152.0,,0.0,20.3,0.0,20.1,0,
2016-01-11,1152.0,,0.0,19.9,0.0,19.8,0,
2016-01-12,1152.0,,0.0,20.4,0.0,20.2,0,
2016-01-13,1152.0,,0.0,21.0,0.0,20.8,0,
2016-01-14,1152.0,,0.0,21.3,0.0,20.9,0,
2016-01-15,1152.0,,0.0,21.6,0.0,21.2,0,
2016-01-16,1152.0,,0.0,21.5,0.0,21.3,1,Republic Day
2016-01-17,1152.0,,0.0,21.7,0.0,21.4,1,Republic Day
2016-01-18,1152.0,,0.0,21.9,0.1,21.7,1,Republic Day
2016-01-19,1152.0,,0.1,21.7,0.5,21.6,1,Republic Day
2016-01-20,1152.0,,0.6,22.2,0.7,22.0,1,Republic Day
2016-01-21,1152.0,,0.2,22.7,0.7,22.3,1,Republic Day
2016-01-22,1152.0,,0.3,22.5,0.8,22.1,1,Republic Day
2016-01-23,1152.0,,0.7,22.5,0.3,22.2,1,Republic Day
2016-01-24,1152.0,,0.0,22.8,0.0,22.3,1,Republic Day
2016-01-25,1152.0,,0.0,23.3,0.0,23.1,1,Republic Day
2016-01-26,1152.0,,0.1,23.8,0.0,23.5,1,Republic Day
2016-01-27,1152.0,,0.0,23.8,0.0,23.5,0,
2016-01-28,1152.0,,0.0,24.4,0.0,24.1,0,
2016-01-29,1152.0,,0.0,23.5,0.0,23.3,0,
2016-01-30,1152.0,,0.0,22.9,0.0,22.7,0,
2016-01-31,1152.0,,0.0,22.5,0.0,22.4,0,
2016-02-01,1219.0,,0.0,22.2,0.0,22.0,0,
2016-02-02,1219.0,,0.0,22.2,0.0,22.3,0,
2016-02-03,1219.0,,0.0,22.6,0.0,22.6,0,
2016-02-04,1219.0,,0.0,23.4,0.0,23.3,0,
2016-02-05,1219.0,,0.0,22.6,0.0,22.5,0,
2016-02-06,1219.0,,0.0,22.7,0.0,22.7,0,
2016-02-07,1219.0,,0.0,23.8,0.0,23.6,0,
2016-02-08,1219.0,,0.0,25.0,0.0,24.8,0,
2016-02-09,1219.0,,0.0,25.1,0.0,25.0,0,
2016-02-10,1219.0,,0.0,24.6,0.0,24.6,0,
2016-02-11,1219.0,,0.0,24.8,0.0,24.4,0,
2016-02-12,1219.0,,0.0,24.8,0.0,24.8,0,
2016-02-13,1219.0,,0.0,24.9,0.0,24.7,0,
2016-02-14,1219.0,,0.0,25.0,0.0,24.9,0,
2016-02-15,1219.0,,0.0,24.0,0.0,23.8,0,
2016-02-16,1219.0,,0.0,24.2,0.0,23.9,0,
2016-02-17,1219.0,,0.0,24.3,0.0,24.1,0,
2016-02-18,1219.0,,0.0,24.5,0.0,24.1,0,
2016-02-19,1219.0,,0.0,25.0,0.0,24.6,0,
2016-02-20,1219.0,,0.0,25.6,0.0,25.3,0,
2016-02-21,1219.0,,0.0,26.4,0.0,26.1,0,
2016-02-22,1219.0,,0.0,26.8,0.0,26.6,0,
2016-02-23,1219.0,,0.0,26.7,0.0,26.5,0,
2016-02-24,1219.0,,0.0,26.4,0.0,25.8,0,
2016-02-25,1219.0,,0.0,26.5,0.0,26.2,0,
2016-02-26,1219.0,,0.0,26.8,0.0,26.3,0,
2016-02-27,1219.0,,0.0,25.8,0.0,25.3,0,
2016-02-28,1219.0,,0.0,25.6,0.0,25.3,0,
2016-02-29,1219.0,,0.0,25.8,0.0,25.5,0,
2016-03-01,1440.0,,0.0,25.8,0.0,25.5,0,
2016-03-02,1440.0,,0.0,26.0,0.0,25.7,0,
2016-03-03,1440.0,,0.0,26.2,0.0,25.9,0,
2016-03-04,1440.0,,0.0,25.9,0.0,25.6,0,
2016-03-05,1440.0,,0.0,25.8,0.0,25.4,0,
2016-03-06,1440.0,,0.0,25.9,0.0,25.7,0,
2016-03-07,1440.0,,0.0,26.4,0.0,25.8,0,
2016-03-08,1440.0,,0.0,26.2,0.0,26.0,0,
2016-03-09,1440.0,,0.0,27.2,0.0,26.9,0,
2016-03-10,1440.0,,0.0,27.5,0.0,27.4,0,
2016-03-11,1440.0,,0.0,27.2,0.0,26.9,0,
2016-03-12,1440.0,,0.0,27.3,0.0,27.0,0,
2016-03-13,1440.0,,0.0,27.6,0.0,27.5,0,
2016-03-14,1440.0,,0.0,28.3,0.0,28.2,1,Holi
2016-03-15,1440.0,,0.0,27.1,0.0,27.0,1,Holi
2016-03-16,1440.0,,0.0,27.3,0.0,27.4,1,Holi
2016-03-17,1440.0,,0.0,27.8,0.0,27.7,1,Holi
2016-03-18,1440.0,,0.0,28.6,0.0,28.4,1,Holi
2016-03-19,1440.0,,0.0,29.0,0.0,28.8,1,Holi
2016-03-20,1440.0,,0.0,29.2,0.0,29.2,1,Holi
2016-03-21,1440.0,,0.0,29.3,0.0,29.3,1,Holi
2016-03-22,1440.0,,0.0,29.4,0.0,29.2,1,Holi
2016-03-23,1440.0,,0.0,28.8,0.0,28.6,1,Holi
2016-03-24,1440.0,,0.0,28.7,0.0,28.9,1,Holi
2016-03-25,1440.0,,0.0,28.9,0.0,28.9,1,Good Friday
2016-03-26,1440.0,,0.0,28.0,0.0,27.7,0,
2016-03-27,1440.0,,0.0,27.7,0.0,27.7,0,
2016-03-28,1440.0,,0.0,27.6,0.0,27.5,0,
2016-03-29,1440.0,,0.0,27.9,0.0,27.9,0,
2016-03-30,1440.0,,0.0,28.1,0.0,27.9,0,
2016-03-31,1440.0,,0.0,27.9,0.0,27.9,0,
2016-04-01,1581.0,,0.0,28.5,0.0,28.6,0,
2016-04-02,1581.0,,0.0,28.7,0.0,28.8,0,
2016-04-03,1581.0,,0.0,28.4,0.0,28.5,0,
2016-04-04,1581.0,,0.0,28.7,0.0,29.1,1,Dr. B. R. Ambedkar's Birthday
2016-04-05,1581.0,,0.0,28.1,0.0,28.2,1,Dr. B. R. Ambedkar's Birthday
2016-04-06,1581.0,,0.0,28.1,0.0,28.1,1,Dr. B. R. Ambedkar's Birthday
2016-04-07,1581.0,,0.0,28.1,0.0,28.2,1,Dr. B. R. Ambedkar's Birthday
2016-04-08,1581.0,,0.0,28.5,0.0,28.6,1,Dr. B. R. Ambedkar's Birthday
2016-04-09,1581.0,,1.3,27.4,1.8,27.3,1,Dr. B. R. Ambedkar's Birthday
2016-04-10,1581.0,,0.4,27.8,0.0,27.8,1,Dr. B. R. Ambedkar's Birthday
2016-04-11,1581.0,,0.0,28.8,0.0,29.0,1,Dr. B. R. Ambedkar's Birthday
2016-04-12,1581.0,,0.0,29.6,0.0,29.6,1,Dr. B. R. Ambedkar's Birthday
2016-04-13,1581.0,,0.0,29.6,0.0,29.7,1,Dr. B. R. Ambedkar's Birthday
2016-04-14,1581.0,,0.0,29.9,0.0,30.0,1,Dr. B. R. Ambedkar's Birthday
2016-04-15,1581.0,,0.5,29.6,1.7,29.6,1,Ram Navami
2016-04-16,1581.0,,0.0,29.2,0.0,29.4,1,Mahavira's Birthday
2016-04-17,1581.0,,0.0,29.5,0.0,29.5,1,Mahavira's Birthday
2016-04-18,1581.0,,0.0,29.7,0.0,29.6,1,Mahavira's Birthday
2016-04-19,1581.0,,0.0,29.5,0.0,29.5,1,Mahavira's Birthday
2016-04-20,1581.0,,0.0,29.6,0.0,29.7,1,Mahavira's Birthday
2016-04-21,1581.0,,0.0,29.6,0.0,29.7,0,
2016-04-22,1581.0,,0.0,29.0,0.0,29.0,0,
2016-04-23,1581.0,,0.0,29.6,0.0,29.7,0,
2016-04-24,1581.0,,0.0,29.5,0.0,29.6,0,
2016-04-25,1581.0,,0.0,29.8,0.0,30.0,0,
2016-04-26,1581.0,,0.0,30.0,0.0,30.0,0,
2016-04-27,1581.0,,0.0,30.3,0.0,30.5,0,
2016-04-28,1581.0,,0.0,29.5,0.0,29.6,0,
2016-04-29,1581.0,,0.0,29.7,0.0,29.8,0,
2016-04-30,1581.0,,0.0,29.9,0.0,30.1,0,
2016-05-01,1440.0,,0.0,29.5,0.0,29.7,0,
2016-05-02,1440.0,,0.0,29.9,0.8,29.8,0,
2016-05-03,1440.0,,2.3,28.6,2.5,28.3,0,
2016-05-04,1440.0,,5.5,27.2,7.6,26.9,0,
2016-05-05,1440.0,,1.6,27.5,3.8,27.3,0,
2016-05-06,1440.0,,2.2,26.7,5.6,26.2,0,
2016-05-07,1440.0,,0.2,27.6,0.6,27.1,0,
2016-05-08,1440.0,,2.3,27.1,2.1,26.6,0,
2016-05-09,1440.0,,0.0,28.1,0.0,27.7,0,
2016-05-10,1440.0,,0.0,29.0,0.0,28.4,0,
2016-05-11,1440.0,,4.4,27.0,5.0,26.5,1,Buddha Purnima
2016-05-12,1440.0,,4.2,27.1,3.6,26.8,1,Buddha Purnima
2016-05-13,1440.0,,9.0,26.2,12.1,26.0,1,Buddha Purnima
2016-05-14,1440.0,,12.3,26.8,20.4,26.3,1,Buddha Purnima
2016-05-15,1440.0,,0.7,26.4,0.0,26.4,1,Buddha Purnima
2016-05-16,1440.0,,3.7,25.9,0.9,25.7,1,Buddha Purnima
2016-05-17,1440.0,,1.6,25.4,1.4,25.1,1,Buddha Purnima
2016-05-18,1440.0,,0.3,25.5,2.2,25.1,1,Buddha Purnima
2016-05-19,1440.0,,1.1,26.0,2.8,25.5,1,Buddha Purnima
2016-05-20,1440.0,,0.0,25.7,0.0,25.4,1,Buddha Purnima
2016-05-21,1440.0,,0.0,26.9,0.0,26.6,1,Buddha Purnima
2016-05-22,1440.0,,0.0,27.1,0.0,26.8,0,
2016-05-23,1440.0,,0.0,27.1,0.0,26.9,0,
2016-05-24,1440.0,,0.1,26.9,0.0,26.6,0,
2016-05-25,1440.0,,0.6,26.4,0.6,26.2,0,
2016-05-26,1440.0,,0.2,26.8,0.5,26.6,0,
2016-05-27,1440.0,,1.1,26.8,0.6,26.7,0,
2016-05-28,1440.0,,2.1,26.6,1.7,26.3,0,
2016-05-29,1440.0,,5.6,25.4,5.3,25.2,0,
2016-05-30,1440.0,,1.1,25.8,2.7,25.4,0,
2016-05-31,1440.0,,3.5,25.7,4.4,25.3,0,
2016-06-01,1548.0,,8.8,25.8,11.7,25.3,0,
2016-06-02,1548.0,,15.6,24.9,17.1,24.6,0,
2016-06-03,1548.0,,7.7,25.1,11.5,24.9,0,
2016-06-04,1548.0,,5.2,25.0,9.6,24.6,0,
2016-06-05,1548.0,,6.3,24.5,5.9,24.3,0,
2016-06-06,1548.0,,2.0,24.7,3.4,24.4,0,
2016-06-07,1548.0,,7.2,24.0,12.7,23.7,0,
2016-06-08,1548.0,,16.8,24.2,14.9,24.0,0,
2016-06-09,1548.0,,13.4,23.6,9.5,23.3,0,
2016-06-10,1548.0,,1.0,23.8,1.5,23.7,0,
2016-06-11,1548.0,,0.2,24.1,0.2,23.9,0,
2016-06-12,1548.0,,0.0,24.6,0.3,24.4,0,
2016-06-13,1548.0,,0.7,24.1,4.6,23.9,0,
2016-06-14,1548.0,,0.0,24.3,0.7,24.0,0,
2016-06-15,1548.0,,0.3,24.1,0.0,24.0,0,
2016-06-16,1548.0,,3.0,23.6,2.9,23.3,0,
2016-06-17,1548.0,,0.4,23.8,1.0,23.5,0,
2016-06-18,1548.0,,0.9,24.1,1.4,23.7,0,
2016-06-19,1548.0,,6.8,22.6,7.1,22.5,0,
2016-06-20,1548.0,,0.9,23.2,4.9,22.8,0,
2016-06-21,1548.0,,4.9,22.2,6.7,21.8,0,
2016-06-22,1548.0,,23.9,22.2,23.3,22.1,0,
2016-06-23,1548.0,,2.2,22.4,4.2,22.1,0,
2016-06-24,1548.0,,10.1,22.2,10.2,21.9,0,
2016-06-25,1548.0,,14.8,21.5,14.5,21.2,0,
2016-06-26,1548.0,,7.3,22.5,8.1,22.2,1,Eid al-Fitr
2016-06-27,1548.0,,14.5,22.2,10.9,21.9,1,Eid al-Fitr
2016-06-28,1548.0,,29.9,21.7,29.8,21.4,1,Eid al-Fitr
2016-06-29,1548.0,,45.4,21.3,42.8,21.0,1,Eid al-Fitr
2016-06-30,1548.0,,4.8,22.7,3.5,22.5,1,Eid al-Fitr
2016-07-01,1515.0,,0.5,23.3,0.3,23.2,1,Eid al-Fitr
2016-07-02,1515.0,,0.5,23.4,0.7,23.2,1,Eid al-Fitr
2016-07-03,1515.0,,0.0,23.6,0.0,23.5,1,Eid al-Fitr
2016-07-04,1515.0,,10.2,23.1,15.5,22.9,1,Eid al-Fitr
2016-07-05,1515.0,,16.2,22.6,18.7,22.4,1,Eid al-Fitr
2016-07-06,1515.0,,7.3,22.8,14.2,22.5,1,Eid al-Fitr
2016-07-07,1515.0,,2.2,23.4,3.2,23.1,0,
2016-07-08,1515.0,,0.9,23.5,1.6,23.3,0,
2016-07-09,1515.0,,0.6,23.2,0.6,23.0,0,
2016-07-10,1515.0,,0.4,23.1,0.5,23.0,0,
2016-07-11,1515.0,,0.1,23.2,0.0,23.0,0,
2016-07-12,1515.0,,0.7,23.2,1.4,23.0,0,
2016-07-13,1515.0,,0.2,23.7,1.1,23.5,0,
2016-07-14,1515.0,,1.3,23.6,1.2,23.3,0,
2016-07-15,1515.0,,11.6,23.5,10.7,23.2,0,
2016-07-16,1515.0,,10.4,23.2,9.7,22.9,0,
2016-07-17,1515.0,,7.7,22.7,9.4,22.4,0,
2016-07-18,1515.0,,10.4,22.3,10.7,22.0,0,
2016-07-19,1515.0,,0.0,22.6,0.0,22.4,0,
2016-07-20,1515.0,,2.3,22.3,2.0,22.1,0,
2016-07-21,1515.0,,10.8,22.0,13.8,21.6,0,
2016-07-22,1515.0,,5.1,21.7,3.2,21.5,0,
2016-07-23,1515.0,,18.6,21.6,17.3,21.4,0,
2016-07-24,1515.0,,8.0,22.0,9.6,21.8,0,
2016-07-25,1515.0,,8.6,22.8,14.1,22.5,0,
2016-07-26,1515.0,,7.5,22.9,14.6,22.7,0,
2016-07-27,1515.0,,36.9,22.7,46.5,22.5,0,
2016-07-28,1515.0,,6.1,22.6,4.6,22.4,0,
2016-07-29,1515.0,,4.4,22.1,4.9,21.8,0,
2016-07-30,1515.0,,23.3,21.1,21.3,20.8,0,
2016-07-31,1515.0,,4.6,21.5,2.8,21.2,0,
2016-08-01,1575.0,,0.1,22.2,0.2,22.0,0,
2016-08-02,1575.0,,0.0,22.5,0.0,22.3,0,
2016-08-03,1575.0,,0.0,22.6,0.0,22.4,0,
2016-08-04,1575.0,,0.3,22.6,0.3,22.5,0,
2016-08-05,1575.0,,0.4,22.8,0.1,22.7,1,Independence Day
2016-08-06,1575.0,,0.7,22.9,0.7,22.7,1,Independence Day
2016-08-07,1575.0,,0.7,22.8,0.8,22.6,1,Independence Day
2016-08-08,1575.0,,0.4,23.0,0.6,22.8,1,Independence Day
2016-08-09,1575.0,,1.1,22.9,1.3,22.7,1,Independence Day
2016-08-10,1575.0,,0.1,23.1,0.2,22.9,1,Independence Day
2016-08-11,1575.0,,0.5,23.0,0.4,22.7,1,Independence Day
2016-08-12,1575.0,,4.4,23.1,4.2,22.9,1,Independence Day
2016-08-13,1575.0,,0.4,23.6,0.8,23.4,1,Independence Day
2016-08-14,1575.0,,0.0,23.0,0.8,22.8,1,Independence Day
2016-08-15,1575.0,,0.4,23.1,1.2,22.8,1,Independence Day
2016-08-16,1575.0,,0.0,23.1,0.8,22.9,1,Janmashtami (Vaishnava)
2016-08-17,1575.0,,1.5,22.8,1.5,22.7,1,Janmashtami (Vaishnava)
2016-08-18,1575.0,,1.0,23.0,1.7,22.9,1,Janmashtami (Vaishnava)
2016-08-19,1575.0,,0.3,23.2,0.4,23.0,1,Janmashtami (Vaishnava)
2016-08-20,1575.0,,0.5,23.5,0.6,23.2,1,Janmashtami (Vaishnava)
2016-08-21,1575.0,,1.8,22.8,1.9,22.6,1,Janmashtami (Vaishnava)
2016-08-22,1575.0,,0.7,23.5,0.5,23.2,1,Janmashtami (Vaishnava)
2016-08-23,1575.0,,0.3,23.6,0.6,23.4,1,Janmashtami (Vaishnava)
2016-08-24,1575.0,,0.8,23.6,1.3,23.4,1,Janmashtami (Vaishnava)
2016-08-25,1575.0,,6.1,23.1,5.9,22.7,1,Janmashtami (Vaishnava)
2016-08-26,1575.0,,8.5,23.1,7.3,22.7,0,
2016-08-27,1575.0,,4.3,23.0,1.2,22.7,0,
2016-08-28,1575.0,,1.8,22.9,1.5,22.6,0,
2016-08-29,1575.0,,1.4,23.3,0.8,23.1,0,
2016-08-30,1575.0,,7.1,22.4,4.3,22.2,0,
2016-08-31,1575.0,,10.7,22.0,13.1,21.7,0,
2016-09-01,1557.0,,5.4,21.6,2.4,21.4,0,
2016-09-02,1557.0,,0.8,22.4,1.8,22.2,1,Eid al-Adha
2016-09-03,1557.0,,0.2,22.7,0.4,22.4,1,Eid al-Adha
2016-09-04,1557.0,,0.8,22.7,1.0,22.4,1,Eid al-Adha
2016-09-05,1557.0,,0.4,22.4,1.0,22.0,1,Eid al-Adha
2016-09-06,1557.0,,0.7,22.3,0.7,22.0,1,Eid al-Adha
2016-09-07,1557.0,,0.2,22.1,0.6,21.8,1,Eid al-Adha
2016-09-08,1557.0,,0.3,21.7,0.3,21.5,1,Eid al-Adha
2016-09-09,1557.0,,0.0,22.6,0.0,22.5,1,Eid al-Adha
2016-09-10,1557.0,,0.0,22.8,0.0,22.6,1,Eid al-Adha
2016-09-11,1557.0,,0.0,22.5,0.1,22.4,1,Eid al-Adha
2016-09-12,1557.0,,0.0,22.7,0.0,22.6,1,Eid al-Adha
2016-09-13,1557.0,,1.1,22.9,1.5,22.6,0,
2016-09-14,1557.0,,1.3,23.1,0.9,22.9,0,
2016-09-15,1557.0,,0.4,23.5,0.9,23.3,0,
2016-09-16,1557.0,,1.4,23.0,2.2,22.9,0,
2016-09-17,1557.0,,0.0,23.3,0.0,23.1,0,
2016-09-18,1557.0,,0.2,23.1,0.1,22.9,0,
2016-09-19,1557.0,,0.7,23.2,0.6,23.0,0,
2016-09-20,1557.0,,0.3,23.0,0.1,22.7,0,
2016-09-21,1557.0,,2.4,22.1,4.1,21.7,0,
2016-09-22,1557.0,,4.8,22.1,4.5,21.8,1,Mahatma Gandhi's Birthday
2016-09-23,1557.0,,0.0,22.8,0.0,22.6,1,Mahatma Gandhi's Birthday
2016-09-24,1557.0,,0.6,22.3,1.9,22.1,1,Mahatma Gandhi's Birthday
2016-09-25,1557.0,,0.2,22.6,0.5,22.3,1,Mahatma Gandhi's Birthday
2016-09-26,1557.0,,0.4,23.6,0.1,23.3,1,Mahatma Gandhi's Birthday
2016-09-27,1557.0,,1.6,23.5,3.8,23.0,1,Mahatma Gandhi's Birthday
2016-09-28,1557.0,,12.0,22.8,9.6,22.4,1,Mahatma Gandhi's Birthday
2016-09-29,1557.0,,1.0,23.4,1.1,23.1,1,Mahatma Gandhi's Birthday
2016-09-30,1557.0,,0.0,22.9,0.1,22.7,1,Mahatma Gandhi's Birthday
2016-10-01,1474.0,,0.0,22.7,0.0,22.5,1,Mahatma Gandhi's Birthday
2016-10-02,1474.0,,0.0,22.9,0.0,22.6,1,Mahatma Gandhi's Birthday
2016-10-03,1474.0,,0.1,23.1,0.0,22.9,1,Dussehra
2016-10-04,1474.0,,0.0,23.2,0.0,23.0,1,Dussehra
2016-10-05,1474.0,,0.0,22.7,0.0,22.5,1,Dussehra
2016-10-06,1474.0,,0.0,22.8,0.0,22.7,1,Dussehra
2016-10-07,1474.0,,0.0,22.5,0.0,22.4,1,Dussehra
2016-10-08,1474.0,,1.0,22.6,0.5,22.5,1,Dussehra
2016-10-09,1474.0,,0.4,22.7,1.6,22.5,1,Dussehra
2016-10-10,1474.0,,0.1,23.0,0.2,22.8,1,Dussehra
2016-10-11,1474.0,,5.7,23.0,5.9,22.7,1,Dussehra
2016-10-12,1474.0,,9.2,22.8,12.6,22.7,1,Ashura
2016-10-13,1474.0,,8.5,22.9,5.0,22.9,0,
2016-10-14,1474.0,,0.0,23.8,0.2,23.6,0,
2016-10-15,1474.0,,0.0,22.7,0.0,22.6,0,
2016-10-16,1474.0,,0.0,22.5,0.0,22.3,0,
2016-10-17,1474.0,,0.0,22.7,0.0,22.5,0,
2016-10-18,1474.0,,0.0,22.4,0.0,22.4,0,
2016-10-19,1474.0,,0.0,23.3,0.0,23.0,0,
2016-10-20,1474.0,,0.0,23.1,0.0,22.9,1,Diwali (Deepavali)
2016-10-21,1474.0,,0.0,23.1,0.0,22.9,1,Diwali (Deepavali)
2016-10-22,1474.0,,0.0,23.0,0.0,23.0,1,Diwali (Deepavali)
2016-10-23,1474.0,,0.0,23.0,0.0,22.7,1,Diwali (Deepavali)
2016-10-24,1474.0,,0.0,23.5,0.0,22.7,1,Diwali (Deepavali)
2016-10-25,1474.0,,0.0,23.9,0.0,23.7,1,Diwali (Deepavali)
2016-10-26,1474.0,,0.0,23.9,0.0,23.7,1,Diwali (Deepavali)
2016-10-27,1474.0,,0.0,23.4,0.0,23.2,1,Diwali (Deepavali)
2016-10-28,1474.0,,0.0,24.1,0.0,23.8,1,Diwali (Deepavali)
2016-10-29,1474.0,,0.0,24.1,0.0,24.0,1,Diwali (Deepavali)
2016-10-30,1474.0,,0.6,24.2,1.1,24.0,1,Diwali (Deepavali)
2016-10-31,1474.0,,2.2,24.3,2.4,23.9,0,
2016-11-01,1553.0,,5.6,23.3,5.8,23.0,0,
2016-11-02,1553.0,,0.0,23.9,0.2,23.5,0,
2016-11-03,1553.0,,0.1,24.7,0.1,24.3,0,
2016-11-04,1553.0,,0.0,24.5,0.0,24.3,1,Guru Nanak's Birthday
2016-11-05,1553.0,,0.0,24.0,0.0,23.7,1,Guru Nanak's Birthday
2016-11-06,1553.0,,0.0,22.7,0.0,22.5,1,Guru Nanak's Birthday
2016-11-07,1553.0,,0.0,22.7,0.0,22.4,1,Guru Nanak's Birthday
2016-11-08,1553.0,,0.0,22.2,0.0,21.9,1,Guru Nanak's Birthday
2016-11-09,1553.0,,0.0,21.5,0.0,21.1,1,Guru Nanak's Birthday
2016-11-10,1553.0,,0.0,21.9,0.0,21.2,1,Guru Nanak's Birthday
2016-11-11,1553.0,,0.0,22.8,0.0,22.3,1,Guru Nanak's Birthday
2016-11-12,1553.0,,0.0,23.9,0.0,23.5,1,Guru Nanak's Birthday
2016-11-13,1553.0,,0.7,25.0,0.0,24.8,1,Guru Nanak's Birthday
2016-11-14,1553.0,,3.8,24.6,6.1,24.3,1,Guru Nanak's Birthday
2016-11-15,1553.0,,0.0,24.9,0.3,24.6,0,
2016-11-16,1553.0,,0.0,24.6,0.0,24.3,0,
2016-11-17,1553.0,,0.1,24.4,0.0,24.0,0,
2016-11-18,1553.0,,0.0,23.7,0.0,23.4,0,
2016-11-19,1553.0,,0.0,23.1,0.0,22.7,0,
2016-11-20,1553.0,,0.0,23.2,0.0,22.9,0,
2016-11-21,1553.0,,0.0,22.7,0.0,22.5,0,
2016-11-22,1553.0,,0.0,22.9,0.0,22.6,0,
2016-11-23,1553.0,,0.0,22.7,0.0,22.4,0,
2016-11-24,1553.0,,0.0,22.7,0.0,22.4,0,
2016-11-25,1553.0,,0.0,22.1,0.0,22.0,0,
2016-11-26,1553.0,,0.0,22.2,0.0,21.8,0,
2016-11-27,1553.0,,0.0,22.6,0.0,22.0,0,
2016-11-28,1553.0,,0.0,23.9,0.0,23.1,0,
2016-11-29,1553.0,,0.0,23.7,0.0,23.1,0,
2016-11-30,1553.0,,0.0,23.3,0.0,22.6,0,
2016-12-01,1727.0,,0.0,23.1,0.7,22.7,0,
2016-12-02,1727.0,,0.4,23.0,1.0,22.5,0,
2016-12-03,1727.0,,2.2,21.9,2.2,21.6,1,Prophet's Birthday
2016-12-04,1727.0,,0.0,23.6,0.0,23.4,1,Prophet's Birthday
2016-12-05,1727.0,,0.1,23.8,0.4,23.5,1,Prophet's Birthday
2016-12-06,1727.0,,0.0,22.6,0.0,22.2,1,Prophet's Birthday
2016-12-07,1727.0,,0.0,21.5,0.0,21.4,1,Prophet's Birthday
2016-12-08,1727.0,,0.0,22.7,0.0,22.8,1,Prophet's Birthday
2016-12-09,1727.0,,0.0,23.1,0.0,22.7,1,Prophet's Birthday
2016-12-10,1727.0,,0.0,22.4,0.0,21.8,1,Prophet's Birthday
2016-12-11,1727.0,,0.0,21.9,0.0,21.5,1,Prophet's Birthday
2016-12-12,1727.0,,0.0,23.0,0.2,22.7,1,Prophet's Birthday
2016-12-13,1727.0,,20.9,19.3,23.0,19.0,1,Prophet's Birthday
2016-12-14,1727.0,,7.6,20.8,5.0,20.5,0,
2016-12-15,1727.0,,0.0,21.7,0.0,21.6,1,Christmas
2016-12-16,1727.0,,0.2,20.8,0.7,20.8,1,Christmas
2016-12-17,1727.0,,0.0,22.0,0.0,21.8,1,Christmas
2016-12-18,1727.0,,0.0,21.8,0.0,21.5,1,Christmas
2016-12-19,1727.0,,0.0,21.6,0.0,21.2,1,Christmas
2016-12-20,1727.0,,0.0,21.0,0.0,20.7,1,Christmas
2016-12-21,1727.0,,0.0,21.7,0.0,21.4,1,Christmas
2016-12-22,1727.0,,0.0,23.0,0.0,22.0,1,Christmas
2016-12-23,1727.0,,0.0,22.7,0.0,21.9,1,Christmas
2016-12-24,1727.0,,0.0,21.7,0.0,21.1,1,Christmas
2016-12-25,1727.0,,0.0,20.9,0.0,20.4,1,Christmas
2016-12-26,1727.0,,0.0,22.3,0.0,21.6,0,
2016-12-27,1727.0,,0.0,21.7,0.0,21.3,0,
2016-12-28,1727.0,,0.0,22.0,0.0,21.9,0,
2016-12-29,1727.0,,0.0,21.4,0.0,21.2,0,
2016-12-30,1727.0,,0.0,20.9,0.0,20.6,0,
2016-12-31,1727.0,,0.0,20.8,0.0,20.9,0,
2017-01-01,1819.0,,0.0,20.8,0.0,21.0,0,
2017-01-02,1819.0,,0.0,21.2,0.0,21.7,0,
2017-01-03,1819.0,,0.0,21.7,0.0,22.2,0,
2017-01-04,1819.0,,0.0,22.2,0.0,22.0,0,
2017-01-05,1819.0,,0.0,21.3,0.0,22.0,0,
2017-01-06,1819.0,,0.0,21.3,0.0,21.8,0,
2017-01-07,1819.0,,0.0,21.1,0.0,21.5,0,
2017-01-08,1819.0,,0.0,21.6,0.0,21.7,0,
2017-01-09,1819.0,,0.0,22.5,0.0,22.4,0,
2017-01-10,1819.0,,0.0,21.2,0.0,21.4,0,
2017-01-11,1819.0,,0.0,21.4,0.0,21.8,0,
2017-01-12,1819.0,,0.0,21.6,0.0,21.9,0,
2017-01-13,1819.0,,0.0,22.1,0.0,22.5,0,
2017-01-14,1819.0,,0.0,21.6,0.0,21.5,0,
2017-01-15,1819.0,,0.0,21.3,0.0,21.4,0,
2017-01-16,1819.0,,0.0,21.8,0.0,21.8,1,Republic Day
2017-01-17,1819.0,,0.0,21.5,0.0,21.5,1,Republic Day
2017-01-18,1819.0,,0.0,21.1,0.0,21.1,1,Republic Day
2017-01-19,1819.0,,0.0,20.0,0.0,20.0,1,Republic Day
2017-01-20,1819.0,,0.0,21.8,0.0,22.0,1,Republic Day
2017-01-21,1819.0,,0.0,22.8,0.0,22.9,1,Republic Day
2017-01-22,1819.0,,0.0,23.7,0.0,23.7,1,Republic Day
2017-01-23,1819.0,,0.0,22.9,0.0,22.8,1,Republic Day
2017-01-24,1819.0,,0.0,23.0,0.0,23.0,1,Republic Day
2017-01-25,1819.0,,0.0,23.3,0.0,23.3,1,Republic Day
2017-01-26,1819.0,,3.3,22.0,5.1,21.9,1,Republic Day
2017-01-27,1819.0,,5.8,22.2,20.6,22.0,0,
2017-01-28,1819.0,,0.2,23.4,0.0,23.2,0,
2017-01-29,1819.0,,0.0,23.7,0.0,23.4,0,
2017-01-30,1819.0,,0.0,23.3,0.0,22.9,0,
2017-01-31,1819.0,,0.0,23.3,0.0,22.7,0,
2017-02-01,1688.0,,0.0,23.1,0.0,22.4,0,
2017-02-02,1688.0,,0.0,22.3,0.0,21.7,0,
2017-02-03,1688.0,,0.0,22.5,0.0,21.7,0,
2017-02-04,1688.0,,0.0,22.2,0.0,21.8,0,
2017-02-05,1688.0,,0.0,22.3,0.0,21.8,0,
2017-02-06,1688.0,,0.0,22.3,0.0,21.8,0,
2017-02-07,1688.0,,0.0,23.2,0.0,22.8,0,
2017-02-08,1688.0,,0.0,23.3,0.0,22.9,0,
2017-02-09,1688.0,,0.0,23.0,0.0,22.4,0,
2017-02-10,1688.0,,0.0,23.0,0.0,22.5,0,
2017-02-11,1688.0,,0.0,22.7,0.0,22.1,0,
2017-02-12,1688.0,,0.0,22.7,0.0,22.6,0,
2017-02-13,1688.0,,0.0,22.3,0.0,22.0,0,
2017-02-14,1688.0,,0.0,23.7,0.0,23.6,1,Maha Shivaratri
2017-02-15,1688.0,,0.0,24.0,0.0,23.8,1,Maha Shivaratri
2017-02-16,1688.0,,0.0,23.3,0.0,23.3,1,Maha Shivaratri
2017-02-17,1688.0,,0.0,22.9,0.0,22.7,1,Maha Shivaratri
2017-02-18,1688.0,,0.0,23.5,0.0,23.3,1,Maha Shivaratri
2017-02-19,1688.0,,0.0,23.7,0.0,23.5,1,Maha Shivaratri
2017-02-20,1688.0,,0.0,24.3,0.0,24.1,1,Maha Shivaratri
2017-02-21,1688.0,,0.0,25.0,0.0,24.6,1,Maha Shivaratri
2017-02-22,1688.0,,0.0,26.0,0.0,25.8,1,Maha Shivaratri
2017-02-23,1688.0,,0.0,26.3,0.0,26.0,1,Maha Shivaratri
2017-02-24,1688.0,,0.0,26.6,0.0,26.3,1,Maha Shivaratri
2017-02-25,1688.0,,0.0,26.5,0.0,26.2,0,
2017-02-26,1688.0,,0.0,25.6,0.0,25.7,0,
2017-02-27,1688.0,,0.0,25.6,0.0,25.5,0,
2017-02-28,1688.0,,0.0,24.5,0.0,24.4,0,
2017-03-01,1542.0,,0.0,24.9,0.0,24.8,0,
2017-03-02,1542.0,,0.0,24.8,0.0,24.6,0,
2017-03-03,1542.0,,0.0,25.4,0.0,25.6,1,Holi
2017-03-04,1542.0,,0.0,25.8,0.0,26.2,1,Holi
2017-03-05,1542.0,,0.0,26.3,0.0,26.6,1,Holi
2017-03-06,1542.0,,0.0,26.6,0.2,26.5,1,Holi
2017-03-07,1542.0,,0.0,26.4,0.2,26.5,1,Holi
2017-03-08,1542.0,,0.0,26.7,0.0,27.2,1,Holi
2017-03-09,1542.0,,0.0,26.7,0.0,27.1,1,Holi
2017-03-10,1542.0,,0.0,26.1,0.0,26.4,1,Holi
2017-03-11,1542.0,,0.0,25.6,0.0,25.8,1,Holi
2017-03-12,1542.0,,0.0,25.8,0.0,25.8,1,Holi
2017-03-13,1542.0,,0.0,25.7,0.0,25.8,1,Holi
2017-03-14,1542.0,,0.5,26.1,0.1,26.1,0,
2017-03-15,1542.0,,4.0,25.5,2.9,25.6,0,
2017-03-16,1542.0,,12.2,23.5,5.1,23.6,0,
2017-03-17,1542.0,,0.0,25.2,0.0,25.5,0,
2017-03-18,1542.0,,0.0,25.9,0.0,26.2,0,
2017-03-19,1542.0,,0.0,26.2,0.0,26.6,0,
2017-03-20,1542.0,,0.0,26.4,0.0,26.6,0,
2017-03-21,1542.0,,0.5,25.6,1.3,25.7,0,
2017-03-22,1542.0,,0.0,26.5,0.1,26.8,0,
2017-03-23,1542.0,,0.0,26.6,0.0,26.7,0,
2017-03-24,1542.0,,0.0,26.3,0.0,26.6,0,
2017-03-25,1542.0,,0.0,26.8,0.0,27.1,1,Ram Navami
2017-03-26,1542.0,,0.0,27.8,0.0,28.2,1,Ram Navami
2017-03-27,1542.0,,0.0,28.7,0.0,28.7,1,Ram Navami
2017-03-28,1542.0,,0.0,27.5,0.0,28.1,1,Ram Navami
2017-03-29,1542.0,,0.0,27.9,0.0,28.0,1,Ram Navami
2017-03-30,1542.0,,0.0,27.6,0.0,27.8,1,Ram Navami
2017-03-31,1542.0,,0.0,28.0,0.0,28.8,1,Ram Navami
2017-04-01,1590.0,,0.0,28.4,0.0,28.5,1,Ram Navami
2017-04-02,1590.0,,0.0,28.0,0.0,28.4,1,Ram Navami
2017-04-03,1590.0,,0.2,27.7,0.4,27.9,1,Ram Navami
2017-04-04,1590.0,,0.3,27.4,0.0,28.1,1,Dr. B. R. Ambedkar's Birthday; Good Friday
2017-04-05,1590.0,,1.0,27.6,0.4,28.0,1,Dr. B. R. Ambedkar's Birthday; Good Friday
2017-04-06,1590.0,,0.0,27.7,0.0,28.1,1,Dr. B. R. Ambedkar's Birthday; Good Friday
2017-04-07,1590.0,,0.6,27.5,0.5,27.8,1,Dr. B. R. Ambedkar's Birthday; Good Friday
2017-04-08,1590.0,,0.6,28.4,0.2,28.8,1,Dr. B. R. Ambedkar's Birthday; Good Friday
2017-04-09,1590.0,,0.2,28.7,0.0,29.4,1,Dr. B. R. Ambedkar's Birthday; Good Friday
2017-04-10,1590.0,,0.1,27.6,0.0,28.2,1,Dr. B. R. Ambedkar's Birthday; Good Friday
2017-04-11,1590.0,,0.1,27.3,0.2,28.2,1,Dr. B. R. Ambedkar's Birthday; Good Friday
2017-04-12,1590.0,,0.0,27.9,0.0,28.4,1,Dr. B. R. Ambedkar's Birthday; Good Friday
2017-04-13,1590.0,,0.0,28.1,0.0,28.6,1,Dr. B. R. Ambedkar's Birthday; Good Friday
2017-04-14,1590.0,,0.0,27.1,0.0,27.7,1,Dr. B. R. Ambedkar's Birthday; Good Friday
2017-04-15,1590.0,,0.0,27.1,0.0,27.6,0,
2017-04-16,1590.0,,0.2,26.9,0.0,27.6,0,
2017-04-17,1590.0,,0.0,26.9,0.0,27.4,0,
2017-04-18,1590.0,,0.0,27.4,0.0,28.0,0,
2017-04-19,1590.0,,0.0,27.3,0.0,27.7,0,
2017-04-20,1590.0,,0.0,27.1,0.1,27.6,0,
2017-04-21,1590.0,,3.2,26.3,2.1,26.8,0,
2017-04-22,1590.0,,0.0,26.6,0.0,27.1,0,
2017-04-23,1590.0,,0.0,26.9,0.0,27.4,0,
2017-04-24,1590.0,,0.0,26.9,0.0,27.4,0,
2017-04-25,1590.0,,0.0,27.4,0.0,28.0,0,
2017-04-26,1590.0,,0.1,27.4,0.0,27.6,0,
2017-04-27,1590.0,,0.0,28.0,0.1,28.3,0,
2017-04-28,1590.0,,3.4,27.0,0.4,27.6,0,
2017-04-29,1590.0,,2.0,26.6,0.2,27.2,0,
2017-04-30,1590.0,,0.1,26.4,0.0,26.9,1,Buddha Purnima
2017-05-01,1719.0,,0.1,27.2,0.2,27.5,1,Buddha Purnima
2017-05-02,1719.0,,0.0,26.6,0.2,26.7,1,Buddha Purnima
2017-05-03,1719.0,,1.8,27.1,1.0,27.3,1,Buddha Purnima
2017-05-04,1719.0,,2.5,27.2,0.0,27.6,1,Buddha Purnima
2017-05-05,1719.0,,0.0,28.1,0.1,28.3,1,Buddha Purnima
2017-05-06,1719.0,,0.9,27.2,1.5,27.6,1,Buddha Purnima
2017-05-07,1719.0,,14.8,27.1,0.0,27.2,1,Buddha Purnima
2017-05-08,1719.0,,0.2,27.0,0.0,26.9,1,Buddha Purnima
2017-05-09,1719.0,,4.5,25.8,2.1,26.1,1,Buddha Purnima
2017-05-10,1719.0,,0.0,26.6,1.0,26.8,1,Buddha Purnima
2017-05-11,1719.0,,0.2,26.3,0.1,26.7,0,
2017-05-12,1719.0,,0.1,26.7,2.2,26.7,0,
2017-05-13,1719.0,,1.2,27.4,1.4,27.3,0,
2017-05-14,1719.0,,3.2,27.1,0.2,27.4,0,
2017-05-15,1719.0,,0.1,26.0,0.8,26.3,0,
2017-05-16,1719.0,,1.2,26.5,0.8,26.9,0,
2017-05-17,1719.0,,0.3,26.6,0.1,27.1,0,
2017-05-18,1719.0,,6.5,26.4,9.6,26.4,0,
2017-05-19,1719.0,,0.6,25.7,3.2,25.7,0,
2017-05-20,1719.0,,1.2,26.3,5.7,26.2,0,
2017-05-21,1719.0,,0.4,25.8,0.0,25.9,0,
2017-05-22,1719.0,,0.5,26.3,2.9,26.5,0,
2017-05-23,1719.0,,0.0,26.5,0.4,26.6,0,
2017-05-24,1719.0,,0.1,26.9,1.4,26.9,0,
2017-05-25,1719.0,,0.9,27.3,0.6,27.2,0,
2017-05-26,1719.0,,0.6,26.9,3.2,26.9,0,
2017-05-27,1719.0,,0.7,26.6,0.3,26.8,0,
2017-05-28,1719.0,,0.5,25.6,2.4,25.7,0,
2017-05-29,1719.0,,0.2,25.6,0.0,25.8,0,
2017-05-30,1719.0,,2.0,25.5,1.3,25.5,0,
2017-05-31,1719.0,,1.2,25.1,1.7,25.1,0,
2017-06-01,1870.0,,1.1,25.4,0.6,25.6,0,
2017-06-02,1870.0,,1.7,25.1,2.2,25.3,0,
2017-06-03,1870.0,,4.4,24.7,10.2,24.7,0,
2017-06-04,1870.0,,2.9,25.2,0.7,25.6,0,
2017-06-05,1870.0,,9.3,24.7,1.3,25.1,0,
2017-06-06,1870.0,,15.3,23.8,17.6,24.1,0,
2017-06-07,1870.0,,11.0,22.2,12.4,22.3,0,
2017-06-08,1870.0,,0.5,22.3,2.9,22.4,0,
2017-06-09,1870.0,,1.1,22.8,0.9,23.0,0,
2017-06-10,1870.0,,8.8,22.5,4.8,22.8,0,
2017-06-11,1870.0,,54.7,21.3,41.9,21.6,0,
2017-06-12,1870.0,,10.4,22.7,8.7,22.8,0,
2017-06-13,1870.0,,1.6,23.6,6.9,23.9,0,
2017-06-14,1870.0,,1.5,24.1,1.4,24.6,0,
2017-06-15,1870.0,,4.1,23.9,0.7,24.3,0,
2017-06-16,1870.0,,0.9,23.6,1.0,23.8,1,Eid al-Fitr
2017-06-17,1870.0,,1.3,23.5,0.4,24.0,1,Eid al-Fitr
2017-06-18,1870.0,,0.8,24.1,1.8,24.3,1,Eid al-Fitr
2017-06-19,1870.0,,7.6,23.0,1.3,23.3,1,Eid al-Fitr
2017-06-20,1870.0,,0.5,23.4,0.8,23.6,1,Eid al-Fitr
2017-06-21,1870.0,,11.5,22.6,6.0,23.1,1,Eid al-Fitr
2017-06-22,1870.0,,0.2,24.1,0.6,24.2,1,Eid al-Fitr
2017-06-23,1870.0,,0.4,24.0,0.7,24.1,1,Eid al-Fitr
2017-06-24,1870.0,,0.6,23.6,0.9,23.8,1,Eid al-Fitr
2017-06-25,1870.0,,1.9,23.3,3.8,23.8,1,Eid al-Fitr
2017-06-26,1870.0,,2.2,22.7,2.4,23.2,1,Eid al-Fitr
2017-06-27,1870.0,,3.4,22.1,3.3,22.4,0,
2017-06-28,1870.0,,1.7,21.9,0.7,22.2,0,
2017-06-29,1870.0,,0.7,23.3,0.5,23.7,0,
2017-06-30,1870.0,,0.4,23.4,2.2,23.7,0,
2017-07-01,1644.0,,0.0,23.7,0.1,24.1,0,
2017-07-02,1644.0,,2.7,23.4,2.8,23.8,0,
2017-07-03,1644.0,,2.7,23.2,1.7,23.6,0,
2017-07-04,1644.0,,0.0,23.3,0.2,23.5,0,
2017-07-05,1644.0,,0.7,23.5,0.4,23.8,0,
2017-07-06,1644.0,,0.7,23.2,1.3,23.6,0,
2017-07-07,1644.0,,0.7,23.5,0.6,23.9,0,
2017-07-08,1644.0,,1.1,23.3,0.3,23.6,0,
2017-07-09,1644.0,,6.0,23.0,7.5,23.3,0,
2017-07-10,1644.0,,1.4,23.3,0.7,23.7,0,
2017-07-11,1644.0,,8.9,23.2,18.5,23.3,0,
2017-07-12,1644.0,,0.8,23.1,0.5,23.4,0,
2017-07-13,1644.0,,1.8,22.4,0.9,22.7,0,
2017-07-14,1644.0,,0.0,22.2,0.4,22.6,0,
2017-07-15,1644.0,,10.7,22.0,12.2,22.1,0,
2017-07-16,1644.0,,0.9,22.5,0.7,22.7,0,
2017-07-17,1644.0,,1.4,22.6,0.6,22.9,0,
2017-07-18,1644.0,,3.9,22.5,4.5,22.9,0,
2017-07-19,1644.0,,5.5,22.5,3.0,23.0,0,
2017-07-20,1644.0,,4.4,22.6,1.6,23.3,0,
2017-07-21,1644.0,,0.4,23.1,0.3,23.5,0,
2017-07-22,1644.0,,1.6,23.3,1.0,23.6,0,
2017-07-23,1644.0,,0.0,23.4,0.3,23.6,0,
2017-07-24,1644.0,,0.3,23.5,0.2,23.7,0,
2017-07-25,1644.0,,0.6,23.4,1.0,23.7,0,
2017-07-26,1644.0,,0.5,23.4,0.7,23.7,0,
2017-07-27,1644.0,,1.3,23.2,0.8,23.5,0,
2017-07-28,1644.0,,1.1,23.7,1.9,24.2,0,
2017-07-29,1644.0,,0.5,23.9,0.6,24.2,0,
2017-07-30,1644.0,,2.2,23.4,0.9,23.7,0,
2017-07-31,1644.0,,2.7,23.5,1.2,24.0,0,
2017-08-01,1845.0,,0.0,24.5,0.0,25.0,0,
2017-08-02,1845.0,,0.4,23.5,0.9,24.0,0,
2017-08-03,1845.0,,1.7,23.0,3.7,23.4,0,
2017-08-04,1845.0,,1.0,22.8,0.8,23.1,0,
2017-08-05,1845.0,,1.4,23.5,1.5,23.9,1,Independence Day
2017-08-06,1845.0,,8.5,22.9,13.8,23.1,1,Independence Day
2017-08-07,1845.0,,2.8,23.0,1.4,23.3,1,Independence Day
2017-08-08,1845.0,,0.8,23.8,0.9,24.1,1,Independence Day
2017-08-09,1845.0,,0.7,23.4,0.4,23.8,1,Independence Day
2017-08-10,1845.0,,9.2,23.0,5.5,23.4,1,Independence Day
2017-08-11,1845.0,,0.9,23.0,3.0,23.4,1,Independence Day
2017-08-12,1845.0,,3.9,23.1,0.9,23.5,1,Independence Day
2017-08-13,1845.0,,0.2,22.7,0.0,23.1,1,Independence Day
2017-08-14,1845.0,,1.3,23.3,0.1,24.1,1,Independence Day
2017-08-15,1845.0,,3.5,23.1,3.6,23.6,1,Independence Day
2017-08-16,1845.0,,13.1,23.0,7.9,23.3,0,
2017-08-17,1845.0,,16.7,22.6,15.8,23.0,0,
2017-08-18,1845.0,,7.6,22.5,4.9,22.7,0,
2017-08-19,1845.0,,19.5,21.5,14.8,21.8,0,
2017-08-20,1845.0,,2.7,21.9,1.9,22.3,0,
2017-08-21,1845.0,,9.7,22.3,13.0,22.7,0,
2017-08-22,1845.0,,3.6,22.2,5.2,22.6,0,
2017-08-23,1845.0,,5.3,22.4,3.3,22.7,1,Eid al-Adha
2017-08-24,1845.0,,4.0,22.5,9.1,22.7,1,Eid al-Adha
2017-08-25,1845.0,,2.5,22.7,6.3,22.6,1,Eid al-Adha
2017-08-26,1845.0,,1.7,22.6,2.1,23.0,1,Eid al-Adha
2017-08-27,1845.0,,8.9,21.4,10.3,21.7,1,Eid al-Adha
2017-08-28,1845.0,,15.3,21.3,11.4,21.5,1,Eid al-Adha
2017-08-29,1845.0,,21.5,21.2,19.2,21.5,1,Eid al-Adha
2017-08-30,1845.0,,1.2,23.2,0.5,23.4,1,Eid al-Adha
2017-08-31,1845.0,,0.3,23.2,0.8,23.5,1,Eid al-Adha
2017-09-01,1601.0,,0.2,23.3,0.5,23.7,1,Eid al-Adha
2017-09-02,1601.0,,0.2,23.8,0.6,24.1,1,Eid al-Adha
2017-09-03,1601.0,,0.8,23.6,0.7,24.0,0,
2017-09-04,1601.0,,2.0,24.0,8.0,24.2,0,
2017-09-05,1601.0,,3.9,23.8,11.5,24.0,0,
2017-09-06,1601.0,,10.8,23.1,21.8,23.3,0,
2017-09-07,1601.0,,27.5,23.0,18.2,23.2,0,
2017-09-08,1601.0,,8.6,23.3,30.4,23.2,0,
2017-09-09,1601.0,,9.5,22.9,13.6,23.0,0,
2017-09-10,1601.0,,37.4,23.0,57.3,23.3,0,
2017-09-11,1601.0,,5.9,23.4,6.7,23.7,0,
2017-09-12,1601.0,,6.2,24.3,6.2,24.4,0,
2017-09-13,1601.0,,0.2,24.6,0.2,24.9,0,
2017-09-14,1601.0,,1.5,23.5,3.2,23.6,0,
2017-09-15,1601.0,,2.0,23.0,1.6,23.1,0,
2017-09-16,1601.0,,8.2,22.4,5.5,22.8,0,
2017-09-17,1601.0,,7.4,21.7,11.4,21.9,0,
2017-09-18,1601.0,,0.7,22.0,0.8,22.2,0,
2017-09-19,1601.0,,0.2,22.7,0.3,22.8,0,
2017-09-20,1601.0,,0.0,22.4,0.0,22.5,1,Dussehra
2017-09-21,1601.0,,1.6,22.0,1.2,22.1,1,Dussehra
2017-09-22,1601.0,,0.4,22.5,0.4,22.7,1,Mahatma Gandhi's Birthday
2017-09-23,1601.0,,0.0,23.0,0.1,23.4,1,Mahatma Gandhi's Birthday
2017-09-24,1601.0,,4.7,22.9,8.7,23.0,1,Mahatma Gandhi's Birthday
2017-09-25,1601.0,,4.2,22.2,7.0,22.6,1,Mahatma Gandhi's Birthday
2017-09-26,1601.0,,16.3,22.1,11.3,22.4,1,Mahatma Gandhi's Birthday
2017-09-27,1601.0,,29.5,22.2,35.0,22.2,1,Mahatma Gandhi's Birthday
2017-09-28,1601.0,,21.4,21.9,17.1,22.1,1,Mahatma Gandhi's Birthday
2017-09-29,1601.0,,11.1,21.8,5.0,21.9,1,Mahatma Gandhi's Birthday
2017-09-30,1601.0,,10.7,22.7,9.8,22.7,1,Mahatma Gandhi's Birthday
2017-10-01,1485.0,,20.2,22.2,15.4,22.3,1,Mahatma Gandhi's Birthday
2017-10-02,1485.0,,4.1,22.6,3.7,22.7,1,Mahatma Gandhi's Birthday
2017-10-03,1485.0,,2.4,22.9,1.7,23.1,0,
2017-10-04,1485.0,,5.1,22.9,3.0,23.1,0,
2017-10-05,1485.0,,10.8,22.7,13.6,22.9,0,
2017-10-06,1485.0,,8.8,22.7,8.7,22.7,0,
2017-10-07,1485.0,,7.7,23.0,4.8,23.2,0,
2017-10-08,1485.0,,2.3,23.5,3.6,23.7,0,
2017-10-09,1485.0,,4.3,23.3,9.0,23.4,1,Diwali (Deepavali)
2017-10-10,1485.0,,8.0,23.1,5.9,23.4,1,Diwali (Deepavali)
2017-10-11,1485.0,,9.1,23.2,5.8,23.2,1,Diwali (Deepavali)
2017-10-12,1485.0,,12.7,22.8,6.7,23.0,1,Diwali (Deepavali)
2017-10-13,1485.0,,14.2,22.7,17.8,22.9,1,Diwali (Deepavali)
2017-10-14,1485.0,,11.1,22.6,17.1,22.5,1,Diwali (Deepavali)
2017-10-15,1485.0,,10.0,21.7,10.1,21.9,1,Diwali (Deepavali)
2017-10-16,1485.0,,4.7,22.1,4.8,22.1,1,Diwali (Deepavali)
2017-10-17,1485.0,,0.5,22.6,0.4,22.6,1,Diwali (Deepavali)
2017-10-18,1485.0,,0.2,22.5,0.5,22.5,1,Diwali (Deepavali)
2017-10-19,1485.0,,0.0,22.5,0.0,22.6,1,Diwali (Deepavali)
2017-10-20,1485.0,,0.7,22.5,0.7,22.3,0,
2017-10-21,1485.0,,0.0,22.5,0.0,22.7,0,
2017-10-22,1485.0,,0.0,22.4,0.0,22.6,0,
2017-10-23,1485.0,,0.0,21.0,0.0,20.9,0,
2017-10-24,1485.0,,0.0,21.8,0.0,21.8,0,
2017-10-25,1485.0,,1.0,23.2,0.5,23.2,1,Guru Nanak's Birthday
2017-10-26,1485.0,,1.0,23.1,1.1,23.2,1,Guru Nanak's Birthday
2017-10-27,1485.0,,0.0,22.8,0.0,23.0,1,Guru Nanak's Birthday
2017-10-28,1485.0,,0.0,22.8,0.0,23.0,1,Guru Nanak's Birthday
2017-10-29,1485.0,,0.1,22.5,0.3,22.6,1,Guru Nanak's Birthday
2017-10-30,1485.0,,0.0,21.9,0.0,22.2,1,Guru Nanak's Birthday
2017-10-31,1485.0,,0.3,21.6,0.0,21.9,1,Guru Nanak's Birthday
2017-11-01,1554.0,,0.8,21.7,0.9,22.0,1,Guru Nanak's Birthday
2017-11-02,1554.0,,0.0,22.3,0.0,22.5,1,Guru Nanak's Birthday
2017-11-03,1554.0,,0.0,21.9,0.0,22.1,1,Guru Nanak's Birthday
2017-11-04,1554.0,,0.0,21.2,0.2,21.5,1,Guru Nanak's Birthday
2017-11-05,1554.0,,4.8,21.7,6.4,21.8,0,
2017-11-06,1554.0,,18.7,21.0,15.5,21.3,0,
2017-11-07,1554.0,,0.9,21.5,2.1,21.6,0,
2017-11-08,1554.0,,0.0,22.0,0.0,22.1,0,
2017-11-09,1554.0,,0.0,21.5,0.0,21.5,0,
2017-11-10,1554.0,,0.0,21.3,0.0,21.3,0,
2017-11-11,1554.0,,0.0,20.9,0.0,21.1,0,
2017-11-12,1554.0,,0.0,21.4,0.0,20.5,0,
2017-11-13,1554.0,,0.0,21.5,0.0,21.3,0,
2017-11-14,1554.0,,0.0,22.2,0.0,22.3,0,
2017-11-15,1554.0,,0.2,22.5,0.3,22.5,0,
2017-11-16,1554.0,,0.4,22.3,0.6,22.3,0,
2017-11-17,1554.0,,0.0,22.8,0.4,22.9,0,
2017-11-18,1554.0,,1.0,23.1,1.0,23.1,0,
2017-11-19,1554.0,,1.4,23.3,0.2,23.3,0,
2017-11-20,1554.0,,0.1,23.5,0.4,23.4,0,
2017-11-21,1554.0,,0.3,23.5,0.3,23.3,0,
2017-11-22,1554.0,,0.0,23.4,0.0,23.1,1,Prophet's Birthday
2017-11-23,1554.0,,0.0,23.3,0.0,23.0,1,Prophet's Birthday
2017-11-24,1554.0,,0.0,23.7,0.0,23.4,1,Prophet's Birthday
2017-11-25,1554.0,,0.0,22.9,0.2,22.7,1,Prophet's Birthday
2017-11-26,1554.0,,0.0,22.2,0.0,22.0,1,Prophet's Birthday
2017-11-27,1554.0,,0.1,22.4,0.1,22.4,1,Prophet's Birthday
2017-11-28,1554.0,,0.0,22.7,0.0,22.5,1,Prophet's Birthday
2017-11-29,1554.0,,0.0,21.9,0.0,22.1,1,Prophet's Birthday
2017-11-30,1554.0,,1.0,21.6,2.5,21.9,1,Prophet's Birthday
2017-12-01,1451.0,,2.6,21.5,2.5,21.6,1,Prophet's Birthday
2017-12-02,1451.0,,1.3,20.5,2.0,20.6,1,Prophet's Birthday
2017-12-03,1451.0,,0.2,21.5,0.5,21.4,0,
2017-12-04,1451.0,,0.7,21.8,0.5,21.6,0,
2017-12-05,1451.0,,0.0,22.0,0.0,21.6,0,
2017-12-06,1451.0,,0.0,22.0,0.0,21.6,0,
2017-12-07,1451.0,,0.0,22.4,0.1,22.6,0,
2017-12-08,1451.0,,0.0,22.6,0.0,22.0,0,
2017-12-09,1451.0,,0.0,22.6,0.0,22.0,0,
2017-12-10,1451.0,,0.0,21.8,0.0,22.0,0,
2017-12-11,1451.0,,0.0,22.8,0.0,22.6,0,
2017-12-12,1451.0,,0.0,22.4,0.0,22.4,0,
2017-12-13,1451.0,,3.7,22.4,0.5,22.3,0,
2017-12-14,1451.0,,0.3,23.0,0.3,23.3,0,
2017-12-15,1451.0,,0.0,22.8,0.0,22.8,1,Christmas
2017-12-16,1451.0,,0.0,22.2,0.0,22.1,1,Christmas
2017-12-17,1451.0,,0.0,21.0,0.0,21.0,1,Christmas
2017-12-18,1451.0,,0.0,20.8,0.0,20.9,1,Christmas
2017-12-19,1451.0,,0.0,20.4,0.0,20.6,1,Christmas
2017-12-20,1451.0,,0.0,21.0,0.0,21.3,1,Christmas
2017-12-21,1451.0,,0.0,20.9,0.0,21.1,1,Christmas
2017-12-22,1451.0,,0.0,21.0,0.0,21.3,1,Christmas
2017-12-23,1451.0,,0.0,21.1,0.0,21.3,1,Christmas
2017-12-24,1451.0,,0.0,20.4,0.0,20.6,1,Christmas
2017-12-25,1451.0,,0.0,20.3,0.0,20.4,1,Christmas
2017-12-26,1451.0,,0.0,21.1,0.0,21.3,0,
2017-12-27,1451.0,,0.0,20.5,0.0,20.6,0,
2017-12-28,1451.0,,0.0,19.5,0.0,19.7,0,
2017-12-29,1451.0,,0.0,18.7,0.0,18.9,0,
2017-12-30,1451.0,,0.0,19.8,0.0,20.1,0,
2017-12-31,1451.0,,0.0,20.9,0.0,20.9,0,
2018-01-01,1394.0,,0.0,21.7,0.0,21.7,0,
2018-01-02,1394.0,,0.0,21.6,0.0,21.8,0,
2018-01-03,1394.0,,0.0,21.9,0.0,22.1,0,
2018-01-04,1394.0,,0.0,21.6,0.0,21.8,0,
2018-01-05,1394.0,,0.0,20.7,0.0,20.8,0,
2018-01-06,1394.0,,0.0,20.5,0.0,20.2,0,
2018-01-07,1394.0,,0.0,21.0,0.0,20.9,0,
2018-01-08,1394.0,,0.0,19.8,0.0,19.8,0,
2018-01-09,1394.0,,0.0,20.5,0.0,20.7,0,
2018-01-10,1394.0,,0.3,21.3,0.8,21.4,0,
2018-01-11,1394.0,,0.0,23.1,0.0,23.2,0,
2018-01-12,1394.0,,0.0,23.4,0.0,23.1,0,
2018-01-13,1394.0,,0.0,23.4,0.0,23.1,0,
2018-01-14,1394.0,,0.0,22.2,0.0,22.0,0,
2018-01-15,1394.0,,0.0,22.7,0.0,22.6,0,
2018-01-16,1394.0,,0.0,22.9,0.0,22.7,1,Republic Day
2018-01-17,1394.0,,0.0,22.3,0.0,22.0,1,Republic Day
2018-01-18,1394.0,,0.0,21.4,0.0,21.3,1,Republic Day
2018-01-19,1394.0,,0.0,20.4,0.0,20.4,1,Republic Day
2018-01-20,1394.0,,0.0,20.3,0.0,20.1,1,Republic Day
2018-01-21,1394.0,,0.0,20.1,0.0,19.9,1,Republic Day
2018-01-22,1394.0,,0.0,20.2,0.0,20.2,1,Republic Day
2018-01-23,1394.0,,0.0,21.5,0.0,21.1,1,Republic Day
2018-01-24,1394.0,,0.0,21.3,0.0,21.8,1,Republic Day
2018-01-25,1394.0,,0.0,21.7,0.0,21.7,1,Republic Day
2018-01-26,1394.0,,0.0,21.5,0.0,21.5,1,Republic Day
2018-01-27,1394.0,,0.0,21.3,0.0,21.4,0,
2018-01-28,1394.0,,0.0,21.8,0.0,21.7,0,
2018-01-29,1394.0,,0.0,21.9,0.0,21.9,0,
2018-01-30,1394.0,,0.0,21.2,0.0,21.3,0,
2018-01-31,1394.0,,0.0,20.7,0.0,20.7,0,
2018-02-01,1244.0,,0.0,20.9,0.0,20.8,0,
2018-02-02,1244.0,,0.0,21.3,0.0,21.0,0,
2018-02-03,1244.0,,0.0,20.6,0.0,20.6,1,Maha Shivaratri
2018-02-04,1244.0,,0.0,20.1,0.0,20.0,1,Maha Shivaratri
2018-02-05,1244.0,,0.0,20.4,0.2,20.7,1,Maha Shivaratri
2018-02-06,1244.0,,0.0,23.4,0.2,23.4,1,Maha Shivaratri
2018-02-07,1244.0,,8.9,22.2,3.3,22.7,1,Maha Shivaratri
2018-02-08,1244.0,,0.1,21.8,0.0,22.2,1,Maha Shivaratri
2018-02-09,1244.0,,0.2,23.4,0.2,23.5,1,Maha Shivaratri
2018-02-10,1244.0,,0.6,23.0,2.5,23.2,1,Maha Shivaratri
2018-02-11,1244.0,,0.0,23.6,0.1,23.7,1,Maha Shivaratri
2018-02-12,1244.0,,0.1,23.1,0.0,23.2,1,Maha Shivaratri
2018-02-13,1244.0,,0.1,23.0,0.4,22.9,1,Maha Shivaratri
2018-02-14,1244.0,,0.0,23.5,0.0,23.6,0,
2018-02-15,1244.0,,0.0,23.3,0.0,23.6,0,
2018-02-16,1244.0,,0.0,22.8,0.0,23.2,0,
2018-02-17,1244.0,,0.0,22.0,0.0,22.2,0,
2018-02-18,1244.0,,0.0,23.0,0.0,22.8,0,
2018-02-19,1244.0,,0.0,22.6,0.0,22.6,0,
2018-02-20,1244.0,,0.0,22.9,0.0,22.9,1,Holi
2018-02-21,1244.0,,0.0,23.0,0.0,22.8,1,Holi
2018-02-22,1244.0,,0.0,23.2,0.0,23.1,1,Holi
2018-02-23,1244.0,,0.0,23.0,0.0,22.9,1,Holi
2018-02-24,1244.0,,0.0,22.1,0.0,22.0,1,Holi
2018-02-25,1244.0,,0.0,22.4,0.0,22.5,1,Holi
2018-02-26,1244.0,,0.0,22.4,0.0,23.3,1,Holi
2018-02-27,1244.0,,0.0,23.5,0.0,23.8,1,Holi
2018-02-28,1244.0,,0.0,23.4,0.0,23.7,1,Holi
2018-03-01,1119.0,,0.0,23.7,0.0,23.9,1,Holi
2018-03-02,1119.0,,0.0,23.6,0.0,24.0,1,Holi
2018-03-03,1119.0,,0.0,24.2,0.0,24.1,0,
2018-03-04,1119.0,,0.0,24.4,0.0,24.8,0,
2018-03-05,1119.0,,0.0,24.7,0.0,24.5,0,
2018-03-06,1119.0,,0.0,24.3,0.0,24.6,0,
2018-03-07,1119.0,,0.0,24.0,0.0,24.0,0,
2018-03-08,1119.0,,0.0,24.3,0.0,24.9,0,
2018-03-09,1119.0,,0.0,24.2,0.0,25.0,0,
2018-03-10,1119.0,,0.0,25.3,0.0,25.3,0,
2018-03-11,1119.0,,0.0,25.5,0.0,25.8,0,
2018-03-12,1119.0,,0.0,25.5,0.0,25.7,0,
2018-03-13,1119.0,,0.0,25.6,0.0,25.7,0,
2018-03-14,1119.0,,0.0,25.5,0.0,25.8,0,
2018-03-15,1119.0,,5.9,24.4,7.2,24.5,0,
2018-03-16,1119.0,,5.1,23.5,4.7,23.8,0,
2018-03-17,1119.0,,7.3,22.8,7.7,23.1,0,
2018-03-18,1119.0,,5.3,23.2,5.3,23.7,0,
2018-03-19,1119.0,,0.5,24.5,0.1,24.9,1,Mahavira's Birthday
2018-03-20,1119.0,,0.0,25.0,0.0,25.4,1,Mahavira's Birthday
2018-03-21,1119.0,,0.0,25.1,0.1,25.3,1,Mahavira's Birthday
2018-03-22,1119.0,,0.0,25.5,0.0,25.9,1,Mahavira's Birthday
2018-03-23,1119.0,,0.0,25.8,0.0,26.5,1,Mahavira's Birthday
2018-03-24,1119.0,,0.2,25.6,0.3,26.1,1,Mahavira's Birthday
2018-03-25,1119.0,,0.0,27.2,0.0,27.6,1,Mahavira's Birthday
2018-03-26,1119.0,,0.0,26.6,0.0,26.8,1,Mahavira's Birthday
2018-03-27,1119.0,,0.0,26.7,0.0,26.9,1,Mahavira's Birthday
2018-03-28,1119.0,,0.5,26.1,0.4,26.6,1,Mahavira's Birthday
2018-03-29,1119.0,,0.0,26.4,0.0,27.0,1,Mahavira's Birthday
2018-03-30,1119.0,,0.0,25.8,3.1,26.1,1,Good Friday
2018-03-31,1119.0,,1.5,25.3,0.4,25.7,0,
2018-04-01,1131.0,,0.0,26.3,0.0,26.5,0,
2018-04-02,1131.0,,0.0,26.5,0.1,26.7,0,
2018-04-03,1131.0,,0.0,26.0,0.1,26.3,0,
2018-04-04,1131.0,,0.0,26.1,0.0,26.4,1,Dr. B. R. Ambedkar's Birthday
2018-04-05,1131.0,,0.0,26.9,0.0,26.9,1,Dr. B. R. Ambedkar's Birthday
2018-04-06,1131.0,,0.3,26.5,0.0,26.6,1,Dr. B. R. Ambedkar's Birthday
2018-04-07,1131.0,,0.0,26.6,0.2,27.1,1,Dr. B. R. Ambedkar's Birthday
2018-04-08,1131.0,,0.3,26.5,0.0,26.8,1,Dr. B. R. Ambedkar's Birthday
2018-04-09,1131.0,,0.0,26.2,0.0,26.5,1,Dr. B. R. Ambedkar's Birthday
2018-04-10,1131.0,,0.0,26.1,0.0,26.8,1,Dr. B. R. Ambedkar's Birthday
2018-04-11,1131.0,,0.2,26.0,2.0,26.6,1,Dr. B. R. Ambedkar's Birthday
2018-04-12,1131.0,,0.2,27.3,0.2,27.7,1,Dr. B. R. Ambedkar's Birthday
2018-04-13,1131.0,,1.6,26.6,0.6,27.1,1,Dr. B. R. Ambedkar's Birthday
2018-04-14,1131.0,,0.3,27.5,0.1,28.0,1,Dr. B. R. Ambedkar's Birthday
2018-04-15,1131.0,,1.0,27.1,0.4,27.6,0,
2018-04-16,1131.0,,0.0,27.3,0.9,27.7,0,
2018-04-17,1131.0,,0.7,27.8,0.1,28.1,0,
2018-04-18,1131.0,,0.9,27.8,0.0,28.4,0,
2018-04-19,1131.0,,3.5,26.8,2.8,27.3,0,
2018-04-20,1131.0,,2.0,26.1,2.0,26.4,1,Buddha Purnima
2018-04-21,1131.0,,1.0,27.7,0.5,27.7,1,Buddha Purnima
2018-04-22,1131.0,,0.3,27.0,2.2,26.8,1,Buddha Purnima
2018-04-23,1131.0,,4.4,25.9,2.9,25.9,1,Buddha Purnima
2018-04-24,1131.0,,0.0,27.6,0.3,27.7,1,Buddha Purnima
2018-04-25,1131.0,,0.0,27.4,0.0,27.6,1,Buddha Purnima
2018-04-26,1131.0,,0.0,27.9,0.0,28.3,1,Buddha Purnima
2018-04-27,1131.0,,0.2,28.0,0.3,28.1,1,Buddha Purnima
2018-04-28,1131.0,,0.0,27.7,0.0,27.8,1,Buddha Purnima
2018-04-29,1131.0,,0.1,27.4,0.2,27.5,1,Buddha Purnima
2018-04-30,1131.0,,0.0,27.7,1.0,27.9,1,Buddha Purnima
2018-05-01,1028.0,,0.9,27.5,0.3,27.9,0,
2018-05-02,1028.0,,0.0,27.6,0.0,28.0,0,
2018-05-03,1028.0,,1.6,26.7,3.5,26.7,0,
2018-05-04,1028.0,,0.0,27.1,0.0,27.0,0,
2018-05-05,1028.0,,0.2,27.2,0.2,27.1,0,
2018-05-06,1028.0,,0.0,27.2,0.0,27.1,0,
2018-05-07,1028.0,,1.1,27.2,2.0,27.5,0,
2018-05-08,1028.0,,7.7,26.1,13.4,26.0,0,
2018-05-09,1028.0,,0.5,25.6,0.7,25.6,0,
2018-05-10,1028.0,,5.7,25.5,7.1,25.4,0,
2018-05-11,1028.0,,0.3,25.7,8.3,25.4,0,
2018-05-12,1028.0,,0.0,25.8,3.1,26.2,0,
2018-05-13,1028.0,,0.9,26.2,1.1,26.2,0,
2018-05-14,1028.0,,8.7,24.9,11.3,25.0,0,
2018-05-15,1028.0,,3.3,25.3,9.7,25.1,0,
2018-05-16,1028.0,,0.4,25.5,3.4,25.4,0,
2018-05-17,1028.0,,0.3,26.4,0.3,26.5,0,
2018-05-18,1028.0,,2.1,25.3,0.9,25.5,0,
2018-05-19,1028.0,,0.6,25.7,5.1,25.8,0,
2018-05-20,1028.0,,2.4,25.8,2.2,25.9,0,
2018-05-21,1028.0,,6.0,25.5,10.2,25.5,0,
2018-05-22,1028.0,,0.4,25.4,1.8,25.4,0,
2018-05-23,1028.0,,8.7,25.0,11.5,25.1,0,
2018-05-24,1028.0,,6.8,25.0,5.8,25.2,0,
2018-05-25,1028.0,,12.8,24.7,23.1,24.7,0,
2018-05-26,1028.0,,4.5,24.7,4.1,24.4,0,
2018-05-27,1028.0,,4.7,24.9,2.8,24.9,0,
2018-05-28,1028.0,,5.7,24.7,7.5,24.8,0,
2018-05-29,1028.0,,28.5,23.1,10.9,23.7,0,
2018-05-30,1028.0,,3.7,23.9,3.0,24.0,0,
2018-05-31,1028.0,,1.3,24.5,2.9,24.7,0,
2018-06-01,931.0,,4.6,24.5,4.4,24.7,0,
2018-06-02,931.0,,7.1,23.8,6.5,23.9,0,
2018-06-03,931.0,,10.1,23.7,15.0,23.8,0,
2018-06-04,931.0,,9.0,23.7,7.1,23.7,0,
2018-06-05,931.0,,14.3,23.5,6.8,23.6,0,
2018-06-06,931.0,,0.9,23.9,1.6,24.1,1,Eid al-Fitr
2018-06-07,931.0,,1.9,23.4,3.2,23.6,1,Eid al-Fitr
2018-06-08,931.0,,4.2,22.9,5.1,23.2,1,Eid al-Fitr
2018-06-09,931.0,,7.9,22.9,13.2,23.3,1,Eid al-Fitr
2018-06-10,931.0,,5.1,23.4,6.7,23.6,1,Eid al-Fitr
2018-06-11,931.0,,1.0,23.8,0.9,24.0,1,Eid al-Fitr
2018-06-12,931.0,,1.0,24.1,1.4,24.3,1,Eid al-Fitr
2018-06-13,931.0,,2.7,23.7,1.7,23.9,1,Eid al-Fitr
2018-06-14,931.0,,1.2,23.3,1.9,23.4,1,Eid al-Fitr
2018-06-15,931.0,,7.2,23.0,5.1,23.2,1,Eid al-Fitr
2018-06-16,931.0,,0.8,23.4,0.9,23.6,1,Eid al-Fitr
2018-06-17,931.0,,0.0,23.4,0.5,23.6,0,
2018-06-18,931.0,,0.4,23.1,0.7,23.3,0,
2018-06-19,931.0,,1.5,23.1,0.7,23.3,0,
2018-06-20,931.0,,14.1,22.5,13.8,22.7,0,
2018-06-21,931.0,,18.9,21.9,23.7,21.9,0,
2018-06-22,931.0,,11.8,22.2,13.6,22.3,0,
2018-06-23,931.0,,2.4,22.2,4.3,22.4,0,
2018-06-24,931.0,,2.1,22.4,2.9,22.6,0,
2018-06-25,931.0,,5.7,22.5,4.1,22.6,0,
2018-06-26,931.0,,5.5,22.2,9.3,22.3,0,
2018-06-27,931.0,,1.6,22.6,2.6,22.8,0,
2018-06-28,931.0,,19.9,21.3,13.1,21.7,0,
2018-06-29,931.0,,5.8,21.6,5.8,21.8,0,
2018-06-30,931.0,,20.4,21.6,18.0,21.8,0,
2018-07-01,916.0,,4.2,22.4,5.1,22.5,0,
2018-07-02,916.0,,5.5,22.6,5.3,22.9,0,
2018-07-03,916.0,,0.7,22.9,1.5,23.1,0,
2018-07-04,916.0,,0.6,23.0,0.2,23.1,0,
2018-07-05,916.0,,0.6,23.0,0.6,23.1,0,
2018-07-06,916.0,,3.6,22.1,2.5,22.3,0,
2018-07-07,916.0,,25.6,21.1,27.0,21.3,0,
2018-07-08,916.0,,4.5,21.9,2.8,22.2,0,
2018-07-09,916.0,,4.8,22.4,7.7,22.7,0,
2018-07-10,916.0,,7.4,21.9,6.8,22.2,0,
2018-07-11,916.0,,9.5,21.7,8.5,21.8,0,
2018-07-12,916.0,,7.7,22.0,4.7,22.3,0,
2018-07-13,916.0,,8.5,21.7,7.0,21.9,0,
2018-07-14,916.0,,3.1,22.7,3.2,22.9,0,
2018-07-15,916.0,,0.5,23.1,0.3,23.3,0,
2018-07-16,916.0,,1.4,22.9,1.8,23.0,0,
2018-07-17,916.0,,1.1,22.8,1.5,22.9,0,
2018-07-18,916.0,,2.4,22.9,3.5,23.1,0,
2018-07-19,916.0,,2.5,22.4,2.2,22.7,0,
2018-07-20,916.0,,5.3,21.6,3.7,22.0,0,
2018-07-21,916.0,,2.7,22.6,1.1,22.8,0,
2018-07-22,916.0,,1.3,22.7,0.6,23.0,0,
2018-07-23,916.0,,2.7,22.5,2.6,22.8,0,
2018-07-24,916.0,,1.1,22.6,1.5,22.8,0,
2018-07-25,916.0,,2.9,22.9,2.7,23.0,0,
2018-07-26,916.0,,1.9,23.1,1.2,23.4,0,
2018-07-27,916.0,,2.2,22.8,1.5,23.1,0,
2018-07-28,916.0,,2.2,23.4,1.4,23.5,0,
2018-07-29,916.0,,2.1,23.3,1.5,23.5,0,
2018-07-30,916.0,,0.8,23.3,1.1,23.5,0,
2018-07-31,916.0,,3.6,22.6,2.8,22.7,0,
2018-08-01,915.0,,2.6,22.3,2.6,22.5,0,
2018-08-02,915.0,,0.7,23.3,0.3,23.4,0,
2018-08-03,915.0,,0.8,22.7,0.5,23.0,0,
2018-08-04,915.0,,0.5,22.7,0.3,22.9,0,
2018-08-05,915.0,,0.3,22.7,0.5,22.9,1,Independence Day
2018-08-06,915.0,,0.7,22.5,0.7,22.7,1,Independence Day
2018-08-07,915.0,,2.7,22.5,1.8,22.7,1,Independence Day
2018-08-08,915.0,,3.6,22.3,3.1,22.5,1,Independence Day
2018-08-09,915.0,,0.4,22.7,0.4,23.0,1,Independence Day
2018-08-10,915.0,,3.2,22.3,2.0,22.6,1,Independence Day
2018-08-11,915.0,,2.0,22.1,1.5,22.3,1,Independence Day
2018-08-12,915.0,,28.3,20.8,22.9,21.0,1,Independence Day
2018-08-13,915.0,,31.6,21.0,24.1,21.4,1,Independence Day
2018-08-14,915.0,,20.3,21.9,22.3,22.2,1,Independence Day
2018-08-15,915.0,,8.5,22.0,7.4,22.0,1,Independence Day
2018-08-16,915.0,,2.5,21.9,1.3,22.2,1,Eid al-Adha
2018-08-17,915.0,,0.4,22.7,0.4,23.0,1,Eid al-Adha
2018-08-18,915.0,,1.9,22.5,1.4,22.8,1,Eid al-Adha
2018-08-19,915.0,,1.7,22.3,1.3,22.6,1,Eid al-Adha
2018-08-20,915.0,,2.1,22.3,1.3,22.5,1,Eid al-Adha
2018-08-21,915.0,,1.9,22.2,1.9,22.5,1,Eid al-Adha
2018-08-22,915.0,,1.6,22.5,1.7,22.7,1,Eid al-Adha
2018-08-23,915.0,,1.4,22.2,0.6,22.5,0,
2018-08-24,915.0,,2.5,22.0,3.5,22.2,1,Janmashtami (Vaishnava)
2018-08-25,915.0,,0.9,22.1,0.5,22.4,1,Janmashtami (Vaishnava)
2018-08-26,915.0,,1.7,22.1,2.2,22.2,1,Janmashtami (Vaishnava)
2018-08-27,915.0,,3.9,21.8,4.2,22.0,1,Janmashtami (Vaishnava)
2018-08-28,915.0,,4.0,22.0,3.0,22.3,1,Janmashtami (Vaishnava)
2018-08-29,915.0,,2.7,22.2,3.0,22.5,1,Janmashtami (Vaishnava)
2018-08-30,915.0,,2.3,22.2,3.3,22.4,1,Janmashtami (Vaishnava)
2018-08-31,915.0,,3.9,22.2,3.3,22.3,1,Janmashtami (Vaishnava)
2018-09-01,897.0,,0.7,22.3,0.8,22.5,1,Janmashtami (Vaishnava)
2018-09-02,897.0,,0.9,21.9,1.3,22.2,1,Janmashtami (Vaishnava)
2018-09-03,897.0,,0.0,21.8,0.0,22.2,1,Janmashtami (Vaishnava)
2018-09-04,897.0,,0.4,21.9,0.1,22.4,0,
2018-09-05,897.0,,0.3,22.2,0.6,22.6,0,
2018-09-06,897.0,,1.0,21.9,0.6,22.2,0,
2018-09-07,897.0,,1.1,21.9,0.8,22.1,0,
2018-09-08,897.0,,0.8,22.3,0.6,22.6,0,
2018-09-09,897.0,,0.0,22.4,0.0,22.9,0,
2018-09-10,897.0,,0.2,22.7,0.6,22.9,0,
2018-09-11,897.0,,10.3,22.9,16.6,23.3,1,Ashura
2018-09-12,897.0,,0.4,23.6,0.5,23.8,1,Ashura
2018-09-13,897.0,,0.1,23.6,0.1,24.0,1,Ashura
2018-09-14,897.0,,0.3,23.7,0.3,23.9,1,Ashura
2018-09-15,897.0,,0.0,23.9,0.0,24.4,1,Ashura
2018-09-16,897.0,,0.2,23.4,0.4,23.9,1,Ashura
2018-09-17,897.0,,3.3,22.8,2.6,23.0,1,Ashura
2018-09-18,897.0,,0.8,22.7,0.1,23.1,1,Ashura
2018-09-19,897.0,,0.0,22.8,0.0,23.1,1,Ashura
2018-09-20,897.0,,0.7,22.2,2.7,22.4,1,Ashura
2018-09-21,897.0,,1.9,22.8,1.1,23.2,1,Ashura
2018-09-22,897.0,,0.0,22.6,0.0,23.0,1,Mahatma Gandhi's Birthday
2018-09-23,897.0,,0.2,23.3,0.4,23.7,1,Mahatma Gandhi's Birthday
2018-09-24,897.0,,18.4,22.8,14.9,23.1,1,Mahatma Gandhi's Birthday
2018-09-25,897.0,,7.9,23.7,11.1,23.9,1,Mahatma Gandhi's Birthday
2018-09-26,897.0,,5.4,23.3,4.7,23.5,1,Mahatma Gandhi's Birthday
2018-09-27,897.0,,14.7,23.2,10.7,23.5,1,Mahatma Gandhi's Birthday
2018-09-28,897.0,,27.8,23.0,24.3,23.3,1,Mahatma Gandhi's Birthday
2018-09-29,897.0,,8.4,23.0,11.6,23.2,1,Mahatma Gandhi's Birthday
2018-09-30,897.0,,4.8,23.0,2.3,23.5,1,Mahatma Gandhi's Birthday
2018-10-01,830.0,,0.8,24.0,1.3,24.2,1,Mahatma Gandhi's Birthday
2018-10-02,830.0,,0.7,24.0,0.9,24.2,1,Mahatma Gandhi's Birthday
2018-10-03,830.0,,0.9,24.5,0.8,24.5,0,
2018-10-04,830.0,,4.0,23.5,5.3,23.4,0,
2018-10-05,830.0,,20.0,22.2,19.8,22.5,0,
2018-10-06,830.0,,14.0,22.3,12.0,22.5,0,
2018-10-07,830.0,,0.1,23.4,0.2,23.4,0,
2018-10-08,830.0,,0.1,23.8,0.2,23.8,0,
2018-10-09,830.0,,1.4,22.9,1.3,22.8,1,Dussehra
2018-10-10,830.0,,0.0,22.6,0.0,22.8,1,Dussehra
2018-10-11,830.0,,0.0,23.2,0.0,23.3,1,Dussehra
2018-10-12,830.0,,0.0,23.2,0.0,23.3,1,Dussehra
2018-10-13,830.0,,0.0,23.5,0.0,23.6,1,Dussehra
2018-10-14,830.0,,1.9,23.5,1.9,23.7,1,Dussehra
2018-10-15,830.0,,11.0,22.6,14.7,22.7,1,Dussehra
2018-10-16,830.0,,18.0,22.6,22.8,22.5,1,Dussehra
2018-10-17,830.0,,10.4,22.1,13.6,22.3,1,Dussehra
2018-10-18,830.0,,2.0,22.3,0.6,22.5,1,Dussehra
2018-10-19,830.0,,14.4,22.2,13.3,22.2,1,Dussehra
2018-10-20,830.0,,0.0,22.8,0.0,22.8,0,
2018-10-21,830.0,,0.0,22.7,0.0,22.7,0,
2018-10-22,830.0,,0.0,23.0,0.0,23.1,0,
2018-10-23,830.0,,0.0,23.3,0.0,22.9,0,
2018-10-24,830.0,,0.0,22.8,0.0,22.6,0,
2018-10-25,830.0,,0.0,22.9,0.0,22.7,0,
2018-10-26,830.0,,0.0,23.3,0.0,23.3,0,
2018-10-27,830.0,,0.0,22.8,0.0,22.5,0,
2018-10-28,830.0,,0.0,22.2,0.0,22.0,1,Diwali (Deepavali)
2018-10-29,830.0,,0.0,21.7,0.0,21.5,1,Diwali (Deepavali)
2018-10-30,830.0,,0.0,21.9,0.0,21.7,1,Diwali (Deepavali)
2018-10-31,830.0,,0.0,23.0,0.0,23.2,1,Diwali (Deepavali)
2018-11-01,759.0,,0.6,23.1,0.4,23.2,1,Diwali (Deepavali)
2018-11-02,759.0,,15.6,22.5,11.0,22.6,1,Diwali (Deepavali)
2018-11-03,759.0,,10.0,22.4,7.2,22.6,1,Diwali (Deepavali)
2018-11-04,759.0,,0.5,23.2,0.5,23.2,1,Diwali (Deepavali)
2018-11-05,759.0,,0.1,23.5,0.0,23.5,1,Diwali (Deepavali)
2018-11-06,759.0,,0.9,23.7,0.8,23.5,1,Diwali (Deepavali)
2018-11-07,759.0,,0.0,23.3,0.0,23.0,1,Diwali (Deepavali)
2018-11-08,759.0,,0.0,22.4,0.0,22.1,0,
2018-11-09,759.0,,0.0,22.8,0.0,22.6,0,
2018-11-10,759.0,,0.0,22.8,0.0,22.7,0,
2018-11-11,759.0,,0.0,23.0,0.0,22.3,1,Prophet's Birthday
2018-11-12,759.0,,0.0,22.3,0.0,22.6,1,Prophet's Birthday
2018-11-13,759.0,,0.0,21.5,0.0,21.3,1,Guru Nanak's Birthday
2018-11-14,759.0,,0.0,22.6,0.0,21.6,1,Guru Nanak's Birthday
2018-11-15,759.0,,0.0,23.1,0.0,22.8,1,Guru Nanak's Birthday
2018-11-16,759.0,,0.9,23.4,0.8,23.4,1,Guru Nanak's Birthday
2018-11-17,759.0,,0.0,23.8,0.0,24.0,1,Guru Nanak's Birthday
2018-11-18,759.0,,6.8,23.2,6.3,23.4,1,Guru Nanak's Birthday
2018-11-19,759.0,,1.2,23.2,1.2,23.3,1,Guru Nanak's Birthday
2018-11-20,759.0,,0.0,23.3,0.1,23.4,1,Guru Nanak's Birthday
2018-11-21,759.0,,0.1,22.3,0.0,22.3,1,Guru Nanak's Birthday
2018-11-22,759.0,,5.4,21.4,6.2,21.6,1,Guru Nanak's Birthday
2018-11-23,759.0,,11.5,21.4,17.7,21.8,1,Guru Nanak's Birthday
2018-11-24,759.0,,1.4,21.4,2.5,21.7,0,
2018-11-25,759.0,,0.0,22.8,0.0,23.0,0,
2018-11-26,759.0,,0.0,22.0,0.0,22.2,0,
2018-11-27,759.0,,0.0,20.7,0.0,20.9,0,
2018-11-28,759.0,,0.0,20.3,0.0,20.6,0,
2018-11-29,759.0,,0.0,21.2,0.0,21.7,0,
2018-11-30,759.0,,0.0,22.8,0.0,23.0,0,
2018-12-01,796.0,,0.0,21.8,0.0,22.3,0,
2018-12-02,796.0,,0.0,21.1,0.0,21.4,0,
2018-12-03,796.0,,0.0,21.9,0.0,22.4,0,
2018-12-04,796.0,,2.8,21.7,2.7,21.8,0,
2018-12-05,796.0,,1.8,22.9,0.8,23.2,0,
2018-12-06,796.0,,1.1,22.7,2.2,22.8,0,
2018-12-07,796.0,,0.1,23.2,0.0,23.3,0,
2018-12-08,796.0,,0.0,23.0,0.0,23.3,0,
2018-12-09,796.0,,0.0,23.4,0.0,23.6,0,
2018-12-10,796.0,,0.0,23.0,0.0,23.1,0,
2018-12-11,796.0,,0.0,23.0,0.0,23.3,0,
2018-12-12,796.0,,0.0,23.4,0.0,23.6,0,
2018-12-13,796.0,,0.3,22.5,0.0,23.3,0,
2018-12-14,796.0,,0.1,23.0,0.0,23.3,0,
2018-12-15,796.0,,0.0,22.1,0.0,22.2,1,Christmas
2018-12-16,796.0,,0.0,20.5,0.0,20.7,1,Christmas
2018-12-17,796.0,,0.0,20.4,0.0,20.7,1,Christmas
2018-12-18,796.0,,0.0,20.5,0.0,20.4,1,Christmas
2018-12-19,796.0,,0.0,19.8,0.0,20.1,1,Christmas
2018-12-20,796.0,,0.0,20.6,0.0,21.3,1,Christmas
2018-12-21,796.0,,0.0,21.8,0.1,22.1,1,Christmas
2018-12-22,796.0,,0.0,23.0,0.0,23.1,1,Christmas
2018-12-23,796.0,,0.3,23.6,0.4,23.7,1,Christmas
2018-12-24,796.0,,0.4,23.2,0.5,23.4,1,Christmas
2018-12-25,796.0,,0.0,23.4,0.0,23.5,1,Christmas
2018-12-26,796.0,,0.0,23.6,0.0,23.6,0,
2018-12-27,796.0,,0.2,22.8,0.3,22.8,0,
2018-12-28,796.0,,0.0,22.6,0.1,22.9,0,
2018-12-29,796.0,,0.6,22.0,0.4,22.1,0,
2018-12-30,796.0,,0.0,21.6,0.0,21.8,0,
2018-12-31,796.0,,0.0,20.3,0.0,20.5,0,
2019-01-01,773.0,,0.0,20.0,0.0,20.1,0,
2019-01-02,773.0,,0.0,19.7,0.0,19.7,0,
2019-01-03,773.0,,0.0,20.1,0.0,20.3,0,
2019-01-04,773.0,,0.0,20.6,0.0,20.9,0,
2019-01-05,773.0,,0.0,20.3,0.0,20.3,0,
2019-01-06,773.0,,0.0,20.4,0.0,20.3,0,
2019-01-07,773.0,,0.0,20.5,0.0,20.6,0,
2019-01-08,773.0,,0.0,20.8,0.0,20.9,0,
2019-01-09,773.0,,0.0,21.0,0.0,21.0,0,
2019-01-10,773.0,,0.0,21.1,0.0,20.7,0,
2019-01-11,773.0,,0.0,20.9,0.0,20.8,0,
2019-01-12,773.0,,0.0,20.9,0.0,20.8,0,
2019-01-13,773.0,,0.0,21.7,0.0,21.5,0,
2019-01-14,773.0,,0.0,20.9,0.0,20.7,0,
2019-01-15,773.0,,0.0,20.3,0.0,20.5,0,
2019-01-16,773.0,,0.0,20.5,0.0,20.3,1,Republic Day
2019-01-17,773.0,,0.0,21.1,0.0,20.9,1,Republic Day
2019-01-18,773.0,,0.0,21.4,0.0,21.3,1,Republic Day
2019-01-19,773.0,,0.0,21.5,0.0,21.2,1,Republic Day
2019-01-20,773.0,,0.0,21.1,0.0,21.0,1,Republic Day
2019-01-21,773.0,,0.0,20.6,0.0,20.8,1,Republic Day
2019-01-22,773.0,,0.0,20.0,0.0,20.3,1,Republic Day
2019-01-23,773.0,,0.0,21.1,0.0,21.2,1,Republic Day
2019-01-24,773.0,,0.0,22.9,0.0,22.7,1,Republic Day
2019-01-25,773.0,,0.2,22.4,0.4,22.7,1,Republic Day
2019-01-26,773.0,,3.1,21.5,0.9,22.2,1,Republic Day
2019-01-27,773.0,,0.4,22.2,0.2,22.8,0,
2019-01-28,773.0,,1.0,21.2,0.3,21.7,0,
2019-01-29,773.0,,0.3,21.4,0.3,21.8,0,
2019-01-30,773.0,,0.0,21.6,0.0,21.8,0,
2019-01-31,773.0,,0.0,21.6,0.0,21.8,0,
2019-02-01,710.0,,0.0,21.5,0.0,21.9,0,
2019-02-02,710.0,,0.0,22.1,0.0,22.4,0,
2019-02-03,710.0,,0.0,22.6,0.0,22.8,0,
2019-02-04,710.0,,0.0,23.3,0.0,23.4,0,
2019-02-05,710.0,,0.0,23.6,0.0,23.7,0,
2019-02-06,710.0,,0.0,24.1,0.0,24.5,0,
2019-02-07,710.0,,0.0,24.5,0.0,25.1,0,
2019-02-08,710.0,,0.1,24.2,0.4,24.8,0,
2019-02-09,710.0,,0.6,24.5,0.3,24.8,0,
2019-02-10,710.0,,15.9,23.0,7.1,23.2,0,
2019-02-11,710.0,,0.6,23.7,0.1,23.8,0,
2019-02-12,710.0,,0.0,23.8,0.0,23.8,0,
2019-02-13,710.0,,0.0,23.5,0.0,23.8,0,
2019-02-14,710.0,,0.0,23.8,0.0,24.3,0,
2019-02-15,710.0,,0.0,24.0,0.0,24.3,0,
2019-02-16,710.0,,0.0,24.2,0.0,24.9,0,
2019-02-17,710.0,,0.0,24.1,0.0,24.6,0,
2019-02-18,710.0,,0.0,23.4,0.0,23.6,0,
2019-02-19,710.0,,0.0,25.1,0.0,24.8,0,
2019-02-20,710.0,,0.0,26.1,0.0,26.3,0,
2019-02-21,710.0,,0.0,25.3,0.0,25.5,0,
2019-02-22,710.0,,0.0,25.2,0.0,25.2,1,Maha Shivaratri
2019-02-23,710.0,,0.0,25.3,0.0,25.4,1,Maha Shivaratri
2019-02-24,710.0,,0.0,25.2,0.0,25.9,1,Maha Shivaratri
2019-02-25,710.0,,0.0,24.7,0.0,25.4,1,Maha Shivaratri
2019-02-26,710.0,,0.0,24.6,0.0,25.3,1,Maha Shivaratri
2019-02-27,710.0,,0.0,24.6,0.0,25.2,1,Maha Shivaratri
2019-02-28,710.0,,0.0,24.1,0.0,24.3,1,Maha Shivaratri
2019-03-01,679.0,,0.0,24.9,0.0,25.2,1,Maha Shivaratri
2019-03-02,679.0,,0.4,25.4,1.4,25.9,1,Maha Shivaratri
2019-03-03,679.0,,0.3,25.9,0.2,26.0,1,Maha Shivaratri
2019-03-04,679.0,,0.0,26.1,0.0,26.7,1,Maha Shivaratri
2019-03-05,679.0,,0.0,26.4,0.0,26.8,0,
2019-03-06,679.0,,0.0,26.1,0.0,26.7,0,
2019-03-07,679.0,,0.0,26.0,0.0,26.4,0,
2019-03-08,679.0,,0.0,25.5,0.0,26.5,0,
2019-03-09,679.0,,0.0,26.1,0.0,26.6,0,
2019-03-10,679.0,,0.1,26.8,0.0,27.4,0,
2019-03-11,679.0,,0.4,26.8,0.3,27.7,1,Holi
2019-03-12,679.0,,0.0,27.0,0.0,27.6,1,Holi
2019-03-13,679.0,,0.0,26.5,0.0,26.8,1,Holi
2019-03-14,679.0,,0.0,26.5,0.0,27.2,1,Holi
2019-03-15,679.0,,0.0,26.2,0.0,27.3,1,Holi
2019-03-16,679.0,,0.0,25.7,0.0,26.4,1,Holi
2019-03-17,679.0,,0.0,25.5,0.0,26.1,1,Holi
2019-03-18,679.0,,0.0,25.7,0.0,26.2,1,Holi
2019-03-19,679.0,,0.0,26.3,0.0,26.8,1,Holi
2019-03-20,679.0,,1.0,25.8,0.1,26.5,1,Holi
2019-03-21,679.0,,0.5,26.3,0.0,26.8,1,Holi
2019-03-22,679.0,,0.0,27.4,0.0,28.0,0,
2019-03-23,679.0,,0.0,27.8,0.0,28.0,0,
2019-03-24,679.0,,0.0,27.6,0.1,28.2,0,
2019-03-25,679.0,,0.0,29.0,0.0,29.1,0,
2019-03-26,679.0,,0.0,27.9,0.0,28.6,0,
2019-03-27,679.0,,0.0,27.0,0.0,27.7,0,
2019-03-28,679.0,,0.0,28.1,0.0,28.2,0,
2019-03-29,679.0,,0.0,27.3,0.0,28.1,0,
2019-03-30,679.0,,0.0,27.2,0.0,27.7,0,
2019-03-31,679.0,,0.0,27.3,0.0,27.7,0,
2019-04-01,669.0,,0.5,26.7,0.0,27.4,0,
2019-04-02,669.0,,0.9,26.5,1.2,27.1,0,
2019-04-03,669.0,,0.0,27.6,0.0,28.0,1,Ram Navami
2019-04-04,669.0,,0.0,27.1,0.0,27.6,1,Dr. B. R. Ambedkar's Birthday
2019-04-05,669.0,,0.0,26.9,0.0,27.2,1,Dr. B. R. Ambedkar's Birthday
2019-04-06,669.0,,0.0,26.9,0.0,27.5,1,Dr. B. R. Ambedkar's Birthday
2019-04-07,669.0,,0.0,27.7,0.0,28.1,1,Dr. B. R. Ambedkar's Birthday
2019-04-08,669.0,,0.0,27.5,0.0,27.8,1,Dr. B. R. Ambedkar's Birthday
2019-04-09,669.0,,0.1,27.3,0.2,27.7,1,Dr. B. R. Ambedkar's Birthday
2019-04-10,669.0,,0.2,27.5,0.0,27.9,1,Dr. B. R. Ambedkar's Birthday
2019-04-11,669.0,,0.0,27.1,0.0,27.4,1,Dr. B. R. Ambedkar's Birthday
2019-04-12,669.0,,0.0,27.4,0.2,27.8,1,Dr. B. R. Ambedkar's Birthday
2019-04-13,669.0,,0.0,27.8,0.0,28.3,1,Dr. B. R. Ambedkar's Birthday
2019-04-14,669.0,,0.0,27.7,0.0,27.8,1,Dr. B. R. Ambedkar's Birthday
2019-04-15,669.0,,0.0,27.5,0.0,27.7,1,Mahavira's Birthday
2019-04-16,669.0,,0.0,27.0,0.0,27.5,1,Mahavira's Birthday
2019-04-17,669.0,,0.0,27.4,0.0,28.0,1,Mahavira's Birthday
2019-04-18,669.0,,0.1,27.8,0.0,28.1,1,Good Friday
2019-04-19,669.0,,0.0,28.2,0.0,28.5,1,Good Friday
2019-04-20,669.0,,0.0,27.8,0.0,28.3,0,
2019-04-21,669.0,,0.1,27.3,0.2,27.6,0,
2019-04-22,669.0,,0.0,28.2,0.1,28.6,0,
2019-04-23,669.0,,0.0,28.3,0.0,28.6,0,
2019-04-24,669.0,,0.0,28.3,0.0,28.5,0,
2019-04-25,669.0,,0.0,28.6,0.0,28.8,0,
2019-04-26,669.0,,0.0,28.8,0.0,29.1,0,
2019-04-27,669.0,,0.0,29.2,0.0,29.8,0,
2019-04-28,669.0,,0.0,29.3,0.0,29.5,0,
2019-04-29,669.0,,2.2,27.0,1.1,27.2,0,
2019-04-30,669.0,,1.4,26.6,1.0,27.0,0,
2019-05-01,661.0,,3.2,26.1,2.4,26.3,0,
2019-05-02,661.0,,0.0,27.0,0.0,27.2,0,
2019-05-03,661.0,,0.0,25.3,0.0,25.7,0,
2019-05-04,661.0,,0.1,25.4,0.0,25.8,0,
2019-05-05,661.0,,0.0,26.4,0.0,26.6,0,
2019-05-06,661.0,,0.0,27.2,0.0,27.3,0,
2019-05-07,661.0,,2.3,25.7,2.3,26.1,0,
2019-05-08,661.0,,1.4,24.7,3.1,25.2,1,Buddha Purnima
2019-05-09,661.0,,0.0,26.5,0.0,26.8,1,Buddha Purnima
2019-05-10,661.0,,0.0,27.5,0.0,28.0,1,Buddha Purnima
2019-05-11,661.0,,0.2,27.8,0.5,28.3,1,Buddha Purnima
2019-05-12,661.0,,0.1,27.7,0.1,27.9,1,Buddha Purnima
2019-05-13,661.0,,0.5,26.8,0.1,27.2,1,Buddha Purnima
2019-05-14,661.0,,0.0,27.1,0.0,27.6,1,Buddha Purnima
2019-05-15,661.0,,0.0,27.0,0.0,27.4,1,Buddha Purnima
2019-05-16,661.0,,0.1,27.8,0.2,28.2,1,Buddha Purnima
2019-05-17,661.0,,0.0,27.6,0.0,27.9,1,Buddha Purnima
2019-05-18,661.0,,0.8,27.6,1.6,27.6,1,Buddha Purnima
2019-05-19,661.0,,0.7,28.1,1.2,28.1,0,
2019-05-20,661.0,,4.5,27.2,2.0,27.5,0,
2019-05-21,661.0,,2.6,26.7,0.7,27.1,0,
2019-05-22,661.0,,1.6,27.3,1.6,27.7,0,
2019-05-23,661.0,,2.3,26.7,3.6,27.0,0,
2019-05-24,661.0,,8.0,26.6,6.3,26.6,0,
2019-05-25,661.0,,0.6,26.7,0.2,27.0,0,
2019-05-26,661.0,,3.8,26.6,12.4,26.9,1,Eid al-Fitr
2019-05-27,661.0,,0.1,27.1,0.0,27.4,1,Eid al-Fitr
2019-05-28,661.0,,0.9,27.1,1.0,27.6,1,Eid al-Fitr
2019-05-29,661.0,,0.7,27.5,0.2,27.9,1,Eid al-Fitr
2019-05-30,661.0,,3.6,26.6,7.2,26.5,1,Eid al-Fitr
2019-05-31,661.0,,5.6,25.7,5.8,25.8,1,Eid al-Fitr
2019-06-01,636.0,,0.1,26.8,0.1,26.9,1,Eid al-Fitr
2019-06-02,636.0,,17.0,25.8,14.5,26.1,1,Eid al-Fitr
2019-06-03,636.0,,4.6,25.5,2.5,25.6,1,Eid al-Fitr
2019-06-04,636.0,,0.3,25.8,0.5,26.0,1,Eid al-Fitr
2019-06-05,636.0,,7.6,26.2,9.9,26.1,1,Eid al-Fitr
2019-06-06,636.0,,0.4,27.1,0.3,27.1,0,
2019-06-07,636.0,,11.5,26.1,5.7,26.6,0,
2019-06-08,636.0,,7.7,25.3,5.6,25.7,0,
2019-06-09,636.0,,0.5,26.1,0.4,26.2,0,
2019-06-10,636.0,,12.1,24.1,9.4,24.3,0,
2019-06-11,636.0,,0.7,24.4,1.0,24.5,0,
2019-06-12,636.0,,1.7,24.3,1.0,24.6,0,
2019-06-13,636.0,,0.5,24.2,0.3,24.4,0,
2019-06-14,636.0,,2.2,24.3,2.8,24.5,0,
2019-06-15,636.0,,0.1,24.8,0.3,25.2,0,
2019-06-16,636.0,,0.2,25.0,0.4,25.3,0,
2019-06-17,636.0,,0.7,24.7,0.4,25.0,0,
2019-06-18,636.0,,0.7,24.2,0.4,24.5,0,
2019-06-19,636.0,,1.1,25.1,0.4,25.3,0,
2019-06-20,636.0,,13.5,23.8,9.9,24.1,0,
2019-06-21,636.0,,8.7,22.8,4.9,23.2,0,
2019-06-22,636.0,,32.2,23.0,20.0,23.1,0,
2019-06-23,636.0,,2.7,23.6,2.7,23.9,0,
2019-06-24,636.0,,3.9,23.9,7.7,24.3,0,
2019-06-25,636.0,,1.2,24.4,2.4,24.6,0,
2019-06-26,636.0,,0.5,24.2,0.4,24.4,0,
2019-06-27,636.0,,1.2,24.0,1.6,24.1,0,
2019-06-28,636.0,,0.7,24.3,0.4,24.5,0,
2019-06-29,636.0,,1.6,24.0,0.6,24.2,0,
2019-06-30,636.0,,5.0,23.9,2.9,24.2,0,
2019-07-01,657.0,,0.6,24.4,0.5,24.7,0,
2019-07-02,657.0,,1.7,24.3,1.0,24.7,0,
2019-07-03,657.0,,1.3,23.7,1.5,23.9,0,
2019-07-04,657.0,,1.9,24.4,0.9,24.7,0,
2019-07-05,657.0,,1.5,23.8,2.1,24.1,0,
2019-07-06,657.0,,1.2,23.8,0.8,24.1,0,
2019-07-07,657.0,,3.0,23.6,2.1,23.8,0,
2019-07-08,657.0,,1.3,23.8,0.7,24.2,0,
2019-07-09,657.0,,6.3,23.6,5.3,24.0,0,
2019-07-10,657.0,,6.4,22.7,2.8,23.2,0,
2019-07-11,657.0,,0.3,23.7,0.4,24.0,0,
2019-07-12,657.0,,3.0,23.4,5.4,23.6,0,
2019-07-13,657.0,,3.5,23.6,2.1,23.9,0,
2019-07-14,657.0,,3.5,23.4,4.4,23.6,0,
2019-07-15,657.0,,1.5,23.5,1.9,23.6,0,
2019-07-16,657.0,,9.1,23.5,5.7,23.6,0,
2019-07-17,657.0,,0.7,23.4,0.4,23.9,0,
2019-07-18,657.0,,8.9,23.4,10.3,23.7,0,
2019-07-19,657.0,,13.5,22.6,12.3,22.7,0,
2019-07-20,657.0,,9.3,22.5,10.1,22.7,0,
2019-07-21,657.0,,1.1,23.4,1.1,23.7,0,
2019-07-22,657.0,,25.4,22.1,17.9,22.1,0,
2019-07-23,657.0,,7.1,21.6,13.6,21.9,0,
2019-07-24,657.0,,2.6,22.8,5.0,23.1,0,
2019-07-25,657.0,,5.3,22.7,8.7,22.8,0,
2019-07-26,657.0,,5.4,22.3,6.0,22.5,0,
2019-07-27,657.0,,0.6,22.9,0.4,23.1,0,
2019-07-28,657.0,,2.5,22.5,0.8,22.8,0,
2019-07-29,657.0,,0.1,22.1,0.0,22.3,0,
2019-07-30,657.0,,0.0,22.8,0.0,22.9,0,
2019-07-31,657.0,,0.5,23.2,0.5,23.3,0,
2019-08-01,719.0,,1.7,23.1,1.4,23.2,0,
2019-08-02,719.0,,0.6,22.8,0.5,22.9,1,Eid al-Adha
2019-08-03,719.0,,1.2,22.8,1.2,23.0,1,Eid al-Adha
2019-08-04,719.0,,0.7,23.1,0.9,23.3,1,Eid al-Adha
2019-08-05,719.0,,23.3,21.9,16.6,22.1,1,Independence Day
2019-08-06,719.0,,14.0,21.9,14.1,22.1,1,Independence Day
2019-08-07,719.0,,7.0,22.8,6.9,22.9,1,Independence Day
2019-08-08,719.0,,4.6,23.0,5.8,23.0,1,Independence Day
2019-08-09,719.0,,6.5,22.5,3.6,22.8,1,Independence Day
2019-08-10,719.0,,8.5,22.0,5.4,22.1,1,Independence Day
2019-08-11,719.0,,0.9,23.0,0.4,23.2,1,Independence Day
2019-08-12,719.0,,1.5,22.7,1.5,22.9,1,Independence Day
2019-08-13,719.0,,7.8,22.8,10.0,23.0,1,Independence Day
2019-08-14,719.0,,17.8,21.8,23.8,22.1,1,Independence Day
2019-08-15,719.0,,7.8,22.5,10.1,22.7,1,Independence Day
2019-08-16,719.0,,4.5,22.5,10.6,22.5,1,Janmashtami (Vaishnava)
2019-08-17,719.0,,12.8,22.3,21.8,22.3,1,Janmashtami (Vaishnava)
2019-08-18,719.0,,9.1,22.5,8.3,22.7,1,Janmashtami (Vaishnava)
2019-08-19,719.0,,4.3,22.9,5.4,23.1,1,Janmashtami (Vaishnava)
2019-08-20,719.0,,4.5,22.7,4.6,23.1,1,Janmashtami (Vaishnava)
2019-08-21,719.0,,2.3,22.7,5.4,22.9,1,Janmashtami (Vaishnava)
2019-08-22,719.0,,3.1,22.2,6.3,22.3,1,Janmashtami (Vaishnava)
2019-08-23,719.0,,5.3,22.3,4.7,22.4,1,Janmashtami (Vaishnava)
2019-08-24,719.0,,3.2,21.9,3.0,22.2,1,Janmashtami (Vaishnava)
2019-08-25,719.0,,0.6,22.4,0.8,22.7,0,
2019-08-26,719.0,,0.1,22.9,0.0,23.2,0,
2019-08-27,719.0,,0.8,22.6,0.7,22.8,0,
2019-08-28,719.0,,0.3,23.3,0.7,23.5,0,
2019-08-29,719.0,,5.2,23.4,3.9,23.7,0,
2019-08-30,719.0,,1.4,23.2,3.7,23.3,0,
2019-08-31,719.0,,1.6,22.6,3.0,22.8,1,Ashura
2019-09-01,724.0,,1.2,22.8,0.4,23.0,1,Ashura
2019-09-02,724.0,,9.7,22.1,10.2,22.4,1,Ashura
2019-09-03,724.0,,6.2,21.7,3.9,22.1,1,Ashura
2019-09-04,724.0,,3.0,22.4,2.1,22.6,1,Ashura
2019-09-05,724.0,,3.4,22.6,3.2,22.8,1,Ashura
2019-09-06,724.0,,1.5,22.9,0.5,23.1,1,Ashura
2019-09-07,724.0,,1.5,22.8,0.5,23.1,1,Ashura
2019-09-08,724.0,,1.2,23.1,0.6,23.4,1,Ashura
2019-09-09,724.0,,0.9,23.1,1.7,23.3,1,Ashura
2019-09-10,724.0,,1.1,23.1,1.8,23.3,1,Ashura
2019-09-11,724.0,,2.3,23.1,1.1,23.3,0,
2019-09-12,724.0,,1.5,23.1,1.4,23.2,0,
2019-09-13,724.0,,0.6,23.3,0.9,23.4,0,
2019-09-14,724.0,,2.9,23.0,3.9,23.2,0,
2019-09-15,724.0,,6.9,22.9,4.6,23.2,0,
2019-09-16,724.0,,6.8,22.4,7.9,22.6,0,
2019-09-17,724.0,,1.5,22.3,2.8,22.5,0,
2019-09-18,724.0,,3.3,22.9,3.4,23.1,0,
2019-09-19,724.0,,2.1,22.9,1.4,23.3,0,
2019-09-20,724.0,,2.2,23.2,1.7,23.6,0,
2019-09-21,724.0,,2.1,23.4,3.6,23.7,0,
2019-09-22,724.0,,1.6,23.3,2.9,23.2,1,Mahatma Gandhi's Birthday
2019-09-23,724.0,,13.1,22.8,21.2,22.9,1,Mahatma Gandhi's Birthday
2019-09-24,724.0,,10.4,22.1,15.6,22.4,1,Mahatma Gandhi's Birthday
2019-09-25,724.0,,30.1,22.5,25.2,22.6,1,Mahatma Gandhi's Birthday
2019-09-26,724.0,,4.7,21.9,3.7,22.0,1,Mahatma Gandhi's Birthday
2019-09-27,724.0,,3.1,23.1,0.9,23.2,1,Mahatma Gandhi's Birthday
2019-09-28,724.0,,7.7,23.1,3.5,23.5,1,Mahatma Gandhi's Birthday
2019-09-29,724.0,,1.3,23.6,1.4,23.8,1,Mahatma Gandhi's Birthday
2019-09-30,724.0,,1.9,23.8,2.2,23.8,1,Mahatma Gandhi's Birthday
2019-10-01,720.0,,8.0,22.6,5.6,22.9,1,Mahatma Gandhi's Birthday
2019-10-02,720.0,,2.3,22.9,6.0,23.2,1,Mahatma Gandhi's Birthday
2019-10-03,720.0,,7.9,23.0,12.2,23.2,1,Dussehra
2019-10-04,720.0,,5.6,22.7,11.8,22.8,1,Dussehra
2019-10-05,720.0,,18.0,22.4,16.5,22.7,1,Dussehra
2019-10-06,720.0,,13.9,22.2,13.9,22.5,1,Dussehra
2019-10-07,720.0,,11.8,21.8,37.7,22.1,1,Dussehra
2019-10-08,720.0,,11.6,22.7,9.5,23.0,1,Dussehra
2019-10-09,720.0,,17.6,22.5,2.7,22.9,0,
2019-10-10,720.0,,8.0,22.6,12.3,22.8,0,
2019-10-11,720.0,,5.3,22.9,8.0,23.2,0,
2019-10-12,720.0,,11.9,22.7,11.5,22.8,0,
2019-10-13,720.0,,7.8,23.2,4.8,23.4,0,
2019-10-14,720.0,,1.3,23.8,0.5,23.8,0,
2019-10-15,720.0,,12.5,22.9,11.3,23.1,0,
2019-10-16,720.0,,8.2,22.7,12.7,22.8,0,
2019-10-17,720.0,,9.6,22.3,3.6,22.4,1,Diwali (Deepavali)
2019-10-18,720.0,,6.5,22.6,4.4,22.7,1,Diwali (Deepavali)
2019-10-19,720.0,,4.1,22.7,2.8,22.8,1,Diwali (Deepavali)
2019-10-20,720.0,,31.3,22.5,9.6,22.6,1,Diwali (Deepavali)
2019-10-21,720.0,,16.0,21.8,17.1,21.9,1,Diwali (Deepavali)
2019-10-22,720.0,,18.9,21.6,23.5,21.6,1,Diwali (Deepavali)
2019-10-23,720.0,,0.7,22.4,1.5,22.5,1,Diwali (Deepavali)
2019-10-24,720.0,,0.2,22.6,0.2,22.7,1,Diwali (Deepavali)
2019-10-25,720.0,,11.6,21.6,11.5,21.6,1,Diwali (Deepavali)
2019-10-26,720.0,,9.2,21.3,6.5,21.3,1,Diwali (Deepavali)
2019-10-27,720.0,,5.1,21.4,6.0,21.4,1,Diwali (Deepavali)
2019-10-28,720.0,,6.1,22.5,9.4,22.8,0,
2019-10-29,720.0,,5.3,21.3,4.8,21.5,0,
2019-10-30,720.0,,7.9,20.9,11.2,21.0,0,
2019-10-31,720.0,,4.3,21.4,4.4,21.4,1,Prophet's Birthday
2019-11-01,849.0,,0.5,22.1,0.0,22.2,1,Prophet's Birthday
2019-11-02,849.0,,3.2,22.2,2.9,22.1,1,Guru Nanak's Birthday
2019-11-03,849.0,,0.8,22.5,0.7,22.5,1,Guru Nanak's Birthday
2019-11-04,849.0,,1.2,22.7,0.9,22.9,1,Guru Nanak's Birthday
2019-11-05,849.0,,0.1,22.8,0.3,22.9,1,Guru Nanak's Birthday
2019-11-06,849.0,,2.9,23.1,2.0,23.1,1,Guru Nanak's Birthday
2019-11-07,849.0,,9.3,22.3,3.8,22.5,1,Guru Nanak's Birthday
2019-11-08,849.0,,3.6,22.5,3.2,22.7,1,Guru Nanak's Birthday
2019-11-09,849.0,,1.1,22.5,2.9,22.7,1,Guru Nanak's Birthday
2019-11-10,849.0,,0.2,22.8,0.7,22.9,1,Guru Nanak's Birthday
2019-11-11,849.0,,0.0,22.5,0.2,22.5,1,Guru Nanak's Birthday
2019-11-12,849.0,,0.2,21.9,0.0,22.2,1,Guru Nanak's Birthday
2019-11-13,849.0,,0.0,22.1,0.0,22.2,0,
2019-11-14,849.0,,0.1,21.8,0.3,21.8,0,
2019-11-15,849.0,,3.5,22.4,4.7,22.4,0,
2019-11-16,849.0,,7.4,22.3,8.1,22.5,0,
2019-11-17,849.0,,0.0,22.2,0.0,22.6,0,
2019-11-18,849.0,,0.7,22.8,1.0,23.0,0,
2019-11-19,849.0,,0.1,23.1,0.2,23.3,0,
2019-11-20,849.0,,1.2,22.7,1.9,22.8,0,
2019-11-21,849.0,,1.5,22.8,1.8,23.0,0,
2019-11-22,849.0,,0.0,22.3,0.1,22.6,0,
2019-11-23,849.0,,0.0,22.1,0.0,22.4,0,
2019-11-24,849.0,,0.0,22.2,0.0,22.4,0,
2019-11-25,849.0,,0.0,22.4,0.0,22.6,0,
2019-11-26,849.0,,0.0,21.9,0.0,21.9,0,
2019-11-27,849.0,,1.6,22.2,1.8,22.5,0,
2019-11-28,849.0,,1.2,22.8,1.0,22.8,0,
2019-11-29,849.0,,1.0,22.3,1.6,22.4,0,
2019-11-30,849.0,,1.1,22.4,0.7,22.5,0,
2019-12-01,1031.0,,19.7,20.7,20.0,21.0,0,
2019-12-02,1031.0,,8.8,21.6,7.7,21.8,0,
2019-12-03,1031.0,,0.6,21.4,0.9,21.4,0,
2019-12-04,1031.0,,0.1,21.9,0.1,22.0,0,
2019-12-05,1031.0,,0.0,20.5,0.0,20.7,0,
2019-12-06,1031.0,,0.0,21.4,0.0,21.6,0,
2019-12-07,1031.0,,0.1,20.9,0.4,21.0,0,
2019-12-08,1031.0,,1.0,21.2,0.6,21.3,0,
2019-12-09,1031.0,,0.0,21.4,0.0,21.4,0,
2019-12-10,1031.0,,0.0,21.1,0.0,21.2,0,
2019-12-11,1031.0,,0.0,21.6,0.0,21.7,0,
2019-12-12,1031.0,,0.0,21.4,0.0,21.5,0,
2019-12-13,1031.0,,0.0,21.6,0.0,21.5,0,
2019-12-14,1031.0,,13.2,21.1,14.3,21.0,0,
2019-12-15,1031.0,,1.1,22.1,2.4,22.2,1,Christmas
2019-12-16,1031.0,,0.0,21.3,0.0,21.4,1,Christmas
2019-12-17,1031.0,,0.6,22.0,0.4,22.2,1,Christmas
2019-12-18,1031.0,,0.0,21.4,0.0,21.5,1,Christmas
2019-12-19,1031.0,,0.0,21.8,0.0,21.8,1,Christmas
2019-12-20,1031.0,,0.0,21.3,0.0,21.4,1,Christmas
2019-12-21,1031.0,,0.0,21.9,0.0,22.0,1,Christmas
2019-12-22,1031.0,,0.0,22.1,0.0,22.2,1,Christmas
2019-12-23,1031.0,,0.0,21.5,0.3,21.5,1,Christmas
2019-12-24,1031.0,,0.0,22.8,0.0,22.6,1,Christmas
2019-12-25,1031.0,,3.6,22.4,3.8,22.6,1,Christmas
2019-12-26,1031.0,,1.4,22.8,0.4,23.0,0,
2019-12-27,1031.0,,0.8,23.0,0.6,23.0,0,
2019-12-28,1031.0,,0.0,22.4,0.0,22.5,0,
2019-12-29,1031.0,,0.0,22.6,0.0,22.8,0,
2019-12-30,1031.0,,0.0,21.9,0.0,21.8,0,
2019-12-31,1031.0,,2.5,22.0,0.9,22.2,0,
2020-01-01,1004.0,,0.5,22.4,0.7,22.5,0,
2020-01-02,1004.0,,1.4,22.3,1.2,22.3,0,
2020-01-03,1004.0,,0.5,23.1,0.2,23.0,0,
2020-01-04,1004.0,,0.0,23.0,0.1,23.3,0,
2020-01-05,1004.0,,0.0,22.6,0.0,22.8,0,
2020-01-06,1004.0,,0.1,23.2,0.1,23.4,0,
2020-01-07,1004.0,,0.1,23.0,0.1,23.2,0,
2020-01-08,1004.0,,0.0,22.3,0.0,22.5,0,
2020-01-09,1004.0,,0.0,22.9,0.0,22.8,0,
2020-01-10,1004.0,,0.0,23.2,0.0,23.2,0,
2020-01-11,1004.0,,0.0,21.4,0.0,21.6,0,
2020-01-12,1004.0,,0.0,21.3,0.0,21.2,0,
2020-01-13,1004.0,,0.0,21.7,0.0,21.9,0,
2020-01-14,1004.0,,0.0,22.5,0.0,22.2,0,
2020-01-15,1004.0,,0.0,21.4,0.0,21.6,0,
2020-01-16,1004.0,,0.0,21.3,0.0,21.5,1,Republic Day
2020-01-17,1004.0,,0.0,21.8,0.0,22.0,1,Republic Day
2020-01-18,1004.0,,0.0,22.6,0.0,22.7,1,Republic Day
2020-01-19,1004.0,,0.0,23.6,0.0,23.7,1,Republic Day
2020-01-20,1004.0,,0.0,23.8,0.0,23.8,1,Republic Day
2020-01-21,1004.0,,0.0,23.2,0.0,23.2,1,Republic Day
2020-01-22,1004.0,,0.0,22.8,0.0,22.9,1,Republic Day
2020-01-23,1004.0,,0.0,23.0,0.0,23.2,1,Republic Day
2020-01-24,1004.0,,0.0,22.8,0.0,23.0,1,Republic Day
2020-01-25,1004.0,,0.0,22.1,0.0,21.8,1,Republic Day
2020-01-26,1004.0,,0.0,22.5,0.0,22.3,1,Republic Day
2020-01-27,1004.0,,0.0,23.3,0.0,23.1,0,
2020-01-28,1004.0,,0.0,23.4,0.0,23.3,0,
2020-01-29,1004.0,,0.0,23.4,0.0,23.2,0,
2020-01-30,1004.0,,0.0,23.9,0.0,24.3,0,
2020-01-31,1004.0,,0.0,24.3,0.0,24.4,0,
2020-02-01,844.0,,0.0,23.7,0.0,23.9,0,
2020-02-02,844.0,,0.0,23.3,0.0,23.2,0,
2020-02-03,844.0,,0.0,23.3,0.0,22.8,0,
2020-02-04,844.0,,0.0,22.7,0.0,22.4,0,
2020-02-05,844.0,,0.0,22.8,0.0,22.6,0,
2020-02-06,844.0,,0.0,23.8,0.0,23.2,0,
2020-02-07,844.0,,0.0,23.6,0.0,23.2,0,
2020-02-08,844.0,,0.0,23.1,0.0,23.1,0,
2020-02-09,844.0,,0.0,22.5,0.0,22.3,0,
2020-02-10,844.0,,1.3,23.4,0.0,23.6,0,
2020-02-11,844.0,,0.0,23.4,0.0,23.1,0,
2020-02-12,844.0,,0.0,23.6,0.0,23.5,0,
2020-02-13,844.0,,0.0,23.6,0.0,23.6,0,
2020-02-14,844.0,,0.0,23.7,0.0,23.2,0,
2020-02-15,844.0,,0.0,24.4,0.0,24.0,0,
2020-02-16,844.0,,0.0,23.8,0.0,23.6,0,
2020-02-17,844.0,,0.0,23.1,0.0,22.9,0,
2020-02-18,844.0,,0.0,23.4,0.0,23.2,0,
2020-02-19,844.0,,0.0,23.9,0.0,23.7,0,
2020-02-20,844.0,,0.0,23.9,0.0,23.7,0,
2020-02-21,844.0,,0.0,23.6,0.0,23.7,0,
2020-02-22,844.0,,0.0,23.7,0.0,23.8,0,
2020-02-23,844.0,,0.0,24.0,0.0,24.1,0,
2020-02-24,844.0,,0.0,24.5,0.0,24.5,0,
2020-02-25,844.0,,0.0,25.1,0.0,24.9,0,
2020-02-26,844.0,,0.0,25.4,0.0,25.3,0,
2020-02-27,844.0,,0.0,25.6,0.0,25.8,0,
2020-02-28,844.0,,0.0,25.6,0.0,25.7,0,
2020-02-29,844.0,,0.0,25.5,0.0,25.9,1,Holi
2020-03-01,838.0,,0.7,25.2,3.0,25.3,1,Holi
2020-03-02,838.0,,2.8,24.1,0.2,24.4,1,Holi
2020-03-03,838.0,,0.5,24.8,0.4,24.8,1,Holi
2020-03-04,838.0,,0.0,25.1,0.0,25.2,1,Holi
2020-03-05,838.0,,0.1,25.2,0.0,25.2,1,Holi
2020-03-06,838.0,,0.3,24.8,0.1,24.9,1,Holi
2020-03-07,838.0,,1.4,24.8,0.9,25.3,1,Holi
2020-03-08,838.0,,0.1,26.0,0.0,26.2,1,Holi
2020-03-09,838.0,,0.0,26.5,0.0,26.7,1,Holi
2020-03-10,838.0,,0.5,26.8,0.6,26.7,1,Holi
2020-03-11,838.0,,0.1,26.6,0.0,26.8,0,
2020-03-12,838.0,,0.0,26.8,0.0,26.7,0,
2020-03-13,838.0,,0.0,26.8,0.0,26.6,0,
2020-03-14,838.0,,0.0,26.7,0.0,26.8,0,
2020-03-15,838.0,,0.0,27.3,0.0,27.1,0,
2020-03-16,838.0,,0.0,27.7,0.0,27.3,0,
2020-03-17,838.0,,0.0,27.8,0.0,27.7,0,
2020-03-18,838.0,,0.0,26.8,0.0,27.1,0,
2020-03-19,838.0,,0.0,27.4,0.3,27.3,0,
2020-03-20,838.0,,0.0,27.2,1.0,27.1,0,
2020-03-21,838.0,,0.0,26.7,0.0,26.7,0,
2020-03-22,838.0,,0.0,27.0,0.0,26.7,0,
2020-03-23,838.0,,3.7,26.9,1.2,26.9,1,Ram Navami
2020-03-24,838.0,,0.0,27.2,0.0,27.3,1,Ram Navami
2020-03-25,838.0,,0.0,26.6,0.0,26.7,1,Ram Navami
2020-03-26,838.0,,0.0,27.5,0.0,27.3,1,Ram Navami
2020-03-27,838.0,,0.0,26.9,0.0,26.9,1,Ram Navami
2020-03-28,838.0,,0.0,26.9,0.0,27.1,1,Ram Navami
2020-03-29,838.0,,0.0,26.8,0.0,26.9,1,Ram Navami
2020-03-30,838.0,,0.0,27.5,0.0,27.4,1,Ram Navami
2020-03-31,838.0,,0.0,27.5,0.0,27.4,1,Ram Navami
2020-04-01,835.0,,0.0,27.5,0.0,27.3,1,Ram Navami
2020-04-02,835.0,,0.0,27.7,0.0,27.5,1,Ram Navami
2020-04-03,835.0,,0.0,28.0,0.0,28.0,1,Mahavira's Birthday
2020-04-04,835.0,,0.0,28.3,0.0,28.1,1,Dr. B. R. Ambedkar's Birthday
2020-04-05,835.0,,0.0,27.8,0.0,27.7,1,Dr. B. R. Ambedkar's Birthday
2020-04-06,835.0,,0.5,26.7,0.8,27.0,1,Dr. B. R. Ambedkar's Birthday
2020-04-07,835.0,,0.5,25.5,0.9,25.5,1,Dr. B. R. Ambedkar's Birthday
2020-04-08,835.0,,1.4,24.7,1.2,24.6,1,Dr. B. R. Ambedkar's Birthday
2020-04-09,835.0,,0.0,26.8,0.1,26.4,1,Dr. B. R. Ambedkar's Birthday
2020-04-10,835.0,,0.5,26.6,0.2,26.4,1,Dr. B. R. Ambedkar's Birthday
2020-04-11,835.0,,0.2,26.4,0.0,26.2,1,Dr. B. R. Ambedkar's Birthday
2020-04-12,835.0,,0.0,27.2,0.0,27.2,1,Dr. B. R. Ambedkar's Birthday
2020-04-13,835.0,,0.0,27.8,0.0,27.5,1,Dr. B. R. Ambedkar's Birthday
2020-04-14,835.0,,0.0,27.5,0.0,27.4,1,Dr. B. R. Ambedkar's Birthday
2020-04-15,835.0,,0.0,27.5,0.0,27.3,0,
2020-04-16,835.0,,0.1,27.3,0.0,27.1,0,
2020-04-17,835.0,,0.0,28.1,0.0,28.0,0,
2020-04-18,835.0,,0.0,28.1,0.0,27.9,0,
2020-04-19,835.0,,0.0,28.7,0.0,28.4,0,
2020-04-20,835.0,,0.0,28.5,0.0,28.2,0,
2020-04-21,835.0,,0.0,28.0,0.0,27.8,0,
2020-04-22,835.0,,0.7,26.9,0.1,27.2,0,
2020-04-23,835.0,,0.1,27.5,0.0,27.9,0,
2020-04-24,835.0,,1.1,26.8,0.3,27.4,0,
2020-04-25,835.0,,12.0,25.8,11.3,26.1,0,
2020-04-26,835.0,,3.3,26.6,1.0,27.0,0,
2020-04-27,835.0,,1.0,27.3,0.8,27.5,1,Buddha Purnima
2020-04-28,835.0,,0.0,27.4,0.0,27.8,1,Buddha Purnima
2020-04-29,835.0,,0.0,26.2,0.0,26.5,1,Buddha Purnima
2020-04-30,835.0,,0.0,26.5,0.3,26.9,1,Buddha Purnima
2020-05-01,832.0,,0.1,27.2,0.3,27.4,1,Buddha Purnima
2020-05-02,832.0,,0.0,27.5,1.7,27.3,1,Buddha Purnima
2020-05-03,832.0,,0.0,28.0,0.0,28.1,1,Buddha Purnima
2020-05-04,832.0,,4.8,27.4,2.7,27.4,1,Buddha Purnima
2020-05-05,832.0,,1.5,26.8,1.2,26.6,1,Buddha Purnima
2020-05-06,832.0,,0.1,27.9,0.0,27.5,1,Buddha Purnima
2020-05-07,832.0,,18.1,26.2,15.6,26.1,1,Buddha Purnima
2020-05-08,832.0,,0.2,26.6,0.3,26.7,0,
2020-05-09,832.0,,0.0,27.3,0.0,27.3,0,
2020-05-10,832.0,,0.0,27.7,0.0,27.6,0,
2020-05-11,832.0,,1.6,26.3,0.6,26.6,0,
2020-05-12,832.0,,0.1,27.1,0.1,27.1,0,
2020-05-13,832.0,,0.0,27.2,0.0,27.2,0,
2020-05-14,832.0,,0.0,27.2,0.0,27.3,0,
2020-05-15,832.0,,0.1,27.4,0.2,27.7,1,Eid al-Fitr
2020-05-16,832.0,,3.0,25.9,1.5,26.3,1,Eid al-Fitr
2020-05-17,832.0,,3.8,25.9,2.2,26.2,1,Eid al-Fitr
2020-05-18,832.0,,2.0,25.3,1.1,25.4,1,Eid al-Fitr
2020-05-19,832.0,,1.5,25.2,1.6,25.3,1,Eid al-Fitr
2020-05-20,832.0,,0.4,25.3,0.5,25.5,1,Eid al-Fitr
2020-05-21,832.0,,0.0,25.7,0.0,26.0,1,Eid al-Fitr
2020-05-22,832.0,,0.0,26.6,0.0,26.9,1,Eid al-Fitr
2020-05-23,832.0,,0.0,26.6,0.0,27.0,1,Eid al-Fitr
2020-05-24,832.0,,0.2,26.8,0.0,27.1,1,Eid al-Fitr
2020-05-25,832.0,,0.3,27.5,1.2,27.5,1,Eid al-Fitr
2020-05-26,832.0,,1.0,26.8,0.9,27.0,0,
2020-05-27,832.0,,1.5,26.5,3.2,26.5,0,
2020-05-28,832.0,,0.1,26.4,0.4,26.5,0,
2020-05-29,832.0,,1.7,25.9,7.1,26.0,0,
2020-05-30,832.0,,2.1,24.9,0.9,25.2,0,
2020-05-31,832.0,,7.6,25.1,3.5,25.1,0,
2020-06-01,916.0,,3.8,24.6,5.6,24.7,0,
2020-06-02,916.0,,5.0,23.4,1.0,23.6,0,
2020-06-03,916.0,,1.0,23.1,0.5,23.5,0,
2020-06-04,916.0,,2.6,24.0,0.5,24.2,0,
2020-06-05,916.0,,0.1,24.0,0.1,24.3,0,
2020-06-06,916.0,,9.2,23.9,9.3,24.2,0,
2020-06-07,916.0,,1.2,23.6,0.2,23.9,0,
2020-06-08,916.0,,1.0,24.6,1.1,24.8,0,
2020-06-09,916.0,,0.5,24.3,0.2,24.4,0,
2020-06-10,916.0,,1.1,23.8,1.1,24.0,0,
2020-06-11,916.0,,7.5,23.5,5.4,23.6,0,
2020-06-12,916.0,,1.3,23.0,1.5,23.2,0,
2020-06-13,916.0,,3.2,23.6,3.3,23.8,0,
2020-06-14,916.0,,1.3,24.1,1.6,24.4,0,
2020-06-15,916.0,,0.3,24.4,0.7,24.6,0,
2020-06-16,916.0,,0.5,24.0,0.6,24.2,0,
2020-06-17,916.0,,1.9,23.2,1.5,23.3,0,
2020-06-18,916.0,,0.3,23.7,0.9,24.0,0,
2020-06-19,916.0,,1.4,24.0,2.5,24.2,0,
2020-06-20,916.0,,0.0,24.5,0.1,24.8,0,
2020-06-21,916.0,,1.5,23.4,2.2,23.8,0,
2020-06-22,916.0,,1.4,23.6,2.6,23.7,0,
2020-06-23,916.0,,0.3,24.4,0.0,24.7,0,
2020-06-24,916.0,,8.2,23.3,8.1,23.7,0,
2020-06-25,916.0,,6.1,23.8,16.1,24.1,0,
2020-06-26,916.0,,7.9,24.0,12.5,24.2,0,
2020-06-27,916.0,,6.9,23.5,3.4,23.6,0,
2020-06-28,916.0,,18.8,23.2,10.5,23.4,0,
2020-06-29,916.0,,22.3,23.4,19.9,23.6,0,
2020-06-30,916.0,,11.4,23.3,18.0,23.6,0,
2020-07-01,888.0,,2.7,23.0,4.1,23.2,0,
2020-07-02,888.0,,3.4,22.6,2.4,22.9,0,
2020-07-03,888.0,,15.1,22.4,23.3,22.5,0,
2020-07-04,888.0,,7.2,22.1,5.7,22.4,0,
2020-07-05,888.0,,1.2,23.1,1.3,23.4,0,
2020-07-06,888.0,,4.8,23.0,4.0,23.0,0,
2020-07-07,888.0,,5.9,23.0,3.5,23.3,0,
2020-07-08,888.0,,3.5,23.0,5.5,23.3,0,
2020-07-09,888.0,,12.0,21.9,13.0,22.1,0,
2020-07-10,888.0,,4.5,22.2,1.7,22.4,0,
2020-07-11,888.0,,13.3,22.9,9.7,23.1,0,
2020-07-12,888.0,,2.7,23.0,2.0,23.3,0,
2020-07-13,888.0,,9.1,22.4,9.9,22.7,0,
2020-07-14,888.0,,4.9,22.4,5.4,22.5,0,
2020-07-15,888.0,,10.2,22.0,8.3,22.1,0,
2020-07-16,888.0,,14.5,22.0,13.0,22.2,0,
2020-07-17,888.0,,15.3,22.1,13.2,22.2,0,
2020-07-18,888.0,,4.3,22.8,7.5,22.9,0,
2020-07-19,888.0,,18.1,22.6,9.3,22.8,0,
2020-07-20,888.0,,11.8,22.8,17.1,22.9,0,
2020-07-21,888.0,,1.5,23.7,1.1,24.0,0,
2020-07-22,888.0,,5.4,24.3,6.2,24.4,1,Eid al-Adha
2020-07-23,888.0,,10.5,23.0,12.5,23.2,1,Eid al-Adha
2020-07-24,888.0,,33.3,22.7,42.6,23.0,1,Eid al-Adha
2020-07-25,888.0,,2.2,22.3,3.1,22.5,1,Eid al-Adha
2020-07-26,888.0,,1.9,22.6,1.1,22.9,1,Eid al-Adha
2020-07-27,888.0,,5.6,22.5,2.8,22.6,1,Eid al-Adha
2020-07-28,888.0,,12.3,22.8,6.8,22.9,1,Eid al-Adha
2020-07-29,888.0,,10.5,22.3,8.9,22.6,1,Eid al-Adha
2020-07-30,888.0,,5.7,22.8,3.1,23.0,1,Eid al-Adha
2020-07-31,888.0,,14.5,22.7,11.0,22.9,1,Eid al-Adha
2020-08-01,981.0,,1.9,22.3,2.4,22.5,1,Eid al-Adha
2020-08-02,981.0,,20.7,21.5,23.9,21.7,1,Janmashtami (Vaishnava)
2020-08-03,981.0,,18.8,21.7,13.7,22.2,1,Janmashtami (Vaishnava)
2020-08-04,981.0,,18.2,21.6,10.7,22.0,1,Janmashtami (Vaishnava)
2020-08-05,981.0,,13.6,22.2,8.7,22.4,1,Independence Day
2020-08-06,981.0,,10.8,22.6,5.7,22.9,1,Independence Day
2020-08-07,981.0,,2.7,22.5,3.5,22.8,1,Independence Day
2020-08-08,981.0,,4.3,22.2,4.2,22.5,1,Independence Day
2020-08-09,981.0,,15.3,21.7,10.1,21.8,1,Independence Day
2020-08-10,981.0,,9.2,21.1,11.4,21.3,1,Independence Day
2020-08-11,981.0,,2.0,22.5,1.3,22.7,1,Independence Day
2020-08-12,981.0,,1.5,22.8,0.8,22.9,1,Independence Day
2020-08-13,981.0,,0.0,22.8,0.2,22.8,1,Independence Day
2020-08-14,981.0,,0.0,22.6,0.0,22.8,1,Independence Day
2020-08-15,981.0,,0.2,22.5,0.0,22.6,1,Independence Day
2020-08-16,981.0,,4.0,22.2,2.4,22.4,0,
2020-08-17,981.0,,1.9,22.4,1.0,22.6,0,
2020-08-18,981.0,,2.3,22.6,2.9,22.7,0,
2020-08-19,981.0,,0.7,22.8,0.1,22.9,0,
2020-08-20,981.0,,2.1,22.0,0.9,22.2,1,Ashura
2020-08-21,981.0,,0.0,22.7,0.6,22.8,1,Ashura
2020-08-22,981.0,,1.9,23.0,1.8,23.2,1,Ashura
2020-08-23,981.0,,0.6,23.3,1.1,23.4,1,Ashura
2020-08-24,981.0,,0.3,23.3,0.2,23.6,1,Ashura
2020-08-25,981.0,,0.0,23.3,0.1,23.6,1,Ashura
2020-08-26,981.0,,0.0,23.4,0.0,23.5,1,Ashura
2020-08-27,981.0,,0.0,23.3,0.0,23.5,1,Ashura
2020-08-28,981.0,,0.0,23.2,0.2,23.4,1,Ashura
2020-08-29,981.0,,1.1,23.1,0.8,23.3,1,Ashura
2020-08-30,981.0,,1.1,23.4,1.4,23.6,1,Ashura
2020-08-31,981.0,,7.8,23.1,2.5,23.4,0,
2020-09-01,1034.0,,12.0,22.9,6.0,23.2,0,
2020-09-02,1034.0,,30.1,22.3,27.6,22.4,0,
2020-09-03,1034.0,,27.0,22.7,24.8,22.7,0,
2020-09-04,1034.0,,6.8,23.5,5.2,23.8,0,
2020-09-05,1034.0,,9.8,23.6,10.2,23.6,0,
2020-09-06,1034.0,,13.3,23.8,10.4,23.8,0,
2020-09-07,1034.0,,10.1,23.1,12.7,23.2,0,
2020-09-08,1034.0,,21.4,23.1,15.3,23.5,0,
2020-09-09,1034.0,,17.5,23.0,16.2,23.0,0,
2020-09-10,1034.0,,16.4,22.5,10.8,22.7,0,
2020-09-11,1034.0,,7.7,22.4,5.4,22.4,0,
2020-09-12,1034.0,,12.1,22.1,15.1,22.2,0,
2020-09-13,1034.0,,13.5,21.4,18.9,21.6,0,
2020-09-14,1034.0,,0.4,21.8,0.9,21.7,0,
2020-09-15,1034.0,,6.7,22.2,10.0,22.3,0,
2020-09-16,1034.0,,3.7,22.4,6.2,22.6,0,
2020-09-17,1034.0,,4.2,22.6,5.9,22.7,0,
2020-09-18,1034.0,,0.3,22.7,0.2,22.9,0,
2020-09-19,1034.0,,17.3,21.8,13.9,21.9,0,
2020-09-20,1034.0,,71.9,21.2,53.4,21.4,0,
2020-09-21,1034.0,,25.0,21.1,22.4,21.2,0,
2020-09-22,1034.0,,0.1,22.1,0.0,22.4,1,Mahatma Gandhi's Birthday
2020-09-23,1034.0,,0.1,22.5,0.2,22.6,1,Mahatma Gandhi's Birthday
2020-09-24,1034.0,,2.3,22.9,2.5,23.1,1,Mahatma Gandhi's Birthday
2020-09-25,1034.0,,4.4,22.8,4.3,22.9,1,Mahatma Gandhi's Birthday
2020-09-26,1034.0,,2.5,21.9,2.9,22.0,1,Mahatma Gandhi's Birthday
2020-09-27,1034.0,,2.3,22.1,2.5,22.2,1,Mahatma Gandhi's Birthday
2020-09-28,1034.0,,1.3,22.1,1.9,22.3,1,Mahatma Gandhi's Birthday
2020-09-29,1034.0,,8.9,22.2,13.1,22.4,1,Mahatma Gandhi's Birthday
2020-09-30,1034.0,,1.5,22.0,0.5,22.1,1,Mahatma Gandhi's Birthday
2020-10-01,1118.0,,0.0,21.8,0.0,22.0,1,Mahatma Gandhi's Birthday
2020-10-02,1118.0,,1.0,22.5,0.9,22.7,1,Mahatma Gandhi's Birthday
2020-10-03,1118.0,,5.1,22.3,2.9,22.6,0,
2020-10-04,1118.0,,1.5,21.7,1.4,22.0,0,
2020-10-05,1118.0,,0.8,22.2,1.0,22.5,0,
2020-10-06,1118.0,,0.9,22.8,1.6,23.1,0,
2020-10-07,1118.0,,0.6,23.4,2.2,23.6,0,
2020-10-08,1118.0,,0.3,23.6,0.8,23.8,0,
2020-10-09,1118.0,,0.0,23.5,0.3,23.8,0,
2020-10-10,1118.0,,12.5,23.0,8.8,23.0,0,
2020-10-11,1118.0,,2.4,22.1,4.9,22.2,0,
2020-10-12,1118.0,,24.4,21.4,36.9,21.6,0,
2020-10-13,1118.0,,3.0,21.7,3.8,21.9,0,
2020-10-14,1118.0,,9.1,20.9,3.5,21.2,0,
2020-10-15,1118.0,,0.6,22.4,0.0,22.5,1,Dussehra
2020-10-16,1118.0,,0.0,22.3,0.1,22.4,1,Dussehra
2020-10-17,1118.0,,0.5,22.5,0.1,22.7,1,Dussehra
2020-10-18,1118.0,,4.5,22.7,11.8,22.8,1,Dussehra
2020-10-19,1118.0,,5.8,22.6,5.9,22.8,1,Dussehra
2020-10-20,1118.0,,11.5,22.2,9.8,22.4,1,Dussehra
2020-10-21,1118.0,,12.0,21.6,9.3,21.9,1,Dussehra
2020-10-22,1118.0,,6.0,21.8,4.5,22.1,1,Dussehra
2020-10-23,1118.0,,12.4,21.9,10.9,22.2,1,Dussehra
2020-10-24,1118.0,,15.2,21.5,6.7,21.6,1,Dussehra
2020-10-25,1118.0,,13.7,21.6,15.7,21.7,1,Dussehra
2020-10-26,1118.0,,4.2,22.5,1.8,22.4,1,Prophet's Birthday
2020-10-27,1118.0,,0.3,22.4,0.3,22.2,1,Prophet's Birthday
2020-10-28,1118.0,,0.0,21.8,0.0,21.5,1,Prophet's Birthday
2020-10-29,1118.0,,0.2,21.8,0.1,21.8,1,Prophet's Birthday
2020-10-30,1118.0,,0.5,22.3,0.3,22.5,1,Prophet's Birthday
2020-10-31,1118.0,,1.2,22.2,1.2,22.4,0,
2020-11-01,1369.0,,0.9,22.9,0.6,23.1,0,
2020-11-02,1369.0,,0.4,23.3,0.7,23.4,0,
2020-11-03,1369.0,,0.1,23.4,0.5,23.4,0,
2020-11-04,1369.0,,1.8,23.1,3.9,23.1,1,Diwali (Deepavali)
2020-11-05,1369.0,,2.4,22.9,4.4,23.1,1,Diwali (Deepavali)
2020-11-06,1369.0,,1.1,22.8,2.1,22.7,1,Diwali (Deepavali)
2020-11-07,1369.0,,0.5,23.0,1.3,23.0,1,Diwali (Deepavali)
2020-11-08,1369.0,,0.2,22.9,0.3,22.8,1,Diwali (Deepavali)
2020-11-09,1369.0,,0.4,22.2,0.2,22.2,1,Diwali (Deepavali)
2020-11-10,1369.0,,0.0,19.9,0.0,19.9,1,Diwali (Deepavali)
2020-11-11,1369.0,,0.0,20.1,0.0,20.3,1,Diwali (Deepavali)
2020-11-12,1369.0,,3.7,21.7,7.0,21.8,1,Diwali (Deepavali)
2020-11-13,1369.0,,15.2,22.4,15.0,22.5,1,Diwali (Deepavali)
2020-11-14,1369.0,,0.3,22.7,0.1,22.8,1,Diwali (Deepavali)
2020-11-15,1369.0,,4.9,21.6,7.3,21.6,0,
2020-11-16,1369.0,,8.7,21.9,13.0,22.0,0,
2020-11-17,1369.0,,0.9,22.1,1.5,22.1,0,
2020-11-18,1369.0,,0.3,22.6,0.2,22.6,0,
2020-11-19,1369.0,,0.0,22.4,0.0,22.4,0,
2020-11-20,1369.0,,0.0,21.8,0.0,21.8,1,Guru Nanak's Birthday
2020-11-21,1369.0,,0.0,20.3,0.0,20.4,1,Guru Nanak's Birthday
2020-11-22,1369.0,,0.0,20.5,0.0,20.3,1,Guru Nanak's Birthday
2020-11-23,1369.0,,0.0,21.1,0.0,20.9,1,Guru Nanak's Birthday
2020-11-24,1369.0,,0.0,21.5,0.0,21.4,1,Guru Nanak's Birthday
2020-11-25,1369.0,,0.0,21.5,0.0,21.4,1,Guru Nanak's Birthday
2020-11-26,1369.0,,1.4,20.7,1.1,20.7,1,Guru Nanak's Birthday
2020-11-27,1369.0,,0.0,20.3,0.0,20.4,1,Guru Nanak's Birthday
2020-11-28,1369.0,,0.1,21.3,0.5,21.2,1,Guru Nanak's Birthday
2020-11-29,1369.0,,0.4,21.9,0.3,22.0,1,Guru Nanak's Birthday
2020-11-30,1369.0,,0.0,22.8,0.0,22.6,1,Guru Nanak's Birthday
2020-12-01,1465.0,,0.0,21.3,0.0,21.3,0,
2020-12-02,1465.0,,0.0,20.8,0.0,20.8,0,
2020-12-03,1465.0,,0.0,20.9,0.3,20.7,0,
2020-12-04,1465.0,,1.6,21.8,1.8,21.8,0,
2020-12-05,1465.0,,1.5,21.4,2.2,21.6,0,
2020-12-06,1465.0,,2.1,21.1,2.4,21.3,0,
2020-12-07,1465.0,,5.3,21.7,7.7,21.8,0,
2020-12-08,1465.0,,10.5,21.7,9.4,21.8,0,
2020-12-09,1465.0,,0.4,21.9,0.1,21.9,0,
2020-12-10,1465.0,,0.0,21.5,0.0,21.5,0,
2020-12-11,1465.0,,0.0,20.9,0.0,20.7,0,
2020-12-12,1465.0,,0.0,20.4,0.0,20.1,0,
2020-12-13,1465.0,,0.0,19.9,0.0,19.6,0,
2020-12-14,1465.0,,0.0,20.5,0.0,20.4,0,
2020-12-15,1465.0,,0.0,20.3,0.0,20.3,1,Christmas
2020-12-16,1465.0,,0.0,21.4,0.0,21.5,1,Christmas
2020-12-17,1465.0,,0.6,21.9,1.1,22.0,1,Christmas
2020-12-18,1465.0,,0.0,22.1,0.0,22.2,1,Christmas
2020-12-19,1465.0,,0.0,21.2,0.0,21.3,1,Christmas
2020-12-20,1465.0,,0.0,20.6,0.0,20.7,1,Christmas
2020-12-21,1465.0,,0.0,19.6,0.0,19.8,1,Christmas
2020-12-22,1465.0,,0.0,19.7,0.0,19.6,1,Christmas
2020-12-23,1465.0,,0.0,21.1,0.0,21.1,1,Christmas
2020-12-24,1465.0,,0.0,22.5,0.0,22.5,1,Christmas
2020-12-25,1465.0,,0.0,22.0,0.0,21.9,1,Christmas
2020-12-26,1465.0,,0.0,20.6,0.0,20.4,0,
2020-12-27,1465.0,,0.0,20.7,0.0,20.5,0,
2020-12-28,1465.0,,0.0,20.7,0.0,20.4,0,
2020-12-29,1465.0,,0.0,22.3,0.0,22.0,0,
2020-12-30,1465.0,,0.0,23.6,0.2,23.5,0,
2020-12-31,1465.0,,3.2,22.0,3.0,22.3,0,
2021-01-01,1463.0,,0.0,21.1,0.0,21.4,0,
2021-01-02,1463.0,,0.1,20.7,0.1,21.0,0,
2021-01-03,1463.0,,1.9,21.9,1.4,22.1,0,
2021-01-04,1463.0,,1.3,21.7,1.8,21.9,0,
2021-01-05,1463.0,,0.0,22.9,0.0,22.8,0,
2021-01-06,1463.0,,11.2,22.0,11.1,22.0,0,
2021-01-07,1463.0,,2.6,22.0,3.2,22.2,0,
2021-01-08,1463.0,,17.5,22.0,10.0,22.1,0,
2021-01-09,1463.0,,1.1,22.1,1.2,22.1,0,
2021-01-10,1463.0,,0.1,22.1,0.0,22.2,0,
2021-01-11,1463.0,,0.0,22.2,0.0,22.2,0,
2021-01-12,1463.0,,0.0,20.8,0.0,21.0,0,
2021-01-13,1463.0,,0.0,21.4,0.0,21.7,0,
2021-01-14,1463.0,,0.1,21.3,0.0,21.5,0,
2021-01-15,1463.0,,0.0,22.2,0.0,22.2,0,
2021-01-16,1463.0,,0.3,22.3,0.1,22.3,1,Republic Day
2021-01-17,1463.0,,0.0,22.6,0.0,22.4,1,Republic Day
2021-01-18,1463.0,,0.0,21.3,0.0,21.1,1,Republic Day
2021-01-19,1463.0,,0.0,20.8,0.0,20.9,1,Republic Day
2021-01-20,1463.0,,0.0,21.6,0.0,21.1,1,Republic Day
2021-01-21,1463.0,,0.0,22.2,0.0,22.4,1,Republic Day
2021-01-22,1463.0,,0.0,22.8,0.0,22.6,1,Republic Day
2021-01-23,1463.0,,0.0,22.7,0.0,22.6,1,Republic Day
2021-01-24,1463.0,,0.0,21.7,0.0,21.8,1,Republic Day
2021-01-25,1463.0,,0.0,21.3,0.0,21.1,1,Republic Day
2021-01-26,1463.0,,0.0,21.1,0.0,21.1,1,Republic Day
2021-01-27,1463.0,,0.0,21.2,0.0,21.2,0,
2021-01-28,1463.0,,0.0,20.9,0.0,21.0,0,
2021-01-29,1463.0,,0.0,21.5,0.0,21.5,0,
2021-01-30,1463.0,,0.0,22.1,0.0,22.4,0,
2021-01-31,1463.0,,0.0,23.5,0.0,23.5,0,
2021-02-01,1445.0,,0.0,22.4,0.0,22.3,0,
2021-02-02,1445.0,,0.0,21.4,0.0,21.4,0,
2021-02-03,1445.0,,0.0,22.2,0.0,22.4,0,
2021-02-04,1445.0,,0.0,22.1,0.0,21.9,0,
2021-02-05,1445.0,,0.0,22.2,0.0,22.0,0,
2021-02-06,1445.0,,0.0,22.1,0.0,21.8,0,
2021-02-07,1445.0,,0.0,21.3,0.0,21.4,0,
2021-02-08,1445.0,,0.0,20.9,0.0,21.2,0,
2021-02-09,1445.0,,0.0,20.8,0.0,20.9,0,
2021-02-10,1445.0,,0.0,20.8,0.0,20.8,0,
2021-02-11,1445.0,,0.0,20.8,0.0,20.9,0,
2021-02-12,1445.0,,0.0,21.4,0.0,21.3,0,
2021-02-13,1445.0,,0.0,21.5,0.0,21.2,0,
2021-02-14,1445.0,,0.0,21.8,0.0,21.9,0,
2021-02-15,1445.0,,0.0,22.4,0.0,22.6,0,
2021-02-16,1445.0,,0.0,22.7,0.0,22.8,0,
2021-02-17,1445.0,,0.0,23.4,0.1,23.4,0,
2021-02-18,1445.0,,3.6,22.4,2.7,22.4,0,
2021-02-19,1445.0,,13.9,20.0,7.6,20.2,0,
2021-02-20,1445.0,,5.1,19.2,4.2,19.4,0,
2021-02-21,1445.0,,8.2,19.4,12.3,19.5,0,
2021-02-22,1445.0,,2.2,21.0,1.5,21.2,0,
2021-02-23,1445.0,,0.5,22.2,0.0,22.2,0,
2021-02-24,1445.0,,0.0,22.8,0.0,22.8,0,
2021-02-25,1445.0,,0.0,23.4,0.0,23.2,0,
2021-02-26,1445.0,,0.0,24.0,0.0,24.0,0,
2021-02-27,1445.0,,0.0,24.6,0.0,24.4,0,
2021-02-28,1445.0,,0.0,24.9,0.0,24.4,0,
2021-03-01,1541.0,,0.0,24.2,0.0,23.8,0,
2021-03-02,1541.0,,0.0,23.6,0.0,23.9,0,
2021-03-03,1541.0,,0.0,24.0,0.0,24.1,0,
2021-03-04,1541.0,,0.0,23.0,0.0,23.1,0,
2021-03-05,1541.0,,0.0,23.1,0.0,22.7,0,
2021-03-06,1541.0,,0.0,23.3,0.0,23.4,0,
2021-03-07,1541.0,,0.0,24.9,0.0,24.7,0,
2021-03-08,1541.0,,0.0,24.4,0.0,24.2,0,
2021-03-09,1541.0,,0.0,24.4,0.0,24.8,0,
2021-03-10,1541.0,,0.0,23.9,0.0,24.1,0,
2021-03-11,1541.0,,0.0,24.7,0.0,25.1,0,
2021-03-12,1541.0,,0.0,24.6,0.0,25.0,0,
2021-03-13,1541.0,,0.0,23.8,0.0,23.9,0,
2021-03-14,1541.0,,0.0,24.3,0.0,24.5,0,
2021-03-15,1541.0,,0.0,24.5,0.0,24.5,0,
2021-03-16,1541.0,,0.0,25.3,0.0,24.8,0,
2021-03-17,1541.0,,0.0,25.2,0.0,25.3,0,
2021-03-18,1541.0,,0.0,25.3,0.0,25.1,0,
2021-03-19,1541.0,,0.0,24.6,0.0,24.8,1,Holi
2021-03-20,1541.0,,0.0,24.8,0.0,24.6,1,Holi
2021-03-21,1541.0,,0.0,25.1,0.0,25.2,1,Holi
2021-03-22,1541.0,,0.0,25.8,0.0,26.0,1,Holi
2021-03-23,1541.0,,0.0,26.5,0.0,26.3,1,Holi
2021-03-24,1541.0,,0.0,26.9,0.0,27.0,1,Holi
2021-03-25,1541.0,,0.0,26.5,0.0,26.9,1,Holi
2021-03-26,1541.0,,0.0,27.3,0.0,27.3,1,Holi
2021-03-27,1541.0,,0.0,27.2,0.0,27.5,1,Holi
2021-03-28,1541.0,,0.0,26.7,0.0,26.9,1,Holi
2021-03-29,1541.0,,0.0,26.7,0.0,26.9,1,Holi
2021-03-30,1541.0,,0.1,26.9,0.0,27.2,1,Good Friday
2021-03-31,1541.0,,0.0,27.6,0.0,27.9,1,Good Friday
2021-04-01,1660.0,,0.0,26.7,0.0,27.1,1,Good Friday
2021-04-02,1660.0,,0.0,27.0,0.0,26.9,1,Good Friday
2021-04-03,1660.0,,0.0,26.5,0.0,26.8,0,
2021-04-04,1660.0,,0.2,26.9,0.1,27.1,1,Dr. B. R. Ambedkar's Birthday
2021-04-05,1660.0,,0.0,27.3,0.0,27.3,1,Dr. B. R. Ambedkar's Birthday
2021-04-06,1660.0,,0.0,28.3,0.0,28.4,1,Dr. B. R. Ambedkar's Birthday
2021-04-07,1660.0,,0.0,27.7,0.0,28.2,1,Dr. B. R. Ambedkar's Birthday
2021-04-08,1660.0,,0.1,27.3,0.0,27.4,1,Dr. B. R. Ambedkar's Birthday
2021-04-09,1660.0,,0.0,27.3,0.0,27.3,1,Dr. B. R. Ambedkar's Birthday
2021-04-10,1660.0,,0.0,27.4,0.0,27.6,1,Dr. B. R. Ambedkar's Birthday
2021-04-11,1660.0,,0.0,27.1,0.0,27.3,1,Dr. B. R. Ambedkar's Birthday
2021-04-12,1660.0,,0.5,27.1,1.6,27.1,1,Dr. B. R. Ambedkar's Birthday
2021-04-13,1660.0,,0.0,26.6,0.2,26.7,1,Dr. B. R. Ambedkar's Birthday
2021-04-14,1660.0,,16.9,24.2,17.0,24.1,1,Dr. B. R. Ambedkar's Birthday
2021-04-15,1660.0,,7.2,23.9,7.0,24.0,1,Ram Navami
2021-04-16,1660.0,,0.6,25.0,0.8,25.1,1,Ram Navami
2021-04-17,1660.0,,0.0,26.0,0.0,26.4,1,Ram Navami
2021-04-18,1660.0,,0.6,25.7,0.3,26.0,1,Ram Navami
2021-04-19,1660.0,,0.8,25.5,1.2,25.9,1,Ram Navami
2021-04-20,1660.0,,3.5,25.0,6.3,25.0,1,Ram Navami
2021-04-21,1660.0,,12.1,24.5,13.3,24.9,1,Ram Navami
2021-04-22,1660.0,,3.0,25.4,1.5,25.7,1,Mahavira's Birthday
2021-04-23,1660.0,,7.4,24.4,9.5,24.3,1,Mahavira's Birthday
2021-04-24,1660.0,,4.0,24.7,3.1,24.9,1,Mahavira's Birthday
2021-04-25,1660.0,,0.1,26.1,0.1,26.1,1,Mahavira's Birthday
2021-04-26,1660.0,,1.2,26.5,0.7,26.7,0,
2021-04-27,1660.0,,0.2,26.3,0.1,26.4,0,
2021-04-28,1660.0,,0.0,26.6,0.5,26.6,0,
2021-04-29,1660.0,,2.6,25.1,3.0,25.4,0,
2021-04-30,1660.0,,0.0,26.6,0.0,26.5,0,
2021-05-01,1715.0,,0.7,25.6,0.7,25.7,0,
2021-05-02,1715.0,,0.0,26.2,0.0,26.3,0,
2021-05-03,1715.0,,10.0,25.0,15.7,25.1,0,
2021-05-04,1715.0,,4.2,25.0,4.4,25.2,1,Eid al-Fitr
2021-05-05,1715.0,,1.5,26.0,2.6,26.3,1,Eid al-Fitr
2021-05-06,1715.0,,0.2,26.5,1.8,27.0,1,Eid al-Fitr
2021-05-07,1715.0,,6.5,25.2,4.6,25.6,1,Eid al-Fitr
2021-05-08,1715.0,,1.6,26.0,0.5,26.3,1,Eid al-Fitr
2021-05-09,1715.0,,0.3,26.1,0.2,26.6,1,Eid al-Fitr
2021-05-10,1715.0,,39.2,24.6,5.9,25.1,1,Eid al-Fitr
2021-05-11,1715.0,,5.6,24.6,6.3,25.0,1,Eid al-Fitr
2021-05-12,1715.0,,10.2,24.5,14.4,24.9,1,Eid al-Fitr
2021-05-13,1715.0,,7.8,24.3,6.5,24.7,1,Eid al-Fitr
2021-05-14,1715.0,,5.2,25.0,14.9,25.0,1,Eid al-Fitr
2021-05-15,1715.0,,15.5,22.4,16.6,22.4,0,
2021-05-16,1715.0,,12.4,22.5,20.9,22.3,1,Buddha Purnima
2021-05-17,1715.0,,12.3,23.7,9.9,23.7,1,Buddha Purnima
2021-05-18,1715.0,,3.2,23.9,2.6,24.0,1,Buddha Purnima
2021-05-19,1715.0,,10.8,23.7,7.8,23.8,1,Buddha Purnima
2021-05-20,1715.0,,2.9,23.9,5.7,24.1,1,Buddha Purnima
2021-05-21,1715.0,,18.1,23.1,20.7,23.2,1,Buddha Purnima
2021-05-22,1715.0,,20.9,23.1,10.6,23.2,1,Buddha Purnima
2021-05-23,1715.0,,0.1,24.2,0.0,24.2,1,Buddha Purnima
2021-05-24,1715.0,,0.1,24.3,0.1,24.4,1,Buddha Purnima
2021-05-25,1715.0,,6.1,23.6,6.3,23.7,1,Buddha Purnima
2021-05-26,1715.0,,0.8,23.9,0.9,23.9,1,Buddha Purnima
2021-05-27,1715.0,,0.0,24.3,0.0,24.3,0,
2021-05-28,1715.0,,0.7,23.7,0.4,23.6,0,
2021-05-29,1715.0,,2.0,23.7,0.8,23.9,0,
2021-05-30,1715.0,,1.3,24.0,1.4,24.2,0,
2021-05-31,1715.0,,0.9,24.2,0.2,24.4,0,
2021-06-01,1671.0,,0.7,24.8,0.2,24.9,0,
2021-06-02,1671.0,,12.4,25.1,51.2,24.8,0,
2021-06-03,1671.0,,30.5,23.5,97.4,23.8,0,
2021-06-04,1671.0,,22.5,23.3,10.6,23.3,0,
2021-06-05,1671.0,,8.2,23.0,4.3,23.1,0,
2021-06-06,1671.0,,2.0,23.2,2.9,23.4,0,
2021-06-07,1671.0,,0.5,23.6,0.5,23.9,0,
2021-06-08,1671.0,,0.5,23.4,0.3,23.5,0,
2021-06-09,1671.0,,11.3,22.5,17.6,22.5,0,
2021-06-10,1671.0,,0.9,23.2,0.6,23.4,0,
2021-06-11,1671.0,,0.1,23.3,0.0,23.4,0,
2021-06-12,1671.0,,9.6,22.9,7.4,23.2,0,
2021-06-13,1671.0,,15.6,21.3,9.3,21.7,0,
2021-06-14,1671.0,,24.0,20.9,16.8,21.1,0,
2021-06-15,1671.0,,4.3,22.4,3.0,22.7,0,
2021-06-16,1671.0,,3.1,22.6,2.4,22.8,0,
2021-06-17,1671.0,,1.4,22.7,0.7,23.0,0,
2021-06-18,1671.0,,1.1,22.7,1.4,22.9,0,
2021-06-19,1671.0,,1.9,22.1,0.7,22.5,0,
2021-06-20,1671.0,,1.0,22.2,0.3,22.6,0,
2021-06-21,1671.0,,1.0,23.1,0.7,23.1,0,
2021-06-22,1671.0,,0.8,22.9,0.5,23.1,0,
2021-06-23,1671.0,,0.0,23.3,0.1,23.6,0,
2021-06-24,1671.0,,0.5,23.2,0.9,23.4,0,
2021-06-25,1671.0,,0.0,23.3,0.0,23.6,0,
2021-06-26,1671.0,,4.8,22.6,4.0,22.6,0,
2021-06-27,1671.0,,0.1,22.5,0.4,22.7,0,
2021-06-28,1671.0,,3.4,22.9,2.3,23.2,0,
2021-06-29,1671.0,,0.1,24.1,0.1,24.3,0,
2021-06-30,1671.0,,1.2,24.7,0.4,25.0,0,
2021-07-01,1584.0,,5.3,23.8,6.5,24.0,0,
2021-07-02,1584.0,,4.3,23.4,1.9,24.0,0,
2021-07-03,1584.0,,9.5,23.1,9.9,23.6,0,
2021-07-04,1584.0,,3.5,23.3,7.4,23.6,0,
2021-07-05,1584.0,,3.2,23.3,0.9,23.8,0,
2021-07-06,1584.0,,4.6,23.5,5.3,23.9,0,
2021-07-07,1584.0,,2.5,23.5,11.1,23.7,0,
2021-07-08,1584.0,,3.6,23.2,5.4,23.5,0,
2021-07-09,1584.0,,9.4,22.6,15.4,22.9,0,
2021-07-10,1584.0,,3.2,22.1,3.4,22.4,0,
2021-07-11,1584.0,,0.8,22.6,0.1,22.9,1,Eid al-Adha
2021-07-12,1584.0,,6.2,22.6,3.3,23.0,1,Eid al-Adha
2021-07-13,1584.0,,9.4,21.8,9.5,22.0,1,Eid al-Adha
2021-07-14,1584.0,,19.7,21.5,14.3,21.8,1,Eid al-Adha
2021-07-15,1584.0,,21.8,21.1,11.2,21.5,1,Eid al-Adha
2021-07-16,1584.0,,32.0,21.4,34.3,21.6,1,Eid al-Adha
2021-07-17,1584.0,,15.0,22.7,16.5,22.9,1,Eid al-Adha
2021-07-18,1584.0,,36.8,21.3,34.2,21.6,1,Eid al-Adha
2021-07-19,1584.0,,3.3,22.2,2.5,22.6,1,Eid al-Adha
2021-07-20,1584.0,,1.5,22.4,0.5,22.6,1,Eid al-Adha
2021-07-21,1584.0,,6.1,21.8,3.8,22.0,1,Eid al-Adha
2021-07-22,1584.0,,17.9,20.9,14.4,21.2,0,
2021-07-23,1584.0,,7.4,21.8,7.4,22.1,0,
2021-07-24,1584.0,,1.6,22.9,1.1,23.1,0,
2021-07-25,1584.0,,1.5,23.1,1.5,23.3,0,
2021-07-26,1584.0,,0.2,22.9,0.1,23.2,0,
2021-07-27,1584.0,,0.8,22.6,0.8,22.8,0,
2021-07-28,1584.0,,0.5,22.8,0.8,23.0,0,
2021-07-29,1584.0,,0.7,22.6,0.7,22.8,0,
2021-07-30,1584.0,,0.6,22.9,0.8,23.0,0,
2021-07-31,1584.0,,0.6,23.0,0.4,23.4,0,
2021-08-01,1494.0,,0.2,23.0,0.2,23.1,0,
2021-08-02,1494.0,,1.9,22.7,1.9,22.7,0,
2021-08-03,1494.0,,3.0,22.7,2.2,23.1,0,
2021-08-04,1494.0,,0.4,23.1,0.4,23.4,0,
2021-08-05,1494.0,,2.7,22.9,2.3,23.1,1,Independence Day
2021-08-06,1494.0,,2.7,23.0,1.5,23.4,1,Independence Day
2021-08-07,1494.0,,2.1,22.9,2.8,23.1,1,Independence Day
2021-08-08,1494.0,,12.5,23.1,15.1,23.4,1,Independence Day
2021-08-09,1494.0,,8.7,23.0,8.2,23.3,1,Independence Day
2021-08-10,1494.0,,1.8,22.8,4.1,23.0,1,Independence Day
2021-08-11,1494.0,,4.6,22.7,3.8,23.0,1,Independence Day
2021-08-12,1494.0,,10.2,22.3,11.8,22.4,1,Independence Day
2021-08-13,1494.0,,7.8,22.4,5.3,22.5,1,Independence Day
2021-08-14,1494.0,,1.3,22.2,1.5,22.5,1,Independence Day
2021-08-15,1494.0,,0.8,22.5,0.3,22.7,1,Independence Day
2021-08-16,1494.0,,1.3,22.3,1.1,22.6,1,Ashura
2021-08-17,1494.0,,3.2,22.1,2.1,22.4,1,Ashura
2021-08-18,1494.0,,2.5,21.7,2.8,22.3,1,Ashura
2021-08-19,1494.0,,0.3,22.5,0.3,22.9,1,Ashura
2021-08-20,1494.0,,0.7,22.7,1.6,23.0,1,Janmashtami (Vaishnava)
2021-08-21,1494.0,,6.4,22.6,2.6,22.9,1,Janmashtami (Vaishnava)
2021-08-22,1494.0,,3.1,22.9,2.0,23.2,1,Janmashtami (Vaishnava)
2021-08-23,1494.0,,9.7,22.5,7.5,22.8,1,Janmashtami (Vaishnava)
2021-08-24,1494.0,,4.4,23.0,1.7,23.2,1,Janmashtami (Vaishnava)
2021-08-25,1494.0,,2.4,23.1,3.9,23.3,1,Janmashtami (Vaishnava)
2021-08-26,1494.0,,4.7,23.1,8.7,23.3,1,Janmashtami (Vaishnava)
2021-08-27,1494.0,,11.1,22.5,6.2,22.8,1,Janmashtami (Vaishnava)
2021-08-28,1494.0,,79.2,21.5,52.8,21.8,1,Janmashtami (Vaishnava)
2021-08-29,1494.0,,23.2,21.6,22.7,21.8,1,Janmashtami (Vaishnava)
2021-08-30,1494.0,,3.8,22.0,1.5,22.2,1,Janmashtami (Vaishnava)
2021-08-31,1494.0,,1.5,22.5,2.3,22.8,0,
2021-09-01,1485.0,,0.6,22.7,0.5,23.0,0,
2021-09-02,1485.0,,14.1,22.1,12.1,22.2,0,
2021-09-03,1485.0,,6.5,22.1,3.2,22.2,0,
2021-09-04,1485.0,,19.2,21.3,15.7,21.5,0,
2021-09-05,1485.0,,19.7,21.5,18.6,21.8,0,
2021-09-06,1485.0,,7.5,21.3,6.5,21.7,0,
2021-09-07,1485.0,,5.0,21.8,5.4,22.1,0,
2021-09-08,1485.0,,1.4,22.4,1.7,22.6,0,
2021-09-09,1485.0,,0.7,23.0,1.1,23.2,0,
2021-09-10,1485.0,,0.9,22.9,0.4,22.9,0,
2021-09-11,1485.0,,2.1,22.4,2.4,22.6,0,
2021-09-12,1485.0,,2.7,22.7,2.1,22.9,0,
2021-09-13,1485.0,,1.0,23.0,0.2,23.3,0,
2021-09-14,1485.0,,0.4,22.9,0.5,23.2,0,
2021-09-15,1485.0,,1.7,22.7,1.7,22.9,0,
2021-09-16,1485.0,,1.8,23.2,1.2,23.4,0,
2021-09-17,1485.0,,0.5,22.8,0.8,23.0,0,
2021-09-18,1485.0,,0.5,23.1,0.7,23.3,0,
2021-09-19,1485.0,,0.2,23.9,0.1,24.1,0,
2021-09-20,1485.0,,0.2,23.8,0.1,24.0,0,
2021-09-21,1485.0,,1.9,22.6,1.7,23.0,0,
2021-09-22,1485.0,,2.8,22.6,1.9,22.8,1,Mahatma Gandhi's Birthday
2021-09-23,1485.0,,4.4,22.8,5.7,23.1,1,Mahatma Gandhi's Birthday
2021-09-24,1485.0,,4.7,22.9,7.6,23.2,1,Mahatma Gandhi's Birthday
2021-09-25,1485.0,,6.2,22.9,6.0,23.1,1,Mahatma Gandhi's Birthday
2021-09-26,1485.0,,0.8,22.5,1.0,22.7,1,Mahatma Gandhi's Birthday
2021-09-27,1485.0,,3.1,21.8,2.8,22.0,1,Mahatma Gandhi's Birthday
2021-09-28,1485.0,,0.6,22.6,0.2,22.8,1,Mahatma Gandhi's Birthday
2021-09-29,1485.0,,1.3,23.2,1.0,23.5,1,Mahatma Gandhi's Birthday
2021-09-30,1485.0,,6.1,23.0,0.4,23.3,1,Mahatma Gandhi's Birthday
2021-10-01,1923.0,,15.5,23.3,17.0,23.5,1,Mahatma Gandhi's Birthday
2021-10-02,1923.0,,9.4,23.6,7.7,23.7,1,Mahatma Gandhi's Birthday
2021-10-03,1923.0,,11.2,23.8,12.4,23.8,0,
2021-10-04,1923.0,,11.1,23.4,13.0,23.7,0,
2021-10-05,1923.0,,1.8,23.5,3.2,23.5,1,Dussehra
2021-10-06,1923.0,,57.7,21.1,64.8,21.2,1,Dussehra
2021-10-07,1923.0,,2.6,22.8,3.8,23.0,1,Dussehra
2021-10-08,1923.0,,17.3,23.0,11.9,22.9,1,Dussehra
2021-10-09,1923.0,,9.0,22.2,2.2,22.5,1,Dussehra
2021-10-10,1923.0,,12.8,22.6,16.4,22.5,1,Dussehra
2021-10-11,1923.0,,8.2,22.4,12.6,22.6,1,Dussehra
2021-10-12,1923.0,,19.0,22.2,22.3,22.2,1,Dussehra
2021-10-13,1923.0,,39.7,21.9,11.8,22.2,1,Dussehra
2021-10-14,1923.0,,9.2,22.3,10.4,22.4,1,Dussehra
2021-10-15,1923.0,,19.7,22.7,18.9,22.7,1,Dussehra
2021-10-16,1923.0,,8.4,23.2,7.2,23.3,1,Prophet's Birthday
2021-10-17,1923.0,,4.0,22.6,2.7,22.5,1,Prophet's Birthday
2021-10-18,1923.0,,1.7,22.8,3.2,22.7,1,Prophet's Birthday
2021-10-19,1923.0,,0.0,22.4,0.0,22.4,1,Prophet's Birthday
2021-10-20,1923.0,,0.7,23.3,2.5,22.8,0,
2021-10-21,1923.0,,12.5,22.7,8.7,22.8,0,
2021-10-22,1923.0,,5.0,22.4,1.3,22.7,0,
2021-10-23,1923.0,,20.0,21.8,46.6,22.0,0,
2021-10-24,1923.0,,19.5,21.5,22.1,21.5,0,
2021-10-25,1923.0,,1.6,22.0,1.3,22.0,1,Diwali (Deepavali)
2021-10-26,1923.0,,0.6,22.1,1.2,22.2,1,Diwali (Deepavali)
2021-10-27,1923.0,,0.0,22.3,0.0,22.2,1,Diwali (Deepavali)
2021-10-28,1923.0,,0.0,21.8,0.0,21.8,1,Diwali (Deepavali)
2021-10-29,1923.0,,11.3,21.7,19.1,21.7,1,Diwali (Deepavali)
2021-10-30,1923.0,,6.9,22.5,20.0,22.7,1,Diwali (Deepavali)
2021-10-31,1923.0,,1.6,22.3,1.6,22.3,1,Diwali (Deepavali)
2021-11-01,1961.0,,4.1,21.6,7.3,21.5,1,Diwali (Deepavali)
2021-11-02,1961.0,,2.9,22.2,3.3,22.4,1,Diwali (Deepavali)
2021-11-03,1961.0,,5.8,21.5,8.1,21.5,1,Diwali (Deepavali)
2021-11-04,1961.0,,13.3,21.3,12.2,21.6,1,Diwali (Deepavali)
2021-11-05,1961.0,,7.5,21.6,9.6,21.9,0,
2021-11-06,1961.0,,1.7,22.3,2.1,22.4,0,
2021-11-07,1961.0,,0.3,21.8,1.6,21.7,0,
2021-11-08,1961.0,,2.1,21.0,4.8,21.2,0,
2021-11-09,1961.0,,0.1,20.8,0.0,20.9,1,Guru Nanak's Birthday
2021-11-10,1961.0,,1.2,20.7,0.8,20.4,1,Guru Nanak's Birthday
2021-11-11,1961.0,,11.8,18.5,11.7,18.4,1,Guru Nanak's Birthday
2021-11-12,1961.0,,5.7,19.7,11.6,20.0,1,Guru Nanak's Birthday
2021-11-13,1961.0,,4.6,22.3,4.4,22.3,1,Guru Nanak's Birthday
2021-11-14,1961.0,,13.6,21.9,17.4,21.8,1,Guru Nanak's Birthday
2021-11-15,1961.0,,8.5,22.1,15.5,22.2,1,Guru Nanak's Birthday
2021-11-16,1961.0,,16.6,21.5,11.2,21.5,1,Guru Nanak's Birthday
2021-11-17,1961.0,,12.6,22.1,19.2,21.9,1,Guru Nanak's Birthday
2021-11-18,1961.0,,8.1,20.7,10.0,20.5,1,Guru Nanak's Birthday
2021-11-19,1961.0,,49.1,20.3,55.1,20.5,1,Guru Nanak's Birthday
2021-11-20,1961.0,,10.2,21.9,24.9,22.0,0,
2021-11-21,1961.0,,0.4,22.5,0.5,22.5,0,
2021-11-22,1961.0,,9.4,21.8,18.6,22.1,0,
2021-11-23,1961.0,,1.2,22.2,0.7,22.3,0,
2021-11-24,1961.0,,4.2,21.7,9.0,21.7,0,
2021-11-25,1961.0,,0.1,21.8,0.0,22.0,0,
2021-11-26,1961.0,,0.0,21.4,0.0,21.7,0,
2021-11-27,1961.0,,0.0,20.8,0.3,20.9,0,
2021-11-28,1961.0,,6.0,21.0,9.3,21.2,0,
2021-11-29,1961.0,,2.8,21.5,3.1,21.6,0,
2021-11-30,1961.0,,1.7,21.5,2.0,21.6,0,
2021-12-01,1696.0,,1.8,22.1,1.7,22.1,0,
2021-12-02,1696.0,,14.2,22.1,9.1,22.3,0,
2021-12-03,1696.0,,1.7,21.9,2.1,21.9,0,
2021-12-04,1696.0,,2.7,21.4,2.6,21.4,0,
2021-12-05,1696.0,,1.9,21.7,1.9,21.8,0,
2021-12-06,1696.0,,1.9,21.2,2.8,21.4,0,
2021-12-07,1696.0,,0.0,21.7,0.0,21.7,0,
2021-12-08,1696.0,,0.0,21.7,0.0,21.8,0,
2021-12-09,1696.0,,0.7,21.6,1.0,21.8,0,
2021-12-10,1696.0,,0.6,21.4,0.3,21.6,0,
2021-12-11,1696.0,,1.7,20.9,1.4,21.1,0,
2021-12-12,1696.0,,0.7,21.6,1.3,21.7,0,
2021-12-13,1696.0,,0.5,20.8,0.7,20.9,0,
2021-12-14,1696.0,,1.2,20.8,1.1,21.0,0,
2021-12-15,1696.0,,0.0,21.0,0.0,21.0,1,Christmas
2021-12-16,1696.0,,0.0,20.3,0.0,20.4,1,Christmas
2021-12-17,1696.0,,0.0,20.1,0.0,20.1,1,Christmas
2021-12-18,1696.0,,0.0,19.5,0.0,19.6,1,Christmas
2021-12-19,1696.0,,0.0,18.2,0.0,18.4,1,Christmas
2021-12-20,1696.0,,0.0,18.2,0.0,18.4,1,Christmas
2021-12-21,1696.0,,0.0,18.7,0.0,18.8,1,Christmas
2021-12-22,1696.0,,0.0,19.8,0.0,19.8,1,Christmas
2021-12-23,1696.0,,0.0,19.7,0.0,20.0,1,Christmas
2021-12-24,1696.0,,0.0,20.0,0.0,20.0,1,Christmas
2021-12-25,1696.0,,0.0,20.1,0.0,20.2,1,Christmas
2021-12-26,1696.0,,0.0,20.8,0.0,20.3,0,
2021-12-27,1696.0,,0.0,20.6,0.0,20.4,0,
2021-12-28,1696.0,,0.0,20.0,0.0,19.9,0,
2021-12-29,1696.0,,0.0,20.2,0.0,20.0,0,
2021-12-30,1696.0,,0.0,20.9,0.0,20.9,0,
2021-12-31,1696.0,,0.8,21.3,1.0,21.4,0,
2022-01-01,2016.0,,0.5,21.6,0.3,21.7,0,
2022-01-02,2016.0,,0.0,21.7,0.0,21.7,0,
2022-01-03,2016.0,,0.0,21.2,0.0,21.0,0,
2022-01-04,2016.0,,0.0,20.2,0.0,20.1,0,
2022-01-05,2016.0,,0.0,20.0,0.0,19.7,0,
2022-01-06,2016.0,,0.0,20.9,0.0,20.6,0,
2022-01-07,2016.0,,0.1,21.8,0.1,21.5,0,
2022-01-08,2016.0,,0.0,22.0,0.1,21.3,0,
2022-01-09,2016.0,,0.2,21.8,0.0,21.2,0,
2022-01-10,2016.0,,0.5,22.2,0.0,22.1,0,
2022-01-11,2016.0,,0.8,22.4,0.3,22.5,0,
2022-01-12,2016.0,,0.0,21.7,0.0,21.8,0,
2022-01-13,2016.0,,0.0,21.1,0.0,21.3,0,
2022-01-14,2016.0,,0.0,20.9,0.0,20.9,0,
2022-01-15,2016.0,,0.0,21.3,0.0,21.3,0,
2022-01-16,2016.0,,0.3,21.9,0.4,21.9,1,Republic Day
2022-01-17,2016.0,,0.3,22.2,0.0,21.9,1,Republic Day
2022-01-18,2016.0,,0.0,21.4,0.0,21.4,1,Republic Day
2022-01-19,2016.0,,0.0,20.8,0.0,20.9,1,Republic Day
2022-01-20,2016.0,,0.0,22.1,0.0,21.5,1,Republic Day
2022-01-21,2016.0,,0.0,22.6,0.0,22.3,1,Republic Day
2022-01-22,2016.0,,0.0,22.5,0.0,22.2,1,Republic Day
2022-01-23,2016.0,,0.0,21.3,0.0,21.4,1,Republic Day
2022-01-24,2016.0,,0.0,20.4,0.0,20.3,1,Republic Day
2022-01-25,2016.0,,0.0,20.6,0.0,20.4,1,Republic Day
2022-01-26,2016.0,,0.0,21.7,0.0,21.7,1,Republic Day
2022-01-27,2016.0,,0.0,21.8,0.4,21.9,0,
2022-01-28,2016.0,,3.0,21.7,2.0,22.0,0,
2022-01-29,2016.0,,0.0,21.7,0.0,21.9,0,
2022-01-30,2016.0,,0.2,22.3,0.0,22.5,0,
2022-01-31,2016.0,,0.0,23.7,0.0,23.4,0,
2022-02-01,2148.0,,0.0,23.6,0.0,23.6,0,
2022-02-02,2148.0,,0.0,23.6,0.0,23.1,0,
2022-02-03,2148.0,,0.0,23.5,0.0,22.9,0,
2022-02-04,2148.0,,0.0,22.4,0.0,22.3,0,
2022-02-05,2148.0,,0.0,23.0,0.0,22.6,0,
2022-02-06,2148.0,,0.0,22.9,0.0,22.6,0,
2022-02-07,2148.0,,0.0,23.0,0.0,23.1,0,
2022-02-08,2148.0,,0.0,23.3,0.0,22.8,0,
2022-02-09,2148.0,,0.0,22.9,0.0,22.5,0,
2022-02-10,2148.0,,0.0,23.1,0.0,22.8,0,
2022-02-11,2148.0,,0.0,22.9,0.0,22.9,0,
2022-02-12,2148.0,,0.0,22.9,0.0,22.8,0,
2022-02-13,2148.0,,0.0,22.9,0.0,22.8,0,
2022-02-14,2148.0,,0.0,23.3,0.0,23.0,0,
2022-02-15,2148.0,,0.0,23.4,0.0,23.1,0,
2022-02-16,2148.0,,0.0,23.5,0.0,23.3,0,
2022-02-17,2148.0,,0.0,24.3,0.0,24.1,0,
2022-02-18,2148.0,,0.0,24.1,0.0,24.0,0,
2022-02-19,2148.0,,0.0,23.9,0.0,23.6,1,Maha Shivaratri
2022-02-20,2148.0,,0.0,23.7,0.0,23.6,1,Maha Shivaratri
2022-02-21,2148.0,,0.0,24.3,0.0,24.2,1,Maha Shivaratri
2022-02-22,2148.0,,0.0,25.2,0.0,24.7,1,Maha Shivaratri
2022-02-23,2148.0,,0.0,24.8,0.0,24.6,1,Maha Shivaratri
2022-02-24,2148.0,,0.0,23.3,0.0,23.3,1,Maha Shivaratri
2022-02-25,2148.0,,0.0,23.4,0.0,23.4,1,Maha Shivaratri
2022-02-26,2148.0,,0.0,23.4,0.0,22.8,1,Maha Shivaratri
2022-02-27,2148.0,,0.0,23.4,0.0,23.1,1,Maha Shivaratri
2022-02-28,2148.0,,0.0,23.5,0.0,23.2,1,Maha Shivaratri
2022-03-01,2230.0,,0.0,24.4,0.0,24.2,1,Maha Shivaratri
2022-03-02,2230.0,,0.0,24.5,0.0,24.2,0,
2022-03-03,2230.0,,0.0,24.3,0.0,24.2,0,
2022-03-04,2230.0,,0.0,24.6,0.0,24.3,0,
2022-03-05,2230.0,,0.0,24.5,0.0,24.4,0,
2022-03-06,2230.0,,0.0,24.4,0.0,24.4,0,
2022-03-07,2230.0,,0.1,23.5,1.3,23.3,0,
2022-03-08,2230.0,,0.0,25.0,0.2,24.9,1,Holi
2022-03-09,2230.0,,0.0,26.1,0.0,25.8,1,Holi
2022-03-10,2230.0,,0.0,26.2,0.0,26.3,1,Holi
2022-03-11,2230.0,,0.0,26.0,0.0,25.9,1,Holi
2022-03-12,2230.0,,0.0,26.4,0.0,26.2,1,Holi
2022-03-13,2230.0,,0.0,26.4,0.0,26.2,1,Holi
2022-03-14,2230.0,,0.0,27.0,0.0,26.7,1,Holi
2022-03-15,2230.0,,0.0,26.5,0.0,26.3,1,Holi
2022-03-16,2230.0,,0.0,25.7,0.0,25.6,1,Holi
2022-03-17,2230.0,,0.0,26.8,0.0,26.9,1,Holi
2022-03-18,2230.0,,0.0,26.3,0.0,26.4,1,Holi
2022-03-19,2230.0,,0.0,24.7,0.4,25.2,0,
2022-03-20,2230.0,,1.4,24.9,0.1,25.4,0,
2022-03-21,2230.0,,0.0,25.9,0.0,26.1,0,
2022-03-22,2230.0,,0.3,25.7,0.1,26.1,0,
2022-03-23,2230.0,,0.0,27.0,0.0,27.0,0,
2022-03-24,2230.0,,1.3,25.7,0.0,26.3,0,
2022-03-25,2230.0,,0.6,25.8,0.3,26.1,0,
2022-03-26,2230.0,,0.0,26.5,0.0,27.0,0,
2022-03-27,2230.0,,0.0,27.0,0.0,27.3,0,
2022-03-28,2230.0,,0.0,27.5,0.0,27.8,0,
2022-03-29,2230.0,,0.1,27.1,0.0,27.7,0,
2022-03-30,2230.0,,0.0,27.2,0.0,27.4,0,
2022-03-31,2230.0,,0.0,27.1,0.0,27.2,0,
2022-04-01,2095.0,,0.0,27.1,0.0,27.2,0,
2022-04-02,2095.0,,0.0,26.5,0.0,26.4,0,
2022-04-03,2095.0,,0.0,27.0,0.0,26.8,0,
2022-04-04,2095.0,,0.0,26.6,0.0,25.9,1,Dr. B. R. Ambedkar's Birthday; Mahavira's Birthday
2022-04-05,2095.0,,0.0,27.0,0.0,26.9,1,Dr. B. R. Ambedkar's Birthday; Mahavira's Birthday
2022-04-06,2095.0,,0.0,26.7,0.0,26.6,1,Dr. B. R. Ambedkar's Birthday; Mahavira's Birthday
2022-04-07,2095.0,,0.0,27.2,0.0,26.8,1,Dr. B. R. Ambedkar's Birthday; Mahavira's Birthday
2022-04-08,2095.0,,0.0,27.4,0.0,27.4,1,Dr. B. R. Ambedkar's Birthday; Mahavira's Birthday
2022-04-09,2095.0,,0.0,26.8,0.0,27.4,1,Dr. B. R. Ambedkar's Birthday; Mahavira's Birthday
2022-04-10,2095.0,,0.0,26.5,0.0,27.1,1,Dr. B. R. Ambedkar's Birthday; Mahavira's Birthday
2022-04-11,2095.0,,0.0,27.1,0.0,27.3,1,Dr. B. R. Ambedkar's Birthday; Mahavira's Birthday
2022-04-12,2095.0,,0.0,27.9,0.0,27.8,1,Dr. B. R. Ambedkar's Birthday; Mahavira's Birthday
2022-04-13,2095.0,,2.8,25.8,9.8,25.7,1,Dr. B. R. Ambedkar's Birthday; Mahavira's Birthday
2022-04-14,2095.0,,0.0,24.9,0.2,25.1,1,Dr. B. R. Ambedkar's Birthday; Mahavira's Birthday
2022-04-15,2095.0,,7.8,24.9,2.5,25.3,1,Good Friday
2022-04-16,2095.0,,12.3,24.2,11.6,24.5,0,
2022-04-17,2095.0,,12.7,23.4,10.3,23.6,0,
2022-04-18,2095.0,,9.3,24.2,9.2,24.5,0,
2022-04-19,2095.0,,0.4,25.2,0.1,25.3,0,
2022-04-20,2095.0,,0.0,27.1,0.0,26.9,0,
2022-04-21,2095.0,,0.0,26.9,0.0,26.9,0,
2022-04-22,2095.0,,0.0,26.7,0.0,26.6,0,
2022-04-23,2095.0,,0.0,25.8,0.0,25.9,1,Eid al-Fitr
2022-04-24,2095.0,,0.0,26.2,0.0,26.7,1,Eid al-Fitr
2022-04-25,2095.0,,0.5,26.7,0.0,27.0,1,Eid al-Fitr
2022-04-26,2095.0,,0.0,27.5,0.0,27.9,1,Eid al-Fitr
2022-04-27,2095.0,,0.0,28.4,0.0,28.3,1,Eid al-Fitr
2022-04-28,2095.0,,0.1,27.7,0.0,27.9,1,Eid al-Fitr
2022-04-29,2095.0,,0.0,27.6,0.0,28.2,1,Eid al-Fitr
2022-04-30,2095.0,,0.3,27.1,0.0,27.3,1,Eid al-Fitr
2022-05-01,1813.0,,0.0,27.0,0.1,27.2,1,Eid al-Fitr
2022-05-02,1813.0,,0.0,26.6,0.0,26.8,1,Eid al-Fitr
2022-05-03,1813.0,,0.0,26.3,0.1,26.3,1,Eid al-Fitr
2022-05-04,1813.0,,10.5,25.6,15.5,25.4,0,
2022-05-05,1813.0,,0.4,24.8,0.9,25.1,0,
2022-05-06,1813.0,,6.3,24.4,2.4,24.4,1,Buddha Purnima
2022-05-07,1813.0,,0.0,25.5,0.1,25.8,1,Buddha Purnima
2022-05-08,1813.0,,0.1,25.9,0.0,26.3,1,Buddha Purnima
2022-05-09,1813.0,,3.4,25.1,0.5,25.6,1,Buddha Purnima
2022-05-10,1813.0,,4.3,23.9,3.4,24.2,1,Buddha Purnima
2022-05-11,1813.0,,4.3,22.4,3.9,22.6,1,Buddha Purnima
2022-05-12,1813.0,,3.6,23.2,1.7,23.4,1,Buddha Purnima
2022-05-13,1813.0,,3.7,23.3,11.0,23.2,1,Buddha Purnima
2022-05-14,1813.0,,6.0,23.7,6.0,23.8,1,Buddha Purnima
2022-05-15,1813.0,,1.5,23.9,3.6,23.8,1,Buddha Purnima
2022-05-16,1813.0,,27.7,23.7,26.1,23.7,1,Buddha Purnima
2022-05-17,1813.0,,9.9,22.9,13.4,23.2,0,
2022-05-18,1813.0,,62.8,21.7,57.8,21.9,0,
2022-05-19,1813.0,,13.4,21.1,9.2,21.4,0,
2022-05-20,1813.0,,0.1,22.3,0.1,22.6,0,
2022-05-21,1813.0,,0.0,22.2,0.0,22.5,0,
2022-05-22,1813.0,,12.8,22.7,5.5,22.8,0,
2022-05-23,1813.0,,0.1,24.3,0.1,24.5,0,
2022-05-24,1813.0,,0.2,24.4,0.0,24.7,0,
2022-05-25,1813.0,,0.6,24.4,0.4,24.6,0,
2022-05-26,1813.0,,0.2,24.3,0.2,24.5,0,
2022-05-27,1813.0,,0.1,23.5,0.3,23.7,0,
2022-05-28,1813.0,,0.9,23.2,1.4,23.6,0,
2022-05-29,1813.0,,0.5,23.7,0.7,24.0,0,
2022-05-30,1813.0,,2.6,24.0,2.0,24.3,0,
2022-05-31,1813.0,,3.5,23.9,1.9,24.1,0,
2022-06-01,1701.0,,8.1,23.3,5.1,23.6,0,
2022-06-02,1701.0,,11.1,23.6,6.3,23.8,0,
2022-06-03,1701.0,,2.2,23.7,5.9,23.8,0,
2022-06-04,1701.0,,1.3,24.8,3.0,25.1,0,
2022-06-05,1701.0,,6.8,24.2,8.6,24.3,0,
2022-06-06,1701.0,,8.0,23.5,10.3,23.7,0,
2022-06-07,1701.0,,8.2,23.4,11.2,23.6,0,
2022-06-08,1701.0,,1.0,23.7,0.1,23.9,0,
2022-06-09,1701.0,,0.2,24.0,0.3,24.2,0,
2022-06-10,1701.0,,0.6,23.6,1.0,23.8,0,
2022-06-11,1701.0,,1.2,23.4,5.5,23.4,0,
2022-06-12,1701.0,,6.5,22.9,6.3,23.0,0,
2022-06-13,1701.0,,2.8,23.5,2.2,23.6,0,
2022-06-14,1701.0,,4.3,23.5,6.8,23.8,0,
2022-06-15,1701.0,,1.9,23.0,1.1,23.1,0,
2022-06-16,1701.0,,13.8,23.1,11.5,23.2,0,
2022-06-17,1701.0,,17.5,23.5,10.6,23.4,0,
2022-06-18,1701.0,,19.8,22.6,11.4,22.5,0,
2022-06-19,1701.0,,3.7,22.5,7.8,22.4,0,
2022-06-20,1701.0,,6.3,23.1,8.0,23.3,0,
2022-06-21,1701.0,,9.4,21.9,6.6,22.3,0,
2022-06-22,1701.0,,1.5,22.4,3.1,22.6,0,
2022-06-23,1701.0,,3.6,22.6,2.3,22.7,0,
2022-06-24,1701.0,,0.3,22.3,0.4,22.5,0,
2022-06-25,1701.0,,2.4,22.4,5.3,22.5,0,
2022-06-26,1701.0,,1.6,22.9,1.3,23.1,0,
2022-06-27,1701.0,,0.6,22.9,1.1,23.1,0,
2022-06-28,1701.0,,2.1,22.9,1.2,23.0,0,
2022-06-29,1701.0,,5.8,22.8,6.1,22.8,0,
2022-06-30,1701.0,,5.3,22.9,9.4,22.9,1,Eid al-Adha
2022-07-01,1541.0,,1.8,23.1,2.0,23.3,1,Eid al-Adha
2022-07-02,1541.0,,1.9,23.4,0.8,23.5,1,Eid al-Adha
2022-07-03,1541.0,,1.1,23.4,1.2,23.4,1,Eid al-Adha
2022-07-04,1541.0,,17.1,21.6,12.0,21.7,1,Eid al-Adha
2022-07-05,1541.0,,30.3,21.2,20.1,21.6,1,Eid al-Adha
2022-07-06,1541.0,,15.3,22.0,7.4,22.1,1,Eid al-Adha
2022-07-07,1541.0,,7.1,21.7,8.2,21.9,1,Eid al-Adha
2022-07-08,1541.0,,10.7,21.6,6.8,21.8,1,Eid al-Adha
2022-07-09,1541.0,,19.1,20.9,12.8,21.1,1,Eid al-Adha
2022-07-10,1541.0,,15.3,21.2,9.4,21.3,1,Eid al-Adha
2022-07-11,1541.0,,15.1,20.6,9.0,20.7,0,
2022-07-12,1541.0,,0.7,21.9,0.2,22.1,0,
2022-07-13,1541.0,,4.1,21.6,1.8,22.1,0,
2022-07-14,1541.0,,5.5,21.8,3.0,22.2,0,
2022-07-15,1541.0,,2.5,22.5,1.3,22.9,0,
2022-07-16,1541.0,,16.2,22.4,21.5,22.7,0,
2022-07-17,1541.0,,6.5,22.7,6.3,22.7,0,
2022-07-18,1541.0,,4.5,22.1,1.9,22.3,0,
2022-07-19,1541.0,,11.0,22.1,6.6,22.4,0,
2022-07-20,1541.0,,6.5,22.5,11.1,22.6,0,
2022-07-21,1541.0,,4.1,22.5,5.9,22.7,0,
2022-07-22,1541.0,,3.8,21.8,5.3,21.9,0,
2022-07-23,1541.0,,1.8,22.3,1.6,22.4,0,
2022-07-24,1541.0,,2.7,22.4,0.7,22.6,0,
2022-07-25,1541.0,,0.7,22.7,0.4,22.8,0,
2022-07-26,1541.0,,5.3,22.3,3.4,22.5,0,
2022-07-27,1541.0,,14.5,22.2,13.5,22.4,0,
2022-07-28,1541.0,,4.4,22.6,3.3,22.8,0,
2022-07-29,1541.0,,7.5,22.9,5.4,23.4,0,
2022-07-30,1541.0,,13.6,23.0,16.6,23.4,1,Ashura
2022-07-31,1541.0,,9.5,22.7,7.0,23.0,1,Ashura
2022-08-01,1385.0,,14.5,22.2,20.3,22.3,1,Ashura
2022-08-02,1385.0,,18.1,22.1,22.0,22.3,1,Ashura
2022-08-03,1385.0,,19.7,21.9,25.1,22.1,1,Ashura
2022-08-04,1385.0,,16.3,21.8,21.1,22.0,1,Ashura
2022-08-05,1385.0,,35.8,21.2,25.5,21.4,1,Independence Day
2022-08-06,1385.0,,7.6,21.8,7.8,22.0,1,Independence Day
2022-08-07,1385.0,,19.8,21.4,17.4,21.7,1,Independence Day
2022-08-08,1385.0,,2.1,22.1,1.3,22.5,1,Independence Day
2022-08-09,1385.0,,0.6,22.2,0.4,22.4,1,Independence Day
2022-08-10,1385.0,,2.5,22.2,2.0,22.5,1,Independence Day
2022-08-11,1385.0,,1.3,22.4,0.7,22.7,1,Independence Day
2022-08-12,1385.0,,0.3,22.8,0.5,23.0,1,Independence Day
2022-08-13,1385.0,,1.2,22.6,0.4,22.8,1,Independence Day
2022-08-14,1385.0,,0.7,22.4,0.2,22.5,1,Independence Day
2022-08-15,1385.0,,0.1,22.6,0.6,22.8,1,Independence Day
2022-08-16,1385.0,,0.5,22.9,0.0,23.2,1,Janmashtami (Vaishnava)
2022-08-17,1385.0,,0.4,23.0,0.0,23.2,1,Janmashtami (Vaishnava)
2022-08-18,1385.0,,1.8,22.7,1.3,23.0,1,Janmashtami (Vaishnava)
2022-08-19,1385.0,,1.3,22.6,1.1,22.8,1,Janmashtami (Vaishnava)
2022-08-20,1385.0,,1.1,22.4,1.0,22.6,0,
2022-08-21,1385.0,,12.9,22.1,8.6,22.4,0,
2022-08-22,1385.0,,2.4,22.7,2.3,22.8,0,
2022-08-23,1385.0,,6.1,22.2,6.3,22.5,0,
2022-08-24,1385.0,,8.9,21.4,5.6,21.6,0,
2022-08-25,1385.0,,18.2,22.0,9.0,22.3,0,
2022-08-26,1385.0,,16.0,21.5,9.5,21.7,0,
2022-08-27,1385.0,,24.4,21.8,11.8,21.9,0,
2022-08-28,1385.0,,0.6,22.4,0.7,22.6,0,
2022-08-29,1385.0,,11.1,22.1,15.1,22.4,0,
2022-08-30,1385.0,,16.2,22.6,13.5,22.9,0,
2022-08-31,1385.0,,11.7,22.3,8.9,22.5,0,
2022-09-01,1248.0,,18.7,22.1,24.3,22.2,0,
2022-09-02,1248.0,,0.8,23.1,1.1,23.1,0,
2022-09-03,1248.0,,2.1,23.2,3.3,23.4,0,
2022-09-04,1248.0,,9.1,22.8,13.2,23.1,0,
2022-09-05,1248.0,,31.9,22.3,24.0,22.4,0,
2022-09-06,1248.0,,23.3,22.5,10.6,22.5,0,
2022-09-07,1248.0,,12.2,22.3,13.7,22.5,0,
2022-09-08,1248.0,,6.0,21.8,7.7,22.0,0,
2022-09-09,1248.0,,1.0,22.3,2.3,22.5,0,
2022-09-10,1248.0,,6.1,22.6,5.3,22.8,0,
2022-09-11,1248.0,,1.2,22.6,2.5,22.8,0,
2022-09-12,1248.0,,0.4,22.5,0.9,22.7,0,
2022-09-13,1248.0,,1.2,22.6,3.0,22.7,0,
2022-09-14,1248.0,,2.7,22.4,1.7,22.7,0,
2022-09-15,1248.0,,0.5,22.5,1.3,22.5,0,
2022-09-16,1248.0,,2.3,22.6,1.2,22.8,0,
2022-09-17,1248.0,,1.7,22.4,1.6,22.5,0,
2022-09-18,1248.0,,1.0,22.4,1.5,22.5,0,
2022-09-19,1248.0,,2.4,21.7,1.3,21.9,0,
2022-09-20,1248.0,,3.6,21.5,5.3,21.8,0,
2022-09-21,1248.0,,0.9,22.1,0.5,22.3,0,
2022-09-22,1248.0,,0.0,21.7,0.0,21.9,1,Mahatma Gandhi's Birthday
2022-09-23,1248.0,,3.9,21.5,2.7,21.7,1,Mahatma Gandhi's Birthday
2022-09-24,1248.0,,1.0,22.0,1.8,22.1,1,Mahatma Gandhi's Birthday
2022-09-25,1248.0,,0.8,22.5,1.2,22.7,1,Mahatma Gandhi's Birthday
2022-09-26,1248.0,,0.5,21.5,0.1,21.9,1,Mahatma Gandhi's Birthday
2022-09-27,1248.0,,0.7,22.8,0.2,23.1,1,Mahatma Gandhi's Birthday
2022-09-28,1248.0,,0.3,22.5,0.0,23.0,1,Mahatma Gandhi's Birthday
2022-09-29,1248.0,,0.0,22.5,0.0,22.7,1,Mahatma Gandhi's Birthday
2022-09-30,1248.0,,22.5,21.4,16.9,21.5,1,Mahatma Gandhi's Birthday
2022-10-01,1108.0,,5.9,21.1,7.2,21.3,1,Mahatma Gandhi's Birthday
2022-10-02,1108.0,,0.7,21.6,0.6,21.8,1,Mahatma Gandhi's Birthday
2022-10-03,1108.0,,0.3,22.3,0.3,22.6,1,Dussehra
2022-10-04,1108.0,,0.5,22.4,0.3,22.5,1,Dussehra
2022-10-05,1108.0,,0.9,22.8,0.2,23.1,1,Dussehra
2022-10-06,1108.0,,1.7,22.0,5.0,22.2,1,Prophet's Birthday
2022-10-07,1108.0,,1.4,21.7,1.6,22.0,1,Prophet's Birthday
2022-10-08,1108.0,,0.2,22.3,0.0,22.4,1,Prophet's Birthday
2022-10-09,1108.0,,21.6,21.9,12.4,22.0,1,Prophet's Birthday
2022-10-10,1108.0,,14.7,22.1,11.2,22.2,0,
2022-10-11,1108.0,,20.2,22.0,11.3,22.3,0,
2022-10-12,1108.0,,27.0,21.9,11.5,22.0,0,
2022-10-13,1108.0,,8.2,22.3,20.7,22.5,0,
2022-10-14,1108.0,,8.4,21.6,15.9,22.1,1,Diwali (Deepavali)
2022-10-15,1108.0,,4.6,22.1,6.2,22.4,1,Diwali (Deepavali)
2022-10-16,1108.0,,3.4,22.0,7.7,22.1,1,Diwali (Deepavali)
2022-10-17,1108.0,,4.2,22.2,3.5,22.2,1,Diwali (Deepavali)
2022-10-18,1108.0,,2.8,21.8,2.7,21.9,1,Diwali (Deepavali)
2022-10-19,1108.0,,15.6,21.7,17.1,21.7,1,Diwali (Deepavali)
2022-10-20,1108.0,,6.3,21.8,5.0,22.1,1,Diwali (Deepavali)
2022-10-21,1108.0,,2.9,22.2,4.8,22.1,1,Diwali (Deepavali)
2022-10-22,1108.0,,0.0,22.0,0.0,22.1,1,Diwali (Deepavali)
2022-10-23,1108.0,,0.0,20.8,0.0,20.8,1,Diwali (Deepavali)
2022-10-24,1108.0,,0.0,19.8,0.0,20.0,1,Diwali (Deepavali)
2022-10-25,1108.0,,0.0,20.5,0.0,19.8,0,
2022-10-26,1108.0,,0.0,20.8,0.0,20.3,0,
2022-10-27,1108.0,,0.0,20.5,0.0,20.3,0,
2022-10-28,1108.0,,0.0,21.1,0.0,21.0,0,
2022-10-29,1108.0,,3.2,22.3,3.9,22.5,1,Guru Nanak's Birthday
2022-10-30,1108.0,,2.0,22.1,1.2,22.4,1,Guru Nanak's Birthday
2022-10-31,1108.0,,0.0,21.5,0.0,21.7,1,Guru Nanak's Birthday
2022-11-01,1173.0,,0.1,21.0,1.3,20.9,1,Guru Nanak's Birthday
2022-11-02,1173.0,,4.8,20.9,8.9,20.9,1,Guru Nanak's Birthday
2022-11-03,1173.0,,1.1,21.5,1.2,21.6,1,Guru Nanak's Birthday
2022-11-04,1173.0,,0.7,22.0,0.8,22.0,1,Guru Nanak's Birthday
2022-11-05,1173.0,,0.9,22.3,0.0,22.4,1,Guru Nanak's Birthday
2022-11-06,1173.0,,0.5,22.1,0.6,22.2,1,Guru Nanak's Birthday
2022-11-07,1173.0,,0.0,21.8,0.0,21.6,1,Guru Nanak's Birthday
2022-11-08,1173.0,,0.0,21.5,0.0,21.7,1,Guru Nanak's Birthday
2022-11-09,1173.0,,0.0,21.1,0.0,21.5,0,
2022-11-10,1173.0,,0.0,21.3,0.0,21.8,0,
2022-11-11,1173.0,,0.2,21.8,1.3,21.8,0,
2022-11-12,1173.0,,6.7,21.3,4.4,21.4,0,
2022-11-13,1173.0,,3.4,21.9,7.1,22.0,0,
2022-11-14,1173.0,,0.8,22.1,0.4,22.4,0,
2022-11-15,1173.0,,0.6,22.3,0.8,22.2,0,
2022-11-16,1173.0,,0.1,22.3,0.1,22.4,0,
2022-11-17,1173.0,,0.0,20.8,0.0,21.0,0,
2022-11-18,1173.0,,0.0,19.5,0.0,19.5,0,
2022-11-19,1173.0,,0.0,18.7,0.0,19.0,0,
2022-11-20,1173.0,,0.0,19.4,0.0,19.3,0,
2022-11-21,1173.0,,0.0,19.9,0.0,19.8,0,
2022-11-22,1173.0,,1.1,20.7,1.4,20.7,0,
2022-11-23,1173.0,,7.8,21.1,7.0,21.0,0,
2022-11-24,1173.0,,11.9,21.7,11.6,21.7,0,
2022-11-25,1173.0,,0.0,22.3,0.0,22.3,0,
2022-11-26,1173.0,,0.0,22.1,0.0,22.1,0,
2022-11-27,1173.0,,0.0,22.3,0.0,22.2,0,
2022-11-28,1173.0,,1.1,22.4,1.6,22.3,0,
2022-11-29,1173.0,,0.0,22.5,0.0,22.4,0,
2022-11-30,1173.0,,0.0,20.7,0.0,20.9,0,
2022-12-01,1158.0,,0.0,21.3,0.0,21.2,0,
2022-12-02,1158.0,,0.1,22.3,0.0,22.4,0,
2022-12-03,1158.0,,0.1,22.7,0.0,22.7,0,
2022-12-04,1158.0,,0.0,23.0,0.0,23.1,0,
2022-12-05,1158.0,,0.0,22.6,0.0,22.6,0,
2022-12-06,1158.0,,0.4,21.5,0.3,21.7,0,
2022-12-07,1158.0,,0.0,20.6,0.0,20.5,0,
2022-12-08,1158.0,,0.0,20.6,0.0,20.8,0,
2022-12-09,1158.0,,3.7,18.3,5.3,18.2,0,
2022-12-10,1158.0,,18.7,18.6,14.0,18.5,0,
2022-12-11,1158.0,,8.3,19.1,7.1,19.4,0,
2022-12-12,1158.0,,15.3,20.5,20.7,20.5,0,
2022-12-13,1158.0,,10.2,21.0,16.0,21.0,0,
2022-12-14,1158.0,,0.4,21.1,0.3,21.2,0,
2022-12-15,1158.0,,0.0,20.5,0.0,20.5,1,Christmas
2022-12-16,1158.0,,0.0,20.2,0.0,20.1,1,Christmas
2022-12-17,1158.0,,0.0,20.7,0.0,20.7,1,Christmas
2022-12-18,1158.0,,0.0,20.8,0.0,20.9,1,Christmas
2022-12-19,1158.0,,0.0,19.9,0.0,20.5,1,Christmas
2022-12-20,1158.0,,0.0,20.2,0.0,20.4,1,Christmas
2022-12-21,1158.0,,0.0,20.0,0.0,20.3,1,Christmas
2022-12-22,1158.0,,0.0,19.3,0.0,19.6,1,Christmas
2022-12-23,1158.0,,0.0,19.3,0.0,19.6,1,Christmas
2022-12-24,1158.0,,0.0,19.0,0.0,19.5,1,Christmas
2022-12-25,1158.0,,0.1,20.2,0.8,20.1,1,Christmas
2022-12-26,1158.0,,0.4,22.6,0.5,22.7,0,
2022-12-27,1158.0,,0.2,22.2,0.6,22.4,0,
2022-12-28,1158.0,,0.0,22.1,0.0,22.3,0,
2022-12-29,1158.0,,0.0,22.3,0.0,22.4,0,
2022-12-30,1158.0,,0.0,21.4,0.0,21.4,0,
2022-12-31,1158.0,,0.0,21.1,0.0,21.1,0,
2023-01-01,1079.0,,0.0,21.0,0.0,20.9,0,
2023-01-02,1079.0,,0.0,21.6,0.0,21.6,0,
2023-01-03,1079.0,,0.0,21.0,0.0,21.2,0,
2023-01-04,1079.0,,0.0,20.7,0.0,20.9,0,
2023-01-05,1079.0,,0.0,21.1,0.0,21.2,0,
2023-01-06,1079.0,,0.0,21.2,0.0,21.2,0,
2023-01-07,1079.0,,0.0,20.7,0.0,21.0,0,
2023-01-08,1079.0,,0.0,20.4,0.0,20.6,0,
2023-01-09,1079.0,,0.0,19.4,0.0,19.5,0,
2023-01-10,1079.0,,0.0,18.7,0.0,19.3,0,
2023-01-11,1079.0,,0.0,19.1,0.0,19.1,0,
2023-01-12,1079.0,,0.0,19.6,0.0,20.3,0,
2023-01-13,1079.0,,0.0,20.4,0.0,20.2,0,
2023-01-14,1079.0,,0.0,20.5,0.0,20.5,0,
2023-01-15,1079.0,,0.0,19.7,0.0,20.1,0,
2023-01-16,1079.0,,0.0,20.6,0.0,20.6,1,Republic Day
2023-01-17,1079.0,,0.0,21.3,0.0,21.4,1,Republic Day
2023-01-18,1079.0,,0.0,20.3,0.0,20.8,1,Republic Day
2023-01-19,1079.0,,0.0,20.2,0.0,20.2,1,Republic Day
2023-01-20,1079.0,,0.0,19.8,0.0,20.0,1,Republic Day
2023-01-21,1079.0,,0.0,20.9,0.0,21.3,1,Republic Day
2023-01-22,1079.0,,0.0,21.1,0.0,21.4,1,Republic Day
2023-01-23,1079.0,,0.0,21.9,0.0,22.0,1,Republic Day
2023-01-24,1079.0,,1.6,21.8,3.0,21.8,1,Republic Day
2023-01-25,1079.0,,0.0,22.4,0.0,22.0,1,Republic Day
2023-01-26,1079.0,,0.0,21.0,0.0,20.8,1,Republic Day
2023-01-27,1079.0,,0.0,21.1,0.0,21.0,0,
2023-01-28,1079.0,,0.0,20.8,0.0,20.7,0,
2023-01-29,1079.0,,0.0,21.6,0.0,21.5,0,
2023-01-30,1079.0,,0.0,22.4,0.0,22.2,0,
2023-01-31,1079.0,,0.2,22.4,0.1,22.5,0,
2023-02-01,1087.0,,0.0,22.1,0.0,22.3,0,
2023-02-02,1087.0,,0.0,22.2,0.0,22.5,0,
2023-02-03,1087.0,,0.0,22.8,0.0,22.9,0,
2023-02-04,1087.0,,0.0,24.1,0.0,24.2,0,
2023-02-05,1087.0,,0.0,23.7,0.0,23.7,0,
2023-02-06,1087.0,,0.0,22.9,0.0,22.9,0,
2023-02-07,1087.0,,0.0,22.9,0.0,23.0,0,
2023-02-08,1087.0,,0.0,23.8,0.0,23.9,0,
2023-02-09,1087.0,,0.0,23.9,0.0,23.7,0,
2023-02-10,1087.0,,0.0,23.5,0.0,23.3,0,
2023-02-11,1087.0,,0.0,23.1,0.0,22.9,0,
2023-02-12,1087.0,,0.0,23.6,0.0,23.5,0,
2023-02-13,1087.0,,0.0,23.5,0.0,23.6,0,
2023-02-14,1087.0,,0.0,22.8,0.0,23.0,0,
2023-02-15,1087.0,,0.0,22.7,0.0,22.9,0,
2023-02-16,1087.0,,0.0,22.8,0.0,23.1,0,
2023-02-17,1087.0,,0.0,22.9,0.0,23.0,0,
2023-02-18,1087.0,,0.0,23.2,0.0,23.2,0,
2023-02-19,1087.0,,0.0,23.2,0.0,23.1,0,
2023-02-20,1087.0,,0.0,23.4,0.0,23.4,0,
2023-02-21,1087.0,,0.0,23.6,0.0,23.9,0,
2023-02-22,1087.0,,0.0,23.9,0.0,23.7,0,
2023-02-23,1087.0,,0.0,23.6,0.0,23.9,0,
2023-02-24,1087.0,,0.0,23.2,0.0,23.3,0,
2023-02-25,1087.0,,0.0,23.3,0.0,23.8,0,
2023-02-26,1087.0,,0.0,23.9,0.0,23.9,1,Holi
2023-02-27,1087.0,,0.0,23.5,0.0,23.3,1,Holi
2023-02-28,1087.0,,0.0,23.3,0.0,23.5,1,Holi
2023-03-01,1115.0,,0.0,24.6,0.0,24.6,1,Holi
2023-03-02,1115.0,,0.0,24.3,0.0,24.4,1,Holi
2023-03-03,1115.0,,0.0,24.1,0.0,24.1,1,Holi
2023-03-04,1115.0,,0.0,24.8,0.0,24.8,1,Holi
2023-03-05,1115.0,,0.0,24.9,0.0,25.1,1,Holi
2023-03-06,1115.0,,0.0,24.9,0.0,25.0,1,Holi
2023-03-07,1115.0,,0.0,24.6,0.0,24.5,1,Holi
2023-03-08,1115.0,,0.0,25.1,0.0,25.0,1,Holi
2023-03-09,1115.0,,0.0,24.1,0.0,24.1,0,
2023-03-10,1115.0,,0.0,24.0,0.0,24.0,0,
2023-03-11,1115.0,,0.0,24.8,0.0,24.7,0,
2023-03-12,1115.0,,0.0,25.1,0.0,25.1,0,
2023-03-13,1115.0,,0.0,25.5,0.0,25.8,0,
2023-03-14,1115.0,,0.0,25.9,0.0,26.2,0,
2023-03-15,1115.0,,0.0,26.2,0.1,26.9,0,
2023-03-16,1115.0,,1.2,25.6,1.0,25.7,0,
2023-03-17,1115.0,,0.0,25.7,0.7,25.6,0,
2023-03-18,1115.0,,0.0,25.3,0.0,25.2,0,
2023-03-19,1115.0,,0.2,24.3,0.4,24.5,0,
2023-03-20,1115.0,,0.0,23.7,0.0,24.0,1,Ram Navami
2023-03-21,1115.0,,0.0,23.5,0.0,23.7,1,Ram Navami
2023-03-22,1115.0,,0.0,25.3,0.0,25.4,1,Ram Navami
2023-03-23,1115.0,,0.0,26.5,0.0,26.6,1,Ram Navami
2023-03-24,1115.0,,0.0,26.6,0.0,26.4,1,Ram Navami
2023-03-25,1115.0,,0.0,26.5,0.0,26.5,1,Ram Navami
2023-03-26,1115.0,,0.0,27.1,0.0,27.2,1,Ram Navami
2023-03-27,1115.0,,0.0,26.3,0.0,26.4,1,Ram Navami
2023-03-28,1115.0,,0.0,27.3,0.0,27.3,1,Ram Navami
2023-03-29,1115.0,,0.0,27.4,2.5,27.0,1,Ram Navami
2023-03-30,1115.0,,0.0,26.5,0.0,26.2,1,Ram Navami
2023-03-31,1115.0,,0.0,27.0,0.0,27.2,1,Mahavira's Birthday
2023-04-01,1074.0,,0.0,26.6,0.0,26.8,1,Mahavira's Birthday
2023-04-02,1074.0,,0.0,26.1,0.0,26.2,1,Mahavira's Birthday
2023-04-03,1074.0,,0.0,26.4,0.0,26.5,1,Mahavira's Birthday
2023-04-04,1074.0,,0.0,25.9,0.0,25.4,1,Dr. B. R. Ambedkar's Birthday
2023-04-05,1074.0,,0.0,27.0,0.0,27.1,1,Dr. B. R. Ambedkar's Birthday
2023-04-06,1074.0,,0.1,28.0,0.0,27.7,1,Dr. B. R. Ambedkar's Birthday
2023-04-07,1074.0,,0.4,27.5,0.0,27.6,1,Dr. B. R. Ambedkar's Birthday
2023-04-08,1074.0,,0.0,27.7,0.0,27.4,1,Dr. B. R. Ambedkar's Birthday
2023-04-09,1074.0,,0.0,27.0,0.0,27.1,1,Dr. B. R. Ambedkar's Birthday
2023-04-10,1074.0,,0.0,27.7,0.0,28.0,1,Dr. B. R. Ambedkar's Birthday
2023-04-11,1074.0,,0.0,27.4,0.0,27.9,1,Dr. B. R. Ambedkar's Birthday
2023-04-12,1074.0,,0.0,27.7,0.0,27.2,1,Dr. B. R. Ambedkar's Birthday
2023-04-13,1074.0,,0.0,28.4,0.0,28.3,1,Dr. B. R. Ambedkar's Birthday
2023-04-14,1074.0,,0.0,28.3,0.0,28.3,1,Dr. B. R. Ambedkar's Birthday
2023-04-15,1074.0,,0.0,27.9,0.0,27.9,1,Eid al-Fitr
2023-04-16,1074.0,,0.0,27.7,0.0,28.0,1,Eid al-Fitr
2023-04-17,1074.0,,0.0,27.8,0.0,27.7,1,Eid al-Fitr
2023-04-18,1074.0,,0.0,27.9,0.0,28.0,1,Eid al-Fitr
2023-04-19,1074.0,,0.0,28.6,0.0,28.3,1,Eid al-Fitr
2023-04-20,1074.0,,0.0,28.2,0.0,28.4,1,Eid al-Fitr
2023-04-21,1074.0,,0.0,27.6,0.0,27.8,1,Eid al-Fitr
2023-04-22,1074.0,,0.1,27.1,0.0,27.5,1,Eid al-Fitr
2023-04-23,1074.0,,0.0,27.7,0.0,28.0,0,
2023-04-24,1074.0,,0.0,27.5,0.0,27.6,0,
2023-04-25,1074.0,,1.8,26.7,9.1,26.3,1,Buddha Purnima
2023-04-26,1074.0,,6.4,24.9,2.9,25.0,1,Buddha Purnima
2023-04-27,1074.0,,0.1,27.4,0.0,27.6,1,Buddha Purnima
2023-04-28,1074.0,,0.7,27.0,0.1,27.8,1,Buddha Purnima
2023-04-29,1074.0,,11.7,24.6,16.1,25.2,1,Buddha Purnima
2023-04-30,1074.0,,7.0,24.1,9.7,24.7,1,Buddha Purnima
2023-05-01,1048.0,,3.7,24.9,7.0,24.8,1,Buddha Purnima
2023-05-02,1048.0,,0.0,25.8,6.2,25.5,1,Buddha Purnima
2023-05-03,1048.0,,0.9,25.8,0.0,26.0,1,Buddha Purnima
2023-05-04,1048.0,,0.1,25.9,0.1,26.1,1,Buddha Purnima
2023-05-05,1048.0,,0.0,25.4,0.0,25.6,1,Buddha Purnima
2023-05-06,1048.0,,1.3,26.2,3.4,26.0,0,
2023-05-07,1048.0,,2.1,24.5,3.3,24.2,0,
2023-05-08,1048.0,,19.4,25.1,15.4,25.2,0,
2023-05-09,1048.0,,11.7,24.8,7.6,25.2,0,
2023-05-10,1048.0,,3.8,25.8,1.9,25.8,0,
2023-05-11,1048.0,,32.6,25.6,22.6,25.7,0,
2023-05-12,1048.0,,0.0,26.5,0.0,26.7,0,
2023-05-13,1048.0,,5.1,25.5,6.7,25.6,0,
2023-05-14,1048.0,,0.0,26.5,0.1,26.7,0,
2023-05-15,1048.0,,0.0,26.5,0.0,26.8,0,
2023-05-16,1048.0,,0.0,26.5,0.0,26.8,0,
2023-05-17,1048.0,,0.0,27.2,0.0,27.2,0,
2023-05-18,1048.0,,0.0,27.6,0.0,27.8,0,
2023-05-19,1048.0,,0.0,27.7,0.0,27.6,0,
2023-05-20,1048.0,,0.1,27.3,0.0,27.5,0,
2023-05-21,1048.0,,6.2,25.7,5.7,25.6,0,
2023-05-22,1048.0,,2.0,25.2,4.0,25.2,0,
2023-05-23,1048.0,,1.2,26.0,0.1,26.3,0,
2023-05-24,1048.0,,2.4,25.2,1.5,25.5,0,
2023-05-25,1048.0,,8.5,24.9,0.5,25.2,0,
2023-05-26,1048.0,,0.1,25.6,0.1,25.9,0,
2023-05-27,1048.0,,0.1,25.7,0.2,26.0,0,
2023-05-28,1048.0,,0.0,26.4,0.0,26.8,0,
2023-05-29,1048.0,,1.0,27.0,1.3,27.1,0,
2023-05-30,1048.0,,7.5,25.0,2.4,25.5,0,
2023-05-31,1048.0,,4.3,25.7,7.4,25.4,0,
2023-06-01,1013.0,,1.5,24.9,1.8,25.4,0,
2023-06-02,1013.0,,1.8,24.4,0.8,25.0,0,
2023-06-03,1013.0,,1.0,26.0,0.3,26.4,0,
2023-06-04,1013.0,,0.5,25.8,0.6,26.2,0,
2023-06-05,1013.0,,0.6,25.6,0.5,26.1,0,
2023-06-06,1013.0,,0.1,25.8,0.1,26.3,0,
2023-06-07,1013.0,,0.0,25.9,0.1,26.5,0,
2023-06-08,1013.0,,0.6,25.5,0.6,26.0,0,
2023-06-09,1013.0,,1.5,25.2,2.1,25.6,0,
2023-06-10,1013.0,,2.6,24.4,2.6,24.9,0,
2023-06-11,1013.0,,0.6,25.3,1.5,25.7,0,
2023-06-12,1013.0,,1.8,25.3,3.6,25.4,0,
2023-06-13,1013.0,,2.9,25.4,2.7,25.6,0,
2023-06-14,1013.0,,1.7,25.1,1.5,25.5,0,
2023-06-15,1013.0,,0.7,25.6,0.1,26.0,0,
2023-06-16,1013.0,,0.5,25.5,0.1,26.0,0,
2023-06-17,1013.0,,3.5,25.3,2.0,25.5,0,
2023-06-18,1013.0,,0.2,25.3,0.2,25.7,0,
2023-06-19,1013.0,,4.9,24.6,0.6,25.0,1,Eid al-Adha
2023-06-20,1013.0,,24.8,23.6,21.1,23.7,1,Eid al-Adha
2023-06-21,1013.0,,5.8,23.6,17.3,23.8,1,Eid al-Adha
2023-06-22,1013.0,,7.8,23.7,6.2,24.1,1,Eid al-Adha
2023-06-23,1013.0,,3.4,23.6,3.9,23.7,1,Eid al-Adha
2023-06-24,1013.0,,1.1,23.4,0.4,23.8,1,Eid al-Adha
2023-06-25,1013.0,,3.9,23.3,3.5,23.6,1,Eid al-Adha
2023-06-26,1013.0,,1.1,23.3,1.2,23.5,1,Eid al-Adha
2023-06-27,1013.0,,8.4,23.2,6.4,23.3,1,Eid al-Adha
2023-06-28,1013.0,,3.2,23.9,0.5,24.1,1,Eid al-Adha
2023-06-29,1013.0,,1.3,23.7,1.8,23.9,1,Eid al-Adha
2023-06-30,1013.0,,1.3,24.0,2.2,24.0,0,
2023-07-01,1047.0,,1.1,24.7,0.4,24.9,0,
2023-07-02,1047.0,,1.1,24.3,1.6,24.4,0,
2023-07-03,1047.0,,3.9,23.8,10.8,23.8,0,
2023-07-04,1047.0,,37.3,22.3,43.4,22.4,0,
2023-07-05,1047.0,,11.4,22.0,7.7,22.2,0,
2023-07-06,1047.0,,23.8,21.3,29.3,21.4,0,
2023-07-07,1047.0,,1.7,22.4,1.4,22.8,0,
2023-07-08,1047.0,,3.4,21.9,2.6,22.0,0,
2023-07-09,1047.0,,5.5,22.7,6.1,22.8,0,
2023-07-10,1047.0,,0.9,23.7,0.4,23.8,0,
2023-07-11,1047.0,,12.0,22.9,6.5,22.9,0,
2023-07-12,1047.0,,1.2,23.3,2.0,23.4,0,
2023-07-13,1047.0,,7.9,22.8,14.4,22.8,0,
2023-07-14,1047.0,,1.2,23.3,0.7,23.4,0,
2023-07-15,1047.0,,2.7,23.6,0.8,23.8,0,
2023-07-16,1047.0,,0.5,23.7,0.3,23.9,0,
2023-07-17,1047.0,,1.7,23.6,1.6,23.8,0,
2023-07-18,1047.0,,1.6,23.4,1.4,23.7,0,
2023-07-19,1047.0,,1.7,22.7,1.8,23.0,1,Ashura
2023-07-20,1047.0,,2.9,22.7,1.3,23.0,1,Ashura
2023-07-21,1047.0,,2.2,22.9,4.5,23.1,1,Ashura
2023-07-22,1047.0,,12.4,22.2,8.0,22.5,1,Ashura
2023-07-23,1047.0,,17.6,21.9,14.9,22.2,1,Ashura
2023-07-24,1047.0,,5.7,22.1,6.4,22.2,1,Ashura
2023-07-25,1047.0,,27.8,21.3,18.8,21.4,1,Ashura
2023-07-26,1047.0,,20.5,21.1,17.1,21.3,1,Ashura
2023-07-27,1047.0,,4.2,22.1,2.9,22.3,1,Ashura
2023-07-28,1047.0,,1.5,23.0,2.5,23.1,1,Ashura
2023-07-29,1047.0,,1.7,23.0,1.4,23.0,1,Ashura
2023-07-30,1047.0,,1.5,23.3,1.0,23.4,0,
2023-07-31,1047.0,,0.5,23.9,0.4,24.0,0,
2023-08-01,1099.0,,0.6,23.6,0.7,23.8,0,
2023-08-02,1099.0,,0.2,23.5,0.0,23.6,0,
2023-08-03,1099.0,,0.2,23.5,0.0,23.8,0,
2023-08-04,1099.0,,2.5,23.7,2.5,23.7,0,
2023-08-05,1099.0,,1.4,23.8,0.3,24.0,1,Independence Day
2023-08-06,1099.0,,1.2,23.7,0.9,23.9,1,Independence Day
2023-08-07,1099.0,,0.6,23.7,1.4,23.8,1,Independence Day
2023-08-08,1099.0,,1.3,23.4,1.0,23.5,1,Independence Day
2023-08-09,1099.0,,4.9,23.0,0.9,23.3,1,Independence Day
2023-08-10,1099.0,,1.0,23.4,1.6,23.8,1,Independence Day
2023-08-11,1099.0,,0.2,24.0,0.1,24.4,1,Independence Day
2023-08-12,1099.0,,0.9,24.0,0.9,24.4,1,Independence Day
2023-08-13,1099.0,,1.9,23.4,2.4,23.6,1,Independence Day
2023-08-14,1099.0,,0.6,23.2,0.0,23.6,1,Independence Day
2023-08-15,1099.0,,0.2,23.5,0.0,23.8,1,Independence Day
2023-08-16,1099.0,,1.8,23.7,0.6,24.2,0,
2023-08-17,1099.0,,1.2,23.7,0.4,24.0,0,
2023-08-18,1099.0,,1.1,23.7,0.3,24.0,0,
2023-08-19,1099.0,,5.6,22.7,8.6,22.8,0,
2023-08-20,1099.0,,0.9,23.8,1.0,24.1,0,
2023-08-21,1099.0,,1.1,24.0,0.9,24.4,0,
2023-08-22,1099.0,,0.2,24.6,0.1,25.1,0,
2023-08-23,1099.0,,0.0,24.3,0.2,24.6,0,
2023-08-24,1099.0,,2.0,23.2,1.2,23.7,0,
2023-08-25,1099.0,,0.1,23.9,0.1,24.3,0,
2023-08-26,1099.0,,4.5,23.4,6.1,23.7,0,
2023-08-27,1099.0,,19.4,22.9,10.2,23.7,0,
2023-08-28,1099.0,,11.8,23.4,4.7,24.4,1,Janmashtami (Vaishnava)
2023-08-29,1099.0,,0.2,23.6,0.5,24.3,1,Janmashtami (Vaishnava)
2023-08-30,1099.0,,1.7,23.3,1.3,24.0,1,Janmashtami (Vaishnava)
2023-08-31,1099.0,,2.1,24.2,1.6,24.6,1,Janmashtami (Vaishnava)
2023-09-01,1072.0,,3.3,24.2,1.5,24.8,1,Janmashtami (Vaishnava)
2023-09-02,1072.0,,10.7,23.8,21.8,24.1,1,Janmashtami (Vaishnava)
2023-09-03,1072.0,,0.0,23.6,0.0,24.0,1,Janmashtami (Vaishnava)
2023-09-04,1072.0,,2.0,22.5,1.0,22.9,1,Janmashtami (Vaishnava)
2023-09-05,1072.0,,10.2,22.0,6.9,22.4,1,Janmashtami (Vaishnava)
2023-09-06,1072.0,,2.3,23.4,2.9,23.8,1,Janmashtami (Vaishnava)
2023-09-07,1072.0,,0.5,23.5,2.0,24.0,1,Janmashtami (Vaishnava)
2023-09-08,1072.0,,1.2,23.6,1.9,24.0,0,
2023-09-09,1072.0,,1.5,23.8,0.8,24.4,0,
2023-09-10,1072.0,,2.3,23.4,0.9,23.9,0,
2023-09-11,1072.0,,0.3,24.1,0.5,24.4,0,
2023-09-12,1072.0,,0.5,24.3,0.6,24.6,0,
2023-09-13,1072.0,,4.6,23.3,4.3,23.5,0,
2023-09-14,1072.0,,3.6,23.2,2.0,23.5,0,
2023-09-15,1072.0,,3.7,23.4,2.6,23.7,0,
2023-09-16,1072.0,,1.2,23.8,0.8,24.1,0,
2023-09-17,1072.0,,3.8,23.5,6.2,23.6,0,
2023-09-18,1072.0,,7.5,23.3,2.7,23.5,1,Prophet's Birthday
2023-09-19,1072.0,,1.9,23.6,4.0,23.8,1,Prophet's Birthday
2023-09-20,1072.0,,1.6,23.4,0.3,23.7,1,Prophet's Birthday
2023-09-21,1072.0,,0.1,23.7,4.9,23.9,1,Prophet's Birthday
2023-09-22,1072.0,,5.1,23.7,1.7,23.8,1,Mahatma Gandhi's Birthday
2023-09-23,1072.0,,2.9,23.8,1.7,24.1,1,Mahatma Gandhi's Birthday
2023-09-24,1072.0,,2.3,23.9,1.0,23.9,1,Mahatma Gandhi's Birthday
2023-09-25,1072.0,,1.1,23.7,0.8,23.9,1,Mahatma Gandhi's Birthday
2023-09-26,1072.0,,1.9,23.4,3.4,23.5,1,Mahatma Gandhi's Birthday
2023-09-27,1072.0,,3.2,23.4,6.3,23.5,1,Mahatma Gandhi's Birthday
2023-09-28,1072.0,,8.5,23.3,15.6,23.2,1,Mahatma Gandhi's Birthday
2023-09-29,1072.0,,0.6,23.5,0.7,23.5,1,Mahatma Gandhi's Birthday
2023-09-30,1072.0,,2.0,23.4,3.6,23.6,1,Mahatma Gandhi's Birthday
2023-10-01,1046.0,,0.4,23.6,0.8,23.8,1,Mahatma Gandhi's Birthday
2023-10-02,1046.0,,0.3,24.2,0.3,24.4,1,Mahatma Gandhi's Birthday
2023-10-03,1046.0,,0.5,23.7,0.2,23.9,0,
2023-10-04,1046.0,,0.1,23.9,0.2,24.1,0,
2023-10-05,1046.0,,1.0,24.0,0.6,24.4,0,
2023-10-06,1046.0,,3.1,24.3,1.9,24.8,0,
2023-10-07,1046.0,,4.6,24.6,1.3,25.2,0,
2023-10-08,1046.0,,3.2,24.5,3.1,24.5,0,
2023-10-09,1046.0,,14.1,23.6,20.4,23.4,0,
2023-10-10,1046.0,,9.6,23.4,7.9,23.7,0,
2023-10-11,1046.0,,0.2,24.4,0.4,24.4,0,
2023-10-12,1046.0,,3.1,24.5,4.5,24.5,0,
2023-10-13,1046.0,,0.0,24.0,0.0,23.8,0,
2023-10-14,1046.0,,0.0,23.4,0.0,23.4,1,Dussehra
2023-10-15,1046.0,,0.5,23.8,0.3,23.6,1,Dussehra
2023-10-16,1046.0,,17.3,24.7,6.0,25.1,1,Dussehra
2023-10-17,1046.0,,5.9,24.2,8.0,24.5,1,Dussehra
2023-10-18,1046.0,,0.7,25.0,0.0,25.4,1,Dussehra
2023-10-19,1046.0,,0.0,24.6,0.0,25.0,1,Dussehra
2023-10-20,1046.0,,0.0,25.2,0.0,25.5,1,Dussehra
2023-10-21,1046.0,,0.0,25.3,0.3,25.5,1,Dussehra
2023-10-22,1046.0,,0.0,25.6,0.0,25.4,1,Dussehra
2023-10-23,1046.0,,0.0,25.0,0.0,24.9,1,Dussehra
2023-10-24,1046.0,,0.0,23.8,0.0,24.1,1,Dussehra
2023-10-25,1046.0,,0.0,23.7,0.0,24.4,0,
2023-10-26,1046.0,,0.0,24.3,0.0,24.1,0,
2023-10-27,1046.0,,0.0,23.7,0.0,24.3,0,
2023-10-28,1046.0,,1.3,24.5,2.9,24.9,0,
2023-10-29,1046.0,,10.4,24.0,4.9,24.2,0,
2023-10-30,1046.0,,7.1,23.0,12.8,23.2,0,
2023-10-31,1046.0,,3.3,23.0,3.6,23.2,0,
2023-11-01,1115.0,,0.0,23.9,0.0,24.0,0,
2023-11-02,1115.0,,0.0,24.2,1.6,24.1,1,Diwali (Deepavali)
2023-11-03,1115.0,,0.2,24.3,0.9,24.2,1,Diwali (Deepavali)
2023-11-04,1115.0,,3.1,23.6,3.7,23.4,1,Diwali (Deepavali)
2023-11-05,1115.0,,13.5,22.7,15.8,22.7,1,Diwali (Deepavali)
2023-11-06,1115.0,,17.1,22.6,15.0,22.7,1,Diwali (Deepavali)
2023-11-07,1115.0,,2.9,22.3,3.6,22.9,1,Diwali (Deepavali)
2023-11-08,1115.0,,6.1,22.7,3.2,22.6,1,Diwali (Deepavali)
2023-11-09,1115.0,,11.4,22.1,11.3,22.2,1,Diwali (Deepavali)
2023-11-10,1115.0,,0.5,23.0,0.4,23.2,1,Diwali (Deepavali)
2023-11-11,1115.0,,0.0,23.0,0.0,23.2,1,Diwali (Deepavali)
2023-11-12,1115.0,,0.0,21.8,0.0,22.1,1,Diwali (Deepavali)
2023-11-13,1115.0,,0.0,21.9,0.0,22.2,0,
2023-11-14,1115.0,,0.0,21.7,0.0,21.9,0,
2023-11-15,1115.0,,0.2,22.4,0.2,22.8,0,
2023-11-16,1115.0,,0.0,22.9,0.0,23.1,0,
2023-11-17,1115.0,,0.0,23.7,0.0,24.1,1,Guru Nanak's Birthday
2023-11-18,1115.0,,0.6,23.6,0.0,24.0,1,Guru Nanak's Birthday
2023-11-19,1115.0,,0.0,23.2,0.0,23.6,1,Guru Nanak's Birthday
2023-11-20,1115.0,,0.0,22.8,0.0,23.2,1,Guru Nanak's Birthday
2023-11-21,1115.0,,0.1,23.0,0.7,23.5,1,Guru Nanak's Birthday
2023-11-22,1115.0,,0.2,23.5,0.2,23.8,1,Guru Nanak's Birthday
2023-11-23,1115.0,,4.1,23.1,4.9,23.1,1,Guru Nanak's Birthday
2023-11-24,1115.0,,0.2,23.5,0.6,23.6,1,Guru Nanak's Birthday
2023-11-25,1115.0,,4.6,23.0,3.9,23.2,1,Guru Nanak's Birthday
2023-11-26,1115.0,,0.0,22.7,0.0,22.8,1,Guru Nanak's Birthday
2023-11-27,1115.0,,0.1,23.1,0.0,23.2,1,Guru Nanak's Birthday
2023-11-28,1115.0,,0.0,23.2,0.1,23.3,0,
2023-11-29,1115.0,,0.1,23.4,0.1,23.7,0,
2023-11-30,1115.0,,0.1,23.6,0.1,23.8,0,
2023-12-01,1109.0,,0.1,22.7,0.6,22.7,0,
2023-12-02,1109.0,,0.0,23.2,0.0,23.4,0,
2023-12-03,1109.0,,0.2,22.9,0.5,23.1,0,
2023-12-04,1109.0,,0.2,22.1,0.1,22.3,0,
2023-12-05,1109.0,,0.2,22.8,0.1,23.3,0,
2023-12-06,1109.0,,0.0,23.1,0.0,23.4,0,
2023-12-07,1109.0,,0.0,23.3,0.0,23.9,0,
2023-12-08,1109.0,,23.2,23.2,5.8,23.5,0,
2023-12-09,1109.0,,9.3,22.5,12.0,22.8,0,
2023-12-10,1109.0,,0.4,23.6,0.6,23.8,0,
2023-12-11,1109.0,,0.0,23.0,0.0,23.3,0,
2023-12-12,1109.0,,0.0,22.9,0.0,23.2,0,
2023-12-13,1109.0,,0.0,21.5,0.0,21.8,0,
2023-12-14,1109.0,,0.1,20.6,0.1,21.1,0,
2023-12-15,1109.0,,0.0,22.1,0.1,22.5,1,Christmas
2023-12-16,1109.0,,0.1,22.6,0.0,22.9,1,Christmas
2023-12-17,1109.0,,0.5,22.9,0.2,23.0,1,Christmas
2023-12-18,1109.0,,0.0,22.2,0.0,22.6,1,Christmas
2023-12-19,1109.0,,0.0,21.7,0.0,22.0,1,Christmas
2023-12-20,1109.0,,0.0,21.5,0.0,22.0,1,Christmas
2023-12-21,1109.0,,0.0,22.0,0.0,22.4,1,Christmas
2023-12-22,1109.0,,0.0,22.3,0.0,22.4,1,Christmas
2023-12-23,1109.0,,0.0,21.6,0.0,21.9,1,Christmas
2023-12-24,1109.0,,0.0,20.8,0.0,21.6,1,Christmas
2023-12-25,1109.0,,0.0,22.7,0.0,23.1,1,Christmas
2023-12-26,1109.0,,0.0,21.2,0.0,21.6,0,
2023-12-27,1109.0,,0.0,20.9,0.0,21.4,0,
2023-12-28,1109.0,,0.0,21.7,0.0,22.0,0,
2023-12-29,1109.0,,0.0,22.1,0.0,22.3,0,
2023-12-30,1109.0,,0.0,21.9,0.0,22.2,0,
2023-12-31,1109.0,,0.0,21.9,0.0,22.0,0,
2024-01-01,1131.0,,0.0,22.3,0.0,22.4,0,
2024-01-02,1131.0,,0.0,23.2,0.0,23.5,0,
2024-01-03,1131.0,,0.0,22.1,0.1,22.4,0,
2024-01-04,1131.0,,6.0,20.2,4.8,20.3,0,
2024-01-05,1131.0,,0.0,22.5,0.1,22.8,0,
2024-01-06,1131.0,,1.4,22.8,1.6,23.1,0,
2024-01-07,1131.0,,0.4,23.2,0.2,23.4,0,
2024-01-08,1131.0,,1.8,22.3,3.1,22.3,0,
2024-01-09,1131.0,,0.5,23.0,1.2,23.2,0,
2024-01-10,1131.0,,0.0,22.7,0.0,22.6,0,
2024-01-11,1131.0,,0.0,22.6,0.0,23.0,0,
2024-01-12,1131.0,,0.0,22.5,0.0,22.6,0,
2024-01-13,1131.0,,0.0,22.5,0.0,22.9,0,
2024-01-14,1131.0,,0.0,23.1,0.0,23.2,0,
2024-01-15,1131.0,,0.0,23.1,0.0,23.1,0,
2024-01-16,1131.0,,0.0,22.7,0.0,22.5,1,Republic Day
2024-01-17,1131.0,,0.0,22.8,0.0,22.8,1,Republic Day
2024-01-18,1131.0,,0.0,22.2,0.0,22.7,1,Republic Day
2024-01-19,1131.0,,0.0,23.0,0.0,23.3,1,Republic Day
2024-01-20,1131.0,,0.0,23.2,0.0,23.4,1,Republic Day
2024-01-21,1131.0,,0.0,23.3,0.0,23.6,1,Republic Day
2024-01-22,1131.0,,0.0,23.7,0.0,24.1,1,Republic Day
2024-01-23,1131.0,,0.0,23.9,0.0,24.2,1,Republic Day
2024-01-24,1131.0,,0.0,23.4,0.0,23.6,1,Republic Day
2024-01-25,1131.0,,0.0,23.6,0.0,24.0,1,Republic Day
2024-01-26,1131.0,,0.0,22.8,0.0,23.0,1,Republic Day
2024-01-27,1131.0,,0.0,22.1,0.0,22.4,0,
2024-01-28,1131.0,,0.0,22.9,0.0,23.0,0,
2024-01-29,1131.0,,0.0,21.9,0.0,22.1,0,
2024-01-30,1131.0,,0.0,22.2,0.0,22.5,0,
2024-01-31,1131.0,,0.0,22.6,0.0,22.9,0,
2024-02-01,1172.0,,0.0,22.9,0.0,23.2,0,
2024-02-02,1172.0,,0.0,23.1,0.0,23.3,0,
2024-02-03,1172.0,,0.0,24.3,0.0,24.7,0,
2024-02-04,1172.0,,0.0,24.3,0.0,24.5,0,
2024-02-05,1172.0,,0.0,24.0,0.0,24.3,0,
2024-02-06,1172.0,,0.0,24.6,0.0,24.8,0,
2024-02-07,1172.0,,0.0,24.8,0.0,25.0,0,
2024-02-08,1172.0,,0.0,25.5,0.0,25.2,0,
2024-02-09,1172.0,,0.0,25.4,0.0,25.4,0,
2024-02-10,1172.0,,0.0,25.3,0.0,25.1,0,
2024-02-11,1172.0,,0.0,24.6,0.0,24.6,0,
2024-02-12,1172.0,,0.0,24.3,0.0,24.4,0,
2024-02-13,1172.0,,0.0,23.7,0.0,23.9,0,
2024-02-14,1172.0,,0.0,24.8,0.0,24.9,0,
2024-02-15,1172.0,,0.0,25.0,0.0,25.1,0,
2024-02-16,1172.0,,0.0,24.6,0.0,24.6,0,
2024-02-17,1172.0,,0.0,25.1,0.0,25.2,0,
2024-02-18,1172.0,,0.0,25.5,0.0,25.8,0,
2024-02-19,1172.0,,0.0,25.9,0.0,26.0,0,
2024-02-20,1172.0,,0.0,25.7,0.0,25.9,0,
2024-02-21,1172.0,,0.0,25.7,0.0,26.3,0,
2024-02-22,1172.0,,0.0,24.9,0.0,25.1,0,
2024-02-23,1172.0,,0.0,25.3,0.0,25.7,0,
2024-02-24,1172.0,,0.0,25.7,0.0,25.8,0,
2024-02-25,1172.0,,0.1,25.5,0.0,25.8,0,
2024-02-26,1172.0,,0.0,26.2,0.0,25.9,0,
2024-02-27,1172.0,,0.0,26.1,0.0,25.9,0,
2024-02-28,1172.0,,0.0,26.2,0.0,25.8,0,
2024-02-29,1172.0,,0.0,26.1,0.0,26.0,0,
2024-03-01,1288.0,,0.0,26.2,0.0,26.2,0,
2024-03-02,1288.0,,0.0,26.3,0.0,26.2,0,
2024-03-03,1288.0,,0.0,25.8,0.0,25.7,0,
2024-03-04,1288.0,,0.0,26.7,0.0,27.0,0,
2024-03-05,1288.0,,0.0,27.5,0.0,27.7,0,
2024-03-06,1288.0,,0.9,27.5,0.0,27.6,0,
2024-03-07,1288.0,,0.0,27.0,0.0,27.1,0,
2024-03-08,1288.0,,0.0,27.3,0.0,28.0,0,
2024-03-09,1288.0,,0.0,28.0,0.0,28.1,0,
2024-03-10,1288.0,,0.0,28.1,0.0,28.3,0,
2024-03-11,1288.0,,0.0,28.4,0.0,28.3,0,
2024-03-12,1288.0,,0.0,28.2,0.0,28.5,0,
2024-03-13,1288.0,,0.0,27.7,0.0,27.8,0,
2024-03-14,1288.0,,0.0,27.6,0.0,28.0,0,
2024-03-15,1288.0,,0.0,27.5,0.0,27.8,1,Holi
2024-03-16,1288.0,,0.8,27.5,0.2,28.1,1,Holi
2024-03-17,1288.0,,0.0,28.0,0.0,28.5,1,Holi
2024-03-18,1288.0,,0.0,27.8,0.0,28.0,1,Holi
2024-03-19,1288.0,,0.0,27.6,0.0,28.0,1,Holi
2024-03-20,1288.0,,0.0,27.9,0.0,28.0,1,Holi
2024-03-21,1288.0,,0.0,27.5,0.0,27.5,1,Holi
2024-03-22,1288.0,,0.0,28.1,0.0,28.2,1,Holi
2024-03-23,1288.0,,0.0,28.4,0.0,28.5,1,Holi
2024-03-24,1288.0,,0.0,28.0,0.0,28.4,1,Holi
2024-03-25,1288.0,,0.0,28.5,0.0,28.8,1,Holi
2024-03-26,1288.0,,0.0,28.6,0.0,29.1,1,Good Friday
2024-03-27,1288.0,,0.0,28.4,0.0,28.8,1,Good Friday
2024-03-28,1288.0,,0.0,28.0,0.0,28.3,1,Good Friday
2024-03-29,1288.0,,0.0,28.5,0.0,29.1,1,Good Friday
2024-03-30,1288.0,,0.0,28.6,0.0,29.0,0,
2024-03-31,1288.0,,0.0,28.0,0.0,28.2,0,
2024-04-01,1425.0,,0.0,28.1,0.0,28.2,1,Eid al-Fitr
2024-04-02,1425.0,,0.0,28.6,0.0,28.8,1,Eid al-Fitr
2024-04-03,1425.0,,0.0,29.1,0.0,29.1,1,Eid al-Fitr
2024-04-04,1425.0,,0.0,29.2,0.0,29.4,1,Dr. B. R. Ambedkar's Birthday
2024-04-05,1425.0,,0.0,29.3,0.0,29.7,1,Dr. B. R. Ambedkar's Birthday
2024-04-06,1425.0,,0.0,29.5,0.0,29.9,1,Dr. B. R. Ambedkar's Birthday
2024-04-07,1425.0,,0.0,29.4,0.0,29.5,1,Dr. B. R. Ambedkar's Birthday
2024-04-08,1425.0,,0.0,29.2,0.0,29.5,1,Dr. B. R. Ambedkar's Birthday
2024-04-09,1425.0,,0.0,29.1,0.0,29.6,1,Dr. B. R. Ambedkar's Birthday
2024-04-10,1425.0,,0.0,28.9,0.0,29.6,1,Dr. B. R. Ambedkar's Birthday
2024-04-11,1425.0,,0.0,29.0,0.0,29.3,1,Dr. B. R. Ambedkar's Birthday
2024-04-12,1425.0,,0.1,28.9,0.9,29.1,1,Dr. B. R. Ambedkar's Birthday
2024-04-13,1425.0,,0.4,28.4,0.0,29.0,1,Dr. B. R. Ambedkar's Birthday
2024-04-14,1425.0,,0.0,28.9,0.0,29.3,1,Dr. B. R. Ambedkar's Birthday
2024-04-15,1425.0,,0.0,30.1,0.0,30.0,1,Ram Navami
2024-04-16,1425.0,,0.0,29.7,0.0,29.9,1,Ram Navami
2024-04-17,1425.0,,0.0,29.2,0.0,29.6,1,Ram Navami
2024-04-18,1425.0,,0.1,29.7,0.1,30.2,1,Mahavira's Birthday
2024-04-19,1425.0,,0.0,29.4,0.3,30.0,1,Mahavira's Birthday
2024-04-20,1425.0,,1.8,27.6,0.3,28.3,1,Mahavira's Birthday
2024-04-21,1425.0,,0.0,29.5,0.0,29.7,1,Mahavira's Birthday
2024-04-22,1425.0,,0.0,29.4,0.0,29.8,0,
2024-04-23,1425.0,,0.0,29.3,0.0,29.7,0,
2024-04-24,1425.0,,0.0,29.1,0.0,29.4,0,
2024-04-25,1425.0,,0.0,29.2,0.0,30.0,0,
2024-04-26,1425.0,,0.0,29.2,0.0,29.9,0,
2024-04-27,1425.0,,0.0,29.6,0.0,30.3,0,
2024-04-28,1425.0,,0.0,29.9,0.0,30.4,0,
2024-04-29,1425.0,,0.0,30.4,0.0,30.6,0,
2024-04-30,1425.0,,0.0,30.6,0.0,31.0,0,
2024-05-01,1402.0,,0.0,30.0,0.0,30.6,0,
2024-05-02,1402.0,,0.2,30.4,0.1,31.3,0,
2024-05-03,1402.0,,0.2,30.0,0.6,30.0,0,
2024-05-04,1402.0,,0.0,30.8,0.0,31.1,0,
2024-05-05,1402.0,,0.0,29.8,0.0,30.4,0,
2024-05-06,1402.0,,0.0,29.4,0.0,30.0,0,
2024-05-07,1402.0,,11.5,28.0,11.4,28.6,0,
2024-05-08,1402.0,,7.4,27.5,6.9,28.1,0,
2024-05-09,1402.0,,1.4,27.2,7.3,27.4,0,
2024-05-10,1402.0,,0.7,27.2,1.7,27.6,0,
2024-05-11,1402.0,,0.3,27.9,1.0,28.1,0,
2024-05-12,1402.0,,3.3,26.2,6.2,26.3,0,
2024-05-13,1402.0,,7.7,26.4,6.8,26.4,1,Buddha Purnima
2024-05-14,1402.0,,10.7,25.7,7.5,25.5,1,Buddha Purnima
2024-05-15,1402.0,,0.9,26.6,1.3,26.5,1,Buddha Purnima
2024-05-16,1402.0,,13.7,25.3,17.3,25.3,1,Buddha Purnima
2024-05-17,1402.0,,6.7,24.9,12.4,24.9,1,Buddha Purnima
2024-05-18,1402.0,,22.2,25.0,14.2,24.9,1,Buddha Purnima
2024-05-19,1402.0,,6.8,24.2,19.5,24.2,1,Buddha Purnima
2024-05-20,1402.0,,22.0,23.6,23.2,24.1,1,Buddha Purnima
2024-05-21,1402.0,,35.1,24.5,34.6,24.6,1,Buddha Purnima
2024-05-22,1402.0,,9.1,24.9,4.7,25.1,1,Buddha Purnima
2024-05-23,1402.0,,0.1,25.9,0.3,26.0,1,Buddha Purnima
2024-05-24,1402.0,,12.2,25.6,27.6,25.3,0,
2024-05-25,1402.0,,0.7,25.5,0.6,25.7,0,
2024-05-26,1402.0,,2.4,24.0,1.8,24.5,0,
2024-05-27,1402.0,,0.0,24.5,0.0,24.9,0,
2024-05-28,1402.0,,0.3,25.3,0.0,25.6,0,
2024-05-29,1402.0,,0.6,25.8,1.3,25.9,0,
2024-05-30,1402.0,,0.6,25.4,0.9,25.7,0,
2024-05-31,1402.0,,0.2,26.1,1.4,26.4,0,
2024-06-01,1398.0,,0.4,25.5,0.9,25.9,0,
2024-06-02,1398.0,,16.2,24.9,11.2,25.2,0,
2024-06-03,1398.0,,17.3,24.7,14.1,24.7,0,
2024-06-04,1398.0,,2.8,25.3,1.0,25.2,0,
2024-06-05,1398.0,,8.9,24.3,9.6,24.4,0,
2024-06-06,1398.0,,9.7,24.5,13.2,24.7,0,
2024-06-07,1398.0,,16.8,23.7,13.1,24.0,1,Eid al-Adha
2024-06-08,1398.0,,2.5,24.0,5.3,24.1,1,Eid al-Adha
2024-06-09,1398.0,,10.1,23.2,2.2,23.5,1,Eid al-Adha
2024-06-10,1398.0,,1.7,23.7,0.8,24.0,1,Eid al-Adha
2024-06-11,1398.0,,2.2,23.7,0.7,23.9,1,Eid al-Adha
2024-06-12,1398.0,,1.0,23.5,1.1,23.9,1,Eid al-Adha
2024-06-13,1398.0,,5.0,23.4,4.3,23.7,1,Eid al-Adha
2024-06-14,1398.0,,1.3,24.3,0.3,24.4,1,Eid al-Adha
2024-06-15,1398.0,,0.5,24.0,0.3,24.1,1,Eid al-Adha
2024-06-16,1398.0,,6.2,23.6,8.9,23.7,1,Eid al-Adha
2024-06-17,1398.0,,6.1,23.8,7.3,23.9,1,Eid al-Adha
2024-06-18,1398.0,,14.0,23.7,14.6,23.7,0,
2024-06-19,1398.0,,5.4,23.8,3.0,24.0,0,
2024-06-20,1398.0,,1.0,23.9,1.1,24.1,0,
2024-06-21,1398.0,,1.2,24.0,1.5,24.2,0,
2024-06-22,1398.0,,1.5,23.6,1.8,23.8,0,
2024-06-23,1398.0,,1.8,23.2,1.9,23.6,0,
2024-06-24,1398.0,,6.1,23.7,2.2,24.0,0,
2024-06-25,1398.0,,1.8,23.5,5.4,23.7,0,
2024-06-26,1398.0,,0.4,23.1,0.2,23.4,0,
2024-06-27,1398.0,,7.0,22.4,2.3,23.1,0,
2024-06-28,1398.0,,3.2,23.6,2.0,23.9,0,
2024-06-29,1398.0,,1.4,24.1,1.7,24.3,0,
2024-06-30,1398.0,,2.1,23.9,3.0,24.1,0,
2024-07-01,1474.0,,11.7,23.1,8.9,23.2,0,
2024-07-02,1474.0,,0.2,23.7,0.1,24.0,0,
2024-07-03,1474.0,,1.7,23.8,1.2,24.0,0,
2024-07-04,1474.0,,11.1,22.6,8.3,22.9,0,
2024-07-05,1474.0,,5.6,23.1,18.7,23.3,0,
2024-07-06,1474.0,,0.7,22.8,0.4,23.0,0,
2024-07-07,1474.0,,1.0,23.0,1.3,23.2,1,Ashura
2024-07-08,1474.0,,9.0,22.8,5.1,23.1,1,Ashura
2024-07-09,1474.0,,3.0,23.2,0.3,23.5,1,Ashura
2024-07-10,1474.0,,27.9,22.2,12.7,22.5,1,Ashura
2024-07-11,1474.0,,2.0,23.5,1.5,23.5,1,Ashura
2024-07-12,1474.0,,11.4,23.1,10.9,23.0,1,Ashura
2024-07-13,1474.0,,1.0,22.8,0.3,22.9,1,Ashura
2024-07-14,1474.0,,5.3,22.2,3.9,22.4,1,Ashura
2024-07-15,1474.0,,63.5,21.8,72.7,22.0,1,Ashura
2024-07-16,1474.0,,17.1,22.1,19.1,22.4,1,Ashura
2024-07-17,1474.0,,10.7,22.3,6.2,22.6,1,Ashura
2024-07-18,1474.0,,18.6,21.8,14.5,22.1,0,
2024-07-19,1474.0,,36.0,21.3,33.7,21.4,0,
2024-07-20,1474.0,,8.5,21.3,8.1,21.5,0,
2024-07-21,1474.0,,1.8,22.7,0.5,23.0,0,
2024-07-22,1474.0,,1.4,23.1,0.6,23.3,0,
2024-07-23,1474.0,,2.2,23.4,1.1,23.6,0,
2024-07-24,1474.0,,1.3,23.3,0.7,23.5,0,
2024-07-25,1474.0,,2.7,23.0,3.2,23.2,0,
2024-07-26,1474.0,,3.2,23.2,2.7,23.4,0,
2024-07-27,1474.0,,1.2,23.0,1.1,23.2,0,
2024-07-28,1474.0,,0.2,22.7,0.1,22.8,0,
2024-07-29,1474.0,,1.1,23.3,4.4,23.5,0,
2024-07-30,1474.0,,5.7,22.0,3.6,22.2,0,
2024-07-31,1474.0,,4.8,22.6,4.7,22.7,0,
2024-08-01,1619.0,,14.3,22.7,8.9,23.0,0,
2024-08-02,1619.0,,11.0,21.9,7.8,22.2,0,
2024-08-03,1619.0,,2.9,22.8,8.8,22.8,0,
2024-08-04,1619.0,,1.1,23.3,1.1,23.5,0,
2024-08-05,1619.0,,9.4,23.1,4.3,23.2,1,Independence Day
2024-08-06,1619.0,,19.1,22.5,16.2,22.8,1,Independence Day
2024-08-07,1619.0,,8.7,21.6,14.2,21.8,1,Independence Day
2024-08-08,1619.0,,15.6,22.1,13.4,22.3,1,Independence Day
2024-08-09,1619.0,,12.2,23.1,15.9,23.3,1,Independence Day
2024-08-10,1619.0,,8.5,22.9,13.0,23.0,1,Independence Day
2024-08-11,1619.0,,0.7,23.7,0.5,23.9,1,Independence Day
2024-08-12,1619.0,,3.4,23.2,2.6,23.5,1,Independence Day
2024-08-13,1619.0,,8.5,23.5,8.3,23.7,1,Independence Day
2024-08-14,1619.0,,17.2,23.2,5.1,23.9,1,Independence Day
2024-08-15,1619.0,,1.0,23.6,0.7,24.0,1,Independence Day
2024-08-16,1619.0,,18.3,23.8,28.6,23.8,1,Janmashtami (Vaishnava)
2024-08-17,1619.0,,7.2,24.1,8.1,24.1,1,Janmashtami (Vaishnava)
2024-08-18,1619.0,,2.1,23.9,0.6,24.2,1,Janmashtami (Vaishnava)
2024-08-19,1619.0,,15.5,23.6,18.2,23.9,1,Janmashtami (Vaishnava)
2024-08-20,1619.0,,34.5,23.9,19.6,24.1,1,Janmashtami (Vaishnava)
2024-08-21,1619.0,,1.0,23.7,1.9,23.5,1,Janmashtami (Vaishnava)
2024-08-22,1619.0,,2.5,23.4,5.1,23.7,1,Janmashtami (Vaishnava)
2024-08-23,1619.0,,0.0,23.3,0.1,23.4,1,Janmashtami (Vaishnava)
2024-08-24,1619.0,,0.7,23.1,1.4,23.1,1,Janmashtami (Vaishnava)
2024-08-25,1619.0,,0.2,22.6,0.1,23.0,1,Janmashtami (Vaishnava)
2024-08-26,1619.0,,0.5,23.1,0.6,23.3,1,Janmashtami (Vaishnava)
2024-08-27,1619.0,,0.5,23.0,1.0,23.3,0,
2024-08-28,1619.0,,1.3,23.0,1.3,23.1,0,
2024-08-29,1619.0,,3.5,22.8,10.3,22.7,0,
2024-08-30,1619.0,,3.3,22.8,4.9,22.9,0,
2024-08-31,1619.0,,2.1,22.5,3.0,22.5,0,
2024-09-01,1736.0,,1.9,22.7,0.8,22.9,0,
2024-09-02,1736.0,,2.6,23.4,4.9,23.5,0,
2024-09-03,1736.0,,2.2,23.3,1.3,23.5,0,
2024-09-04,1736.0,,0.8,23.5,1.1,23.6,0,
2024-09-05,1736.0,,2.6,23.3,0.8,23.3,0,
2024-09-06,1736.0,,1.0,23.5,1.1,23.5,1,Prophet's Birthday
2024-09-07,1736.0,,2.9,23.2,4.0,23.3,1,Prophet's Birthday
2024-09-08,1736.0,,2.8,23.0,6.4,23.1,1,Prophet's Birthday
2024-09-09,1736.0,,1.8,23.1,2.2,23.3,1,Prophet's Birthday
2024-09-10,1736.0,,1.3,23.3,1.6,23.4,1,Prophet's Birthday
2024-09-11,1736.0,,0.8,23.2,1.1,23.5,1,Prophet's Birthday
2024-09-12,1736.0,,1.2,23.4,0.8,23.6,1,Prophet's Birthday
2024-09-13,1736.0,,0.3,23.1,0.1,23.2,1,Prophet's Birthday
2024-09-14,1736.0,,0.9,23.0,0.8,23.1,1,Prophet's Birthday
2024-09-15,1736.0,,1.1,23.4,0.3,23.5,1,Prophet's Birthday
2024-09-16,1736.0,,4.1,22.2,1.5,22.3,1,Prophet's Birthday
2024-09-17,1736.0,,0.6,23.1,0.3,23.2,0,
2024-09-18,1736.0,,0.0,22.4,0.0,22.7,0,
2024-09-19,1736.0,,5.9,22.2,2.2,22.6,0,
2024-09-20,1736.0,,0.4,23.2,0.4,23.4,0,
2024-09-21,1736.0,,0.0,23.0,0.1,23.3,0,
2024-09-22,1736.0,,5.1,22.8,3.3,23.3,1,Mahatma Gandhi's Birthday
2024-09-23,1736.0,,4.0,23.0,2.7,23.4,1,Mahatma Gandhi's Birthday
2024-09-24,1736.0,,4.9,23.1,4.3,23.4,1,Mahatma Gandhi's Birthday
2024-09-25,1736.0,,4.3,23.3,2.5,23.6,1,Mahatma Gandhi's Birthday
2024-09-26,1736.0,,1.2,23.3,0.9,23.5,1,Mahatma Gandhi's Birthday
2024-09-27,1736.0,,0.9,23.4,0.8,23.6,1,Mahatma Gandhi's Birthday
2024-09-28,1736.0,,1.3,23.5,4.6,23.7,1,Mahatma Gandhi's Birthday
2024-09-29,1736.0,,25.0,23.1,23.2,23.4,1,Mahatma Gandhi's Birthday
2024-09-30,1736.0,,4.8,23.3,1.8,23.4,1,Mahatma Gandhi's Birthday
2024-10-01,1728.0,,0.4,24.2,0.4,24.3,1,Mahatma Gandhi's Birthday
2024-10-02,1728.0,,9.8,23.5,7.0,23.7,1,Mahatma Gandhi's Birthday
2024-10-03,1728.0,,4.5,23.2,5.9,23.4,1,Dussehra
2024-10-04,1728.0,,15.0,23.5,9.5,23.6,1,Dussehra
2024-10-05,1728.0,,7.6,22.9,10.4,22.9,1,Dussehra
2024-10-06,1728.0,,4.9,22.9,2.7,23.4,1,Dussehra
2024-10-07,1728.0,,0.5,23.5,0.2,23.7,1,Dussehra
2024-10-08,1728.0,,13.1,23.0,10.6,23.0,1,Dussehra
2024-10-09,1728.0,,8.1,23.1,4.0,23.3,1,Dussehra
2024-10-10,1728.0,,14.2,22.5,11.0,22.7,1,Dussehra
2024-10-11,1728.0,,14.2,22.6,5.2,22.6,1,Dussehra
2024-10-12,1728.0,,3.4,22.7,17.6,22.8,1,Dussehra
2024-10-13,1728.0,,6.4,22.3,1.8,22.4,0,
2024-10-14,1728.0,,5.1,21.6,6.2,21.7,0,
2024-10-15,1728.0,,23.9,21.1,28.7,21.3,0,
2024-10-16,1728.0,,23.2,21.4,22.5,21.3,0,
2024-10-17,1728.0,,3.8,22.9,3.0,23.0,0,
2024-10-18,1728.0,,14.4,22.7,19.4,22.8,0,
2024-10-19,1728.0,,14.1,21.7,10.1,21.9,0,
2024-10-20,1728.0,,14.8,22.1,18.5,22.1,0,
2024-10-21,1728.0,,3.5,21.8,4.2,22.1,1,Diwali (Deepavali)
2024-10-22,1728.0,,6.4,22.3,4.6,22.5,1,Diwali (Deepavali)
2024-10-23,1728.0,,8.3,22.3,19.9,22.2,1,Diwali (Deepavali)
2024-10-24,1728.0,,1.3,22.2,1.6,22.4,1,Diwali (Deepavali)
2024-10-25,1728.0,,0.0,22.3,0.0,22.3,1,Diwali (Deepavali)
2024-10-26,1728.0,,0.1,21.4,0.1,21.7,1,Diwali (Deepavali)
2024-10-27,1728.0,,0.3,21.1,0.8,21.1,1,Diwali (Deepavali)
2024-10-28,1728.0,,0.0,22.3,0.0,22.1,1,Diwali (Deepavali)
2024-10-29,1728.0,,0.3,22.5,0.1,22.7,1,Diwali (Deepavali)
2024-10-30,1728.0,,1.8,22.6,1.7,22.5,1,Diwali (Deepavali)
2024-10-31,1728.0,,15.9,22.8,14.9,22.7,1,Diwali (Deepavali)
2024-11-01,1879.0,,4.2,22.1,2.7,22.5,0,
2024-11-02,1879.0,,0.2,22.9,0.3,22.6,0,
2024-11-03,1879.0,,0.8,23.0,0.5,23.2,0,
2024-11-04,1879.0,,1.2,22.4,1.3,22.5,0,
2024-11-05,1879.0,,0.0,22.2,0.0,22.3,1,Guru Nanak's Birthday
2024-11-06,1879.0,,0.0,22.0,0.0,21.7,1,Guru Nanak's Birthday
2024-11-07,1879.0,,0.0,22.8,0.6,22.9,1,Guru Nanak's Birthday
2024-11-08,1879.0,,0.0,22.8,0.0,23.1,1,Guru Nanak's Birthday
2024-11-09,1879.0,,0.0,22.2,0.0,22.2,1,Guru Nanak's Birthday
2024-11-10,1879.0,,0.0,22.1,0.0,22.1,1,Guru Nanak's Birthday
2024-11-11,1879.0,,0.0,22.6,0.0,22.6,1,Guru Nanak's Birthday
2024-11-12,1879.0,,0.2,23.0,0.3,23.0,1,Guru Nanak's Birthday
2024-11-13,1879.0,,12.5,22.7,16.0,22.6,1,Guru Nanak's Birthday
2024-11-14,1879.0,,6.4,22.3,6.2,22.2,1,Guru Nanak's Birthday
2024-11-15,1879.0,,8.6,22.3,16.2,22.3,1,Guru Nanak's Birthday
2024-11-16,1879.0,,6.1,22.3,6.8,22.3,0,
2024-11-17,1879.0,,0.5,22.9,0.8,22.8,0,
2024-11-18,1879.0,,0.0,22.4,0.0,22.3,0,
2024-11-19,1879.0,,0.1,21.9,0.0,21.9,0,
2024-11-20,1879.0,,0.1,21.1,0.1,21.2,0,
2024-11-21,1879.0,,0.1,20.8,0.2,20.7,0,
2024-11-22,1879.0,,0.0,20.8,0.0,20.7,0,
2024-11-23,1879.0,,0.0,20.9,0.0,20.7,0,
2024-11-24,1879.0,,0.0,21.5,0.0,21.5,0,
2024-11-25,1879.0,,0.0,21.4,0.0,21.2,0,
2024-11-26,1879.0,,0.0,21.6,0.2,21.5,0,
2024-11-27,1879.0,,0.0,21.8,0.0,21.7,0,
2024-11-28,1879.0,,0.0,20.8,0.0,20.4,0,
2024-11-29,1879.0,,0.0,20.6,0.0,20.5,0,
2024-11-30,1879.0,,0.2,21.4,0.0,21.4,0,
2024-12-01,1973.0,,3.3,22.0,1.2,22.2,0,
2024-12-02,1973.0,,52.8,20.8,60.3,21.0,0,
2024-12-03,1973.0,,11.3,22.2,17.3,22.1,0,
2024-12-04,1973.0,,0.0,23.0,0.0,22.9,0,
2024-12-05,1973.0,,5.0,22.2,6.2,22.3,0,
2024-12-06,1973.0,,0.0,22.5,0.0,22.6,0,
2024-12-07,1973.0,,0.8,22.7,0.6,22.6,0,
2024-12-08,1973.0,,0.4,22.8,0.0,22.7,0,
2024-12-09,1973.0,,0.8,22.7,0.2,22.5,0,
2024-12-10,1973.0,,0.3,22.8,0.5,22.8,0,
2024-12-11,1973.0,,0.0,22.5,0.0,22.3,0,
2024-12-12,1973.0,,1.8,20.9,9.5,21.1,0,
2024-12-13,1973.0,,2.0,21.7,1.7,21.6,0,
2024-12-14,1973.0,,0.0,22.1,0.0,22.1,0,
2024-12-15,1973.0,,0.0,20.0,0.0,20.0,1,Christmas
2024-12-16,1973.0,,0.0,19.4,0.0,19.4,1,Christmas
2024-12-17,1973.0,,0.0,19.8,0.0,19.7,1,Christmas
2024-12-18,1973.0,,0.0,20.6,0.0,20.4,1,Christmas
2024-12-19,1973.0,,0.0,22.3,0.0,22.2,1,Christmas
2024-12-20,1973.0,,0.0,22.6,0.0,22.4,1,Christmas
2024-12-21,1973.0,,0.0,22.1,0.0,22.0,1,Christmas
2024-12-22,1973.0,,0.0,21.8,0.0,21.9,1,Christmas
2024-12-23,1973.0,,0.4,21.8,0.3,21.8,1,Christmas
2024-12-24,1973.0,,1.3,21.6,1.5,21.9,1,Christmas
2024-12-25,1973.0,,0.0,21.5,0.0,21.3,1,Christmas
2024-12-26,1973.0,,1.5,21.6,1.5,21.8,0,
2024-12-27,1973.0,,1.3,21.9,4.5,21.7,0,
2024-12-28,1973.0,,0.0,21.6,0.0,21.6,0,
2024-12-29,1973.0,,0.0,21.6,0.0,21.5,0,
2024-12-30,1973.0,,0.0,21.6,0.0,21.5,0,
2024-12-31,1973.0,,0.0,21.6,0.0,21.7,0,
2025-01-01,1978.0,,0.0,21.1,0.0,21.2,0,
2025-01-02,1978.0,,0.0,20.4,0.0,20.3,0,
2025-01-03,1978.0,,0.0,20.3,0.0,20.4,0,
2025-01-04,1978.0,,0.0,19.4,0.0,19.5,0,
2025-01-05,1978.0,,0.0,20.1,0.0,20.0,0,
2025-01-06,1978.0,,0.0,20.2,0.0,20.1,0,
2025-01-07,1978.0,,0.0,20.3,0.0,20.6,0,
2025-01-08,1978.0,,0.0,20.6,0.0,20.7,0,
2025-01-09,1978.0,,0.0,20.3,0.0,20.5,0,
2025-01-10,1978.0,,0.0,21.5,0.0,21.6,0,
2025-01-11,1978.0,,0.0,22.0,0.0,22.2,0,
2025-01-12,1978.0,,0.0,22.4,0.0,22.4,0,
2025-01-13,1978.0,,0.0,23.0,0.0,22.9,0,
2025-01-14,1978.0,,6.6,22.5,6.1,22.6,0,
2025-01-15,1978.0,,0.0,21.6,1.2,21.5,0,
2025-01-16,1978.0,,0.0,21.6,0.0,21.3,1,Republic Day
2025-01-17,1978.0,,0.0,21.1,0.0,21.2,1,Republic Day
2025-01-18,1978.0,,0.0,21.0,0.0,21.1,1,Republic Day
2025-01-19,1978.0,,0.5,20.6,0.6,20.4,1,Republic Day
2025-01-20,1978.0,,0.0,21.5,0.0,21.3,1,Republic Day
2025-01-21,1978.0,,0.0,20.6,0.0,20.6,1,Republic Day
2025-01-22,1978.0,,0.0,20.8,0.0,20.5,1,Republic Day
2025-01-23,1978.0,,0.0,22.2,0.0,21.9,1,Republic Day
2025-01-24,1978.0,,0.0,20.6,0.0,20.6,1,Republic Day
2025-01-25,1978.0,,0.0,20.8,0.0,20.6,1,Republic Day
2025-01-26,1978.0,,0.0,20.8,0.0,20.5,1,Republic Day
2025-01-27,1978.0,,0.0,20.2,0.0,20.2,0,
2025-01-28,1978.0,,0.0,20.3,0.0,20.1,0,
2025-01-29,1978.0,,0.0,20.8,0.0,20.8,0,
2025-01-30,1978.0,,0.0,21.5,0.0,21.3,0,
2025-01-31,1978.0,,0.0,22.7,0.0,22.6,0,
2025-02-01,1990.0,,0.0,22.8,0.0,22.9,0,
2025-02-02,1990.0,,0.0,22.7,0.0,22.3,0,
2025-02-03,1990.0,,0.0,21.6,0.0,21.5,0,
2025-02-04,1990.0,,0.0,21.8,0.0,21.6,0,
2025-02-05,1990.0,,0.0,22.3,0.0,22.2,0,
2025-02-06,1990.0,,0.0,22.3,0.0,22.1,0,
2025-02-07,1990.0,,0.0,22.1,0.0,21.9,0,
2025-02-08,1990.0,,0.0,22.3,0.0,22.1,0,
2025-02-09,1990.0,,0.0,22.7,0.0,22.5,0,
2025-02-10,1990.0,,0.0,22.3,0.0,22.3,0,
2025-02-11,1990.0,,0.0,22.3,0.0,22.0,0,
2025-02-12,1990.0,,0.0,22.5,0.0,22.5,0,
2025-02-13,1990.0,,0.0,23.3,0.0,22.9,0,
2025-02-14,1990.0,,0.0,24.0,0.0,23.2,0,
2025-02-15,1990.0,,0.0,23.7,0.0,23.2,0,
2025-02-16,1990.0,,0.0,23.9,0.0,23.5,1,Maha Shivaratri
2025-02-17,1990.0,,0.0,23.8,0.0,23.5,1,Maha Shivaratri
2025-02-18,1990.0,,0.0,23.8,0.0,23.4,1,Maha Shivaratri
2025-02-19,1990.0,,0.0,24.2,0.0,24.0,1,Maha Shivaratri
2025-02-20,1990.0,,0.0,24.6,0.0,24.4,1,Maha Shivaratri
2025-02-21,1990.0,,0.0,25.0,0.0,24.7,1,Maha Shivaratri
2025-02-22,1990.0,,0.0,25.1,0.0,24.8,1,Maha Shivaratri
2025-02-23,1990.0,,0.0,25.0,0.0,24.6,1,Maha Shivaratri
2025-02-24,1990.0,,0.0,24.0,0.0,23.9,1,Maha Shivaratri
2025-02-25,1990.0,,0.0,23.6,0.0,23.6,1,Maha Shivaratri
2025-02-26,1990.0,,0.0,24.0,0.0,24.2,1,Maha Shivaratri
2025-02-27,1990.0,,0.0,24.1,0.0,24.2,0,
2025-02-28,1990.0,,0.0,24.1,0.0,24.2,0,
2025-03-01,2356.0,,0.0,24.9,0.0,24.8,0,
2025-03-02,2356.0,,0.0,25.1,0.0,25.3,0,
2025-03-03,2356.0,,0.0,25.6,0.0,25.7,0,
2025-03-04,2356.0,,0.0,26.4,0.0,26.2,1,Holi
2025-03-05,2356.0,,0.0,26.5,0.0,26.3,1,Holi
2025-03-06,2356.0,,0.0,25.8,0.0,25.9,1,Holi
2025-03-07,2356.0,,0.0,25.6,0.0,25.3,1,Holi
2025-03-08,2356.0,,0.0,24.9,0.0,24.7,1,Holi
2025-03-09,2356.0,,0.0,25.5,0.0,25.7,1,Holi
2025-03-10,2356.0,,0.0,25.3,0.0,25.3,1,Holi
2025-03-11,2356.0,,0.1,25.1,0.0,25.3,1,Holi
2025-03-12,2356.0,,0.0,25.8,0.0,25.8,1,Holi
2025-03-13,2356.0,,0.0,26.3,0.0,26.3,1,Holi
2025-03-14,2356.0,,0.0,26.7,0.0,27.0,1,Holi
2025-03-15,2356.0,,0.0,26.8,0.0,26.6,0,
2025-03-16,2356.0,,0.0,26.1,0.0,25.9,0,
2025-03-17,2356.0,,0.0,26.9,0.0,26.9,0,
2025-03-18,2356.0,,0.0,27.0,0.0,27.1,0,
2025-03-19,2356.0,,0.0,26.7,0.0,26.9,0,
2025-03-20,2356.0,,0.0,26.7,0.0,26.8,0,
2025-03-21,2356.0,,0.0,26.5,0.0,26.3,1,Eid al-Fitr
2025-03-22,2356.0,,0.5,25.7,0.1,25.7,1,Eid al-Fitr
2025-03-23,2356.0,,0.1,26.2,0.3,25.8,1,Eid al-Fitr
2025-03-24,2356.0,,0.0,26.7,0.0,26.7,1,Eid al-Fitr
2025-03-25,2356.0,,0.0,26.8,0.0,26.8,1,Eid al-Fitr
2025-03-26,2356.0,,0.0,26.5,0.0,26.7,1,Eid al-Fitr
2025-03-27,2356.0,,0.0,26.3,0.0,26.8,1,Eid al-Fitr
2025-03-28,2356.0,,0.0,27.1,0.0,27.2,1,Eid al-Fitr
2025-03-29,2356.0,,0.0,27.6,0.0,27.4,1,Eid al-Fitr
2025-03-30,2356.0,,0.0,27.4,0.0,27.2,1,Eid al-Fitr
2025-03-31,2356.0,,0.0,27.3,0.0,27.2,1,Mahavira's Birthday
2025-04-01,2483.0,,0.0,27.0,0.0,27.0,1,Mahavira's Birthday
2025-04-02,2483.0,,0.2,25.6,0.5,25.9,1,Mahavira's Birthday
2025-04-03,2483.0,,1.7,24.7,2.3,24.6,1,Mahavira's Birthday
2025-04-04,2483.0,,22.9,24.9,21.0,25.0,1,Dr. B. R. Ambedkar's Birthday
2025-04-05,2483.0,,1.4,25.7,3.4,25.4,1,Dr. B. R. Ambedkar's Birthday
2025-04-06,2483.0,,0.0,26.4,0.2,26.7,1,Dr. B. R. Ambedkar's Birthday
2025-04-07,2483.0,,0.0,27.6,0.0,27.4,1,Dr. B. R. Ambedkar's Birthday
2025-04-08,2483.0,,0.0,27.6,0.0,27.4,1,Dr. B. R. Ambedkar's Birthday
2025-04-09,2483.0,,0.0,26.8,0.0,26.6,1,Dr. B. R. Ambedkar's Birthday
2025-04-10,2483.0,,0.3,25.6,0.2,25.9,1,Dr. B. R. Ambedkar's Birthday
2025-04-11,2483.0,,0.6,25.2,0.0,25.6,1,Dr. B. R. Ambedkar's Birthday
2025-04-12,2483.0,,9.4,23.9,15.5,24.0,1,Dr. B. R. Ambedkar's Birthday
2025-04-13,2483.0,,0.1,25.1,0.0,25.5,1,Dr. B. R. Ambedkar's Birthday
2025-04-14,2483.0,,0.0,26.1,0.0,26.2,1,Dr. B. R. Ambedkar's Birthday
2025-04-15,2483.0,,0.0,26.1,0.0,26.2,1,Good Friday
2025-04-16,2483.0,,0.1,25.8,0.0,25.7,1,Good Friday
2025-04-17,2483.0,,0.1,26.4,0.1,26.5,1,Good Friday
2025-04-18,2483.0,,0.5,25.6,3.3,25.4,1,Good Friday
2025-04-19,2483.0,,0.6,26.0,0.2,26.0,0,
2025-04-20,2483.0,,0.8,25.2,13.0,24.8,0,
2025-04-21,2483.0,,0.0,26.3,0.0,26.1,0,
2025-04-22,2483.0,,0.0,26.3,0.0,26.1,0,
2025-04-23,2483.0,,0.0,26.3,0.1,26.4,0,
2025-04-24,2483.0,,0.0,26.6,0.0,26.4,0,
2025-04-25,2483.0,,0.0,26.4,0.0,26.0,0,
2025-04-26,2483.0,,0.0,26.4,0.0,26.3,0,
2025-04-27,2483.0,,0.0,26.4,0.0,26.2,0,
2025-04-28,2483.0,,0.1,26.0,0.0,26.2,0,
2025-04-29,2483.0,,0.0,26.0,0.0,26.0,0,
2025-04-30,2483.0,,0.2,26.2,0.6,25.8,0,
2025-05-01,2767.0,,0.3,26.0,0.1,26.1,0,
2025-05-02,2767.0,,2.6,25.5,5.8,25.6,1,Buddha Purnima
2025-05-03,2767.0,,0.1,25.3,0.2,25.3,1,Buddha Purnima
2025-05-04,2767.0,,0.1,25.8,0.1,25.8,1,Buddha Purnima
2025-05-05,2767.0,,0.0,25.7,0.0,25.4,1,Buddha Purnima
2025-05-06,2767.0,,0.1,25.0,0.0,25.1,1,Buddha Purnima
2025-05-07,2767.0,,0.5,24.7,0.1,24.8,1,Buddha Purnima
2025-05-08,2767.0,,0.0,24.5,0.0,24.5,1,Buddha Purnima
2025-05-09,2767.0,,0.2,24.5,0.0,24.3,1,Buddha Purnima
2025-05-10,2767.0,,0.8,24.7,0.0,24.8,1,Buddha Purnima
2025-05-11,2767.0,,0.5,24.9,0.3,25.0,1,Buddha Purnima
2025-05-12,2767.0,,11.9,24.6,1.6,24.5,1,Buddha Purnima
2025-05-13,2767.0,,10.1,24.1,2.2,24.2,0,
2025-05-14,2767.0,,0.8,24.3,0.9,24.6,0,
2025-05-15,2767.0,,12.9,24.4,4.7,24.6,0,
2025-05-16,2767.0,,9.1,24.1,9.1,24.3,0,
2025-05-17,2767.0,,7.2,24.2,5.9,24.4,0,
2025-05-18,2767.0,,19.0,25.0,12.0,25.1,0,
2025-05-19,2767.0,,20.2,23.7,22.9,23.8,0,
2025-05-20,2767.0,,8.2,23.1,11.8,23.0,0,
2025-05-21,2767.0,,0.5,23.5,0.4,23.5,0,
2025-05-22,2767.0,,0.3,23.7,0.3,23.8,0,
2025-05-23,2767.0,,1.6,24.0,0.4,24.3,0,
2025-05-24,2767.0,,15.2,23.1,9.1,23.6,0,
2025-05-25,2767.0,,11.3,23.0,12.4,23.4,0,
2025-05-26,2767.0,,14.2,21.9,12.3,22.2,0,
2025-05-27,2767.0,,2.1,23.1,0.8,23.2,0,
2025-05-28,2767.0,,3.8,23.4,2.5,23.5,1,Eid al-Adha
2025-05-29,2767.0,,12.7,22.4,9.9,22.5,1,Eid al-Adha
2025-05-30,2767.0,,0.5,23.4,0.3,23.3,1,Eid al-Adha
2025-05-31,2767.0,,0.1,24.7,0.0,24.7,1,Eid al-Adha
2025-06-01,2699.0,,0.8,24.1,0.2,24.3,1,Eid al-Adha
2025-06-02,2699.0,,0.6,23.7,0.6,24.0,1,Eid al-Adha
2025-06-03,2699.0,,0.8,23.9,1.0,24.1,1,Eid al-Adha
2025-06-04,2699.0,,0.1,23.7,0.5,23.9,1,Eid al-Adha
2025-06-05,2699.0,,0.1,23.8,0.5,23.8,1,Eid al-Adha
2025-06-06,2699.0,,0.0,24.3,0.0,24.4,1,Eid al-Adha
2025-06-07,2699.0,,1.0,24.0,0.6,24.2,1,Eid al-Adha
2025-06-08,2699.0,,0.5,24.1,0.9,24.2,0,
2025-06-09,2699.0,,1.2,24.0,1.8,24.0,0,
2025-06-10,2699.0,,11.3,23.4,13.1,23.7,0,
2025-06-11,2699.0,,4.9,23.5,4.2,23.7,0,
2025-06-12,2699.0,,2.3,23.1,1.5,23.4,0,
2025-06-13,2699.0,,2.1,23.6,2.7,23.6,0,
2025-06-14,2699.0,,6.3,23.4,12.1,23.4,0,
2025-06-15,2699.0,,16.6,22.3,9.8,22.5,0,
2025-06-16,2699.0,,11.5,21.7,9.4,22.1,0,
2025-06-17,2699.0,,4.9,22.3,5.3,22.4,0,
2025-06-18,2699.0,,0.7,23.6,0.7,23.7,0,
2025-06-19,2699.0,,0.0,23.8,0.0,23.8,0,
2025-06-20,2699.0,,1.6,23.7,2.6,23.6,0,
2025-06-21,2699.0,,0.5,23.8,0.7,23.6,0,
2025-06-22,2699.0,,7.0,23.1,12.4,23.2,0,
2025-06-23,2699.0,,1.6,22.5,0.9,22.6,0,
2025-06-24,2699.0,,4.1,22.7,2.2,22.9,0,
2025-06-25,2699.0,,1.0,23.2,2.4,23.4,0,
2025-06-26,2699.0,,1.0,23.1,0.6,23.2,1,Ashura
2025-06-27,2699.0,,0.1,23.0,0.1,23.0,1,Ashura
2025-06-28,2699.0,,0.9,23.6,4.2,23.6,1,Ashura
2025-06-29,2699.0,,0.1,23.7,0.0,23.7,1,Ashura
2025-06-30,2699.0,,0.3,23.2,1.4,23.3,1,Ashura
2025-07-01,2841.0,,0.3,23.5,0.3,23.5,1,Ashura
2025-07-02,2841.0,,6.1,22.9,8.4,23.1,1,Ashura
2025-07-03,2841.0,,1.5,22.6,1.2,22.7,1,Ashura
2025-07-04,2841.0,,1.4,23.3,1.7,23.4,1,Ashura
2025-07-05,2841.0,,1.3,23.2,1.2,23.4,1,Ashura
2025-07-06,2841.0,,1.7,23.4,1.4,23.6,1,Ashura
2025-07-07,2841.0,,0.8,23.4,0.5,23.5,0,
2025-07-08,2841.0,,0.7,23.5,1.2,23.8,0,
2025-07-09,2841.0,,0.4,22.9,0.0,23.0,0,
2025-07-10,2841.0,,3.8,23.4,3.7,23.5,0,
2025-07-11,2841.0,,5.6,22.9,5.5,22.9,0,
2025-07-12,2841.0,,1.9,22.7,3.3,23.1,0,
2025-07-13,2841.0,,4.5,23.2,1.7,23.6,0,
2025-07-14,2841.0,,0.8,22.8,0.6,23.1,0,
2025-07-15,2841.0,,4.4,22.9,3.1,23.0,0,
2025-07-16,2841.0,,9.5,23.1,11.9,23.0,0,
2025-07-17,2841.0,,10.4,22.7,6.6,23.1,0,
2025-07-18,2841.0,,9.8,22.7,6.4,23.0,0,
2025-07-19,2841.0,,22.7,21.6,21.4,22.0,0,
2025-07-20,2841.0,,11.1,22.0,13.9,22.3,0,
2025-07-21,2841.0,,21.3,21.8,16.7,22.1,0,
2025-07-22,2841.0,,13.5,22.0,10.6,22.4,0,
2025-07-23,2841.0,,13.6,21.8,12.5,22.1,0,
2025-07-24,2841.0,,21.4,20.7,14.6,21.3,0,
2025-07-25,2841.0,,19.3,22.0,13.8,22.4,0,
2025-07-26,2841.0,,6.5,22.3,19.7,22.4,0,
2025-07-27,2841.0,,0.7,22.6,0.6,22.8,0,
2025-07-28,2841.0,,0.9,22.9,0.8,23.0,0,
2025-07-29,2841.0,,0.7,22.9,0.3,23.1,0,
2025-07-30,2841.0,,0.1,23.5,0.0,23.6,0,
2025-07-31,2841.0,,1.6,23.4,0.6,23.6,0,
2025-08-01,2742.0,,1.6,23.1,2.5,23.3,0,
2025-08-02,2742.0,,22.2,22.4,6.9,22.7,0,
2025-08-03,2742.0,,7.8,22.8,7.8,22.9,0,
2025-08-04,2742.0,,8.3,23.0,8.3,23.3,0,
2025-08-05,2742.0,,8.2,22.5,26.3,22.8,1,Independence Day
2025-08-06,2742.0,,2.6,23.3,2.8,23.5,1,Independence Day
2025-08-07,2742.0,,1.1,23.3,3.3,23.5,1,Independence Day
2025-08-08,2742.0,,4.3,22.7,4.1,22.8,1,Independence Day
2025-08-09,2742.0,,5.4,22.8,4.2,22.9,1,Independence Day
2025-08-10,2742.0,,3.5,21.9,3.5,22.2,1,Independence Day
2025-08-11,2742.0,,3.5,22.0,3.1,22.3,1,Independence Day
2025-08-12,2742.0,,12.4,21.9,4.2,22.2,1,Independence Day
2025-08-13,2742.0,,7.0,21.4,7.3,21.6,1,Independence Day
2025-08-14,2742.0,,4.5,21.2,3.9,21.5,1,Independence Day
2025-08-15,2742.0,,4.4,22.4,4.3,22.6,1,Independence Day
2025-08-16,2742.0,,1.5,22.9,2.2,23.1,1,Janmashtami (Vaishnava)
2025-08-17,2742.0,,11.5,21.7,12.6,22.0,0,
2025-08-18,2742.0,,8.7,21.2,5.8,21.6,0,
2025-08-19,2742.0,,1.8,22.1,1.7,22.2,0,
2025-08-20,2742.0,,1.5,22.5,1.4,22.5,0,
2025-08-21,2742.0,,1.5,22.8,0.8,22.8,0,
2025-08-22,2742.0,,5.2,22.5,0.9,22.7,0,
2025-08-23,2742.0,,0.9,22.5,0.5,22.7,0,
2025-08-24,2742.0,,0.1,23.1,0.0,23.2,0,
2025-08-25,2742.0,,0.0,22.5,0.0,22.4,0,
2025-08-26,2742.0,,5.2,22.2,8.0,22.4,1,Prophet's Birthday
2025-08-27,2742.0,,17.4,21.8,18.9,22.2,1,Prophet's Birthday
2025-08-28,2742.0,,21.4,22.1,21.0,22.3,1,Prophet's Birthday
2025-08-29,2742.0,,3.0,22.1,1.4,22.4,1,Prophet's Birthday
2025-08-30,2742.0,,2.9,23.2,2.9,23.4,1,Prophet's Birthday
2025-08-31,2742.0,,6.0,22.9,7.6,22.9,1,Prophet's Birthday
2025-09-01,2597.0,,1.3,22.8,0.9,23.0,1,Prophet's Birthday
2025-09-02,2597.0,,1.0,22.8,1.3,22.8,1,Prophet's Birthday
2025-09-03,2597.0,,2.5,22.8,1.2,22.9,1,Prophet's Birthday
2025-09-04,2597.0,,1.4,23.0,0.9,23.2,1,Prophet's Birthday
2025-09-05,2597.0,,0.2,23.4,0.5,23.4,1,Prophet's Birthday
2025-09-06,2597.0,,0.6,22.7,1.5,22.8,0,
2025-09-07,2597.0,,0.9,23.0,2.3,23.0,0,
2025-09-08,2597.0,,0.7,22.8,0.3,22.9,0,
2025-09-09,2597.0,,0.2,23.0,0.0,23.1,0,
2025-09-10,2597.0,,0.6,23.3,1.7,23.4,0,
2025-09-11,2597.0,,0.1,22.5,0.1,22.8,0,
2025-09-12,2597.0,,0.0,22.9,0.0,23.1,0,
2025-09-13,2597.0,,1.0,23.0,0.3,23.2,0,
2025-09-14,2597.0,,0.7,22.8,0.5,22.8,0,
2025-09-15,2597.0,,2.1,22.7,1.5,22.9,0,
2025-09-16,2597.0,,9.2,22.5,6.5,22.6,0,
2025-09-17,2597.0,,4.2,22.2,4.7,22.3,0,
2025-09-18,2597.0,,7.3,22.2,8.8,22.5,0,
2025-09-19,2597.0,,5.5,22.5,1.2,22.6,0,
2025-09-20,2597.0,,1.5,22.4,6.2,22.6,0,
2025-09-21,2597.0,,3.8,22.2,4.8,22.3,0,
2025-09-22,2597.0,,3.9,22.2,1.9,22.5,1,Dussehra; Mahatma Gandhi's Birthday
2025-09-23,2597.0,,3.2,21.9,6.1,21.8,1,Dussehra; Mahatma Gandhi's Birthday
2025-09-24,2597.0,,1.3,22.2,1.5,22.2,1,Dussehra; Mahatma Gandhi's Birthday
2025-09-25,2597.0,,5.8,22.5,9.2,22.6,1,Dussehra; Mahatma Gandhi's Birthday
2025-09-26,2597.0,,2.0,22.3,1.0,22.4,1,Dussehra; Mahatma Gandhi's Birthday
2025-09-27,2597.0,,0.8,22.4,0.7,22.5,1,Dussehra; Mahatma Gandhi's Birthday
2025-09-28,2597.0,,0.4,22.7,0.4,22.8,1,Dussehra; Mahatma Gandhi's Birthday
2025-09-29,2597.0,,0.4,22.7,0.6,22.7,1,Dussehra; Mahatma Gandhi's Birthday
2025-09-30,2597.0,,0.2,22.5,0.0,22.4,1,Dussehra; Mahatma Gandhi's Birthday
2025-10-01,2547.0,,1.6,22.7,0.8,22.8,1,Dussehra; Mahatma Gandhi's Birthday
2025-10-02,2547.0,,1.9,22.7,4.1,22.7,1,Dussehra; Mahatma Gandhi's Birthday
2025-10-03,2547.0,,2.3,22.6,1.5,22.7,0,
2025-10-04,2547.0,,2.0,22.6,1.1,22.8,0,
2025-10-05,2547.0,,0.6,22.9,2.0,22.8,0,
2025-10-06,2547.0,,0.0,22.5,0.0,22.7,0,
2025-10-07,2547.0,,0.0,22.2,0.0,22.3,0,
2025-10-08,2547.0,,6.4,22.6,2.4,22.7,0,
2025-10-09,2547.0,,12.0,22.9,19.7,23.0,0,
2025-10-10,2547.0,,26.3,21.8,23.4,21.8,1,Diwali (Deepavali)
2025-10-11,2547.0,,15.3,21.8,14.9,22.1,1,Diwali (Deepavali)
2025-10-12,2547.0,,0.0,23.6,0.0,23.5,1,Diwali (Deepavali)
2025-10-13,2547.0,,0.0,23.0,0.0,23.1,1,Diwali (Deepavali)
2025-10-14,2547.0,,0.9,23.4,1.8,23.5,1,Diwali (Deepavali)
2025-10-15,2547.0,,4.0,22.9,2.2,22.9,1,Diwali (Deepavali)
2025-10-16,2547.0,,17.0,22.7,7.4,22.8,1,Diwali (Deepavali)
2025-10-17,2547.0,,18.0,22.2,21.7,22.4,1,Diwali (Deepavali)
2025-10-18,2547.0,,19.2,22.7,10.5,22.8,1,Diwali (Deepavali)
2025-10-19,2547.0,,33.4,22.4,35.3,22.8,1,Diwali (Deepavali)
2025-10-20,2547.0,,13.9,22.4,16.6,22.4,1,Diwali (Deepavali)
2025-10-21,2547.0,,9.9,21.7,10.3,21.8,0,
2025-10-22,2547.0,,31.1,21.4,25.2,21.6,0,
2025-10-23,2547.0,,6.2,22.7,7.0,22.9,0,
2025-10-24,2547.0,,0.5,22.4,0.4,22.5,0,
2025-10-25,2547.0,,0.7,22.7,1.0,22.6,0,
2025-10-26,2547.0,,3.3,22.5,5.0,22.4,1,Guru Nanak's Birthday
2025-10-27,2547.0,,1.8,21.5,2.0,21.6,1,Guru Nanak's Birthday
2025-10-28,2547.0,,1.3,21.8,1.2,22.0,1,Guru Nanak's Birthday
2025-10-29,2547.0,,0.0,22.3,0.4,22.5,1,Guru Nanak's Birthday
2025-10-30,2547.0,,0.0,22.2,0.0,22.3,1,Guru Nanak's Birthday
2025-10-31,2547.0,,0.0,21.8,0.0,21.7,1,Guru Nanak's Birthday
2025-11-01,2440.0,,0.0,22.3,0.0,22.1,1,Guru Nanak's Birthday
2025-11-02,2440.0,,0.2,22.3,0.2,22.2,1,Guru Nanak's Birthday
2025-11-03,2440.0,,0.0,22.2,0.0,22.2,1,Guru Nanak's Birthday
2025-11-04,2440.0,,0.0,22.4,0.0,22.6,1,Guru Nanak's Birthday
2025-11-05,2440.0,,0.2,22.6,0.4,22.8,1,Guru Nanak's Birthday
2025-11-06,2440.0,,0.0,21.5,0.0,21.6,0,
2025-11-07,2440.0,,0.7,22.1,3.5,22.2,0,
2025-11-08,2440.0,,0.3,22.2,0.3,22.1,0,
2025-11-09,2440.0,,0.0,20.8,0.0,20.7,0,
2025-11-10,2440.0,,0.0,20.7,0.0,20.7,0,
2025-11-11,2440.0,,0.0,22.1,0.0,22.1,0,
2025-11-12,2440.0,,0.0,22.3,0.0,22.6,0,
2025-11-13,2440.0,,0.2,22.9,0.1,23.1,0,
2025-11-14,2440.0,,0.0,22.6,0.0,22.8,0,
2025-11-15,2440.0,,0.0,20.6,0.0,20.9,0,
2025-11-16,2440.0,,0.0,20.9,0.0,21.2,0,
2025-11-17,2440.0,,0.0,20.7,0.0,21.1,0,
2025-11-18,2440.0,,0.8,20.8,1.4,21.2,0,
2025-11-19,2440.0,,0.5,21.8,0.2,22.3,0,
2025-11-20,2440.0,,0.0,22.4,0.0,22.6,0,
2025-11-21,2440.0,,2.9,22.1,1.4,22.3,0,
2025-11-22,2440.0,,4.3,22.5,17.5,22.7,0,
2025-11-23,2440.0,,0.7,22.3,0.8,22.7,0,
2025-11-24,2440.0,,0.1,22.7,0.0,22.7,0,
2025-11-25,2440.0,,0.0,21.7,0.0,22.0,0,
2025-11-26,2440.0,,0.0,21.5,0.0,21.7,0,
2025-11-27,2440.0,,0.1,20.1,0.2,20.5,0,
2025-11-28,2440.0,,0.0,19.6,0.0,19.8,0,
2025-11-29,2440.0,,0.0,19.9,0.1,20.1,0,
2025-11-30,2440.0,,0.3,20.7,0.3,20.6,0,
2025-12-01,2323.0,,1.1,21.8,0.4,21.7,0,
2025-12-02,2323.0,,0.0,21.9,0.0,22.0,0,
2025-12-03,2323.0,,0.6,21.7,1.6,21.9,0,
2025-12-04,2323.0,,2.1,22.1,1.9,22.3,0,
2025-12-05,2323.0,,0.8,22.2,0.7,22.5,0,
2025-12-06,2323.0,,0.1,22.1,0.0,22.4,0,
2025-12-07,2323.0,,0.0,21.4,0.0,21.7,0,
2025-12-08,2323.0,,0.0,20.8,0.0,21.1,0,
2025-12-09,2323.0,,0.0,20.3,0.0,20.6,0,
2025-12-10,2323.0,,0.0,21.0,0.0,21.5,0,
2025-12-11,2323.0,,0.0,19.8,0.0,20.1,0,
2025-12-12,2323.0,,0.0,19.3,0.0,19.6,0,
2025-12-13,2323.0,,0.0,19.2,0.0,19.4,0,
2025-12-14,2323.0,,0.0,19.0,0.0,18.9,0,
2025-12-15,2323.0,,0.0,19.1,0.0,19.2,1,Christmas
2025-12-16,2323.0,,1.0,20.3,0.8,20.4,1,Christmas
2025-12-17,2323.0,,0.0,22.0,0.0,22.1,1,Christmas
2025-12-18,2323.0,,0.0,20.0,0.0,20.2,1,Christmas
2025-12-19,2323.0,,0.0,19.6,0.0,19.6,1,Christmas
2025-12-20,2323.0,,0.0,18.6,0.0,18.7,1,Christmas
2025-12-21,2323.0,,0.0,18.6,0.0,18.5,1,Christmas
2025-12-22,2323.0,,0.0,18.5,0.0,18.4,1,Christmas
2025-12-23,2323.0,,0.0,19.2,0.0,18.9,1,Christmas
2025-12-24,2323.0,,0.0,18.5,0.0,18.4,1,Christmas
2025-12-25,2323.0,,0.0,18.8,0.0,18.6,1,Christmas
2025-12-26,2323.0,,0.0,19.6,0.0,19.6,0,
2025-12-27,2323.0,,0.0,19.1,0.0,19.0,0,
2025-12-28,2323.0,,0.0,19.1,0.0,19.0,0,
2025-12-29,2323.0,,0.0,19.8,0.0,19.8,0,
2025-12-30,2323.0,,0.0,20.8,0.0,20.6,0,
2025-12-31,2323.0,,0.0,21.3,0.0,21.3,0,
2026-01-01,2197.0,,0.8,21.9,0.0,21.7,0,
2026-01-02,2197.0,,3.5,21.3,9.8,21.2,0,
2026-01-03,2197.0,,1.1,21.7,1.3,21.8,0,
2026-01-04,2197.0,,0.0,20.2,0.0,20.1,0,
2026-01-05,2197.0,,0.0,19.3,0.0,19.2,0,
2026-01-06,2197.0,,0.0,19.8,0.0,19.8,0,
2026-01-07,2197.0,,0.0,20.1,0.0,20.1,0,
2026-01-08,2197.0,,0.0,18.7,0.0,18.5,0,
2026-01-09,2197.0,,0.0,18.9,0.0,18.9,0,
2026-01-10,2197.0,,0.0,19.8,0.0,19.7,0,
2026-01-11,2197.0,,0.4,19.8,1.3,19.8,0,
2026-01-12,2197.0,,0.7,21.0,1.4,20.9,0,
2026-01-13,2197.0,,1.2,21.4,1.2,21.3,0,
2026-01-14,2197.0,,0.2,22.0,0.4,21.8,0,
2026-01-15,2197.0,,0.0,22.5,0.0,22.3,0,
2026-01-16,2197.0,,0.0,21.7,0.0,21.3,1,Republic Day
2026-01-17,2197.0,,0.0,19.8,0.0,19.5,1,Republic Day
2026-01-18,2197.0,,0.0,19.6,0.0,19.3,1,Republic Day
2026-01-19,2197.0,,0.0,20.1,0.0,19.4,1,Republic Day
2026-01-20,2197.0,,0.0,20.1,0.0,19.8,1,Republic Day
2026-01-21,2197.0,,0.0,19.2,0.0,18.8,1,Republic Day
2026-01-22,2197.0,,0.0,19.1,0.0,18.7,1,Republic Day
2026-01-23,2197.0,,0.0,18.6,0.0,18.4,1,Republic Day
2026-01-24,2197.0,,0.0,19.5,0.0,19.3,1,Republic Day
2026-01-25,2197.0,,0.1,21.3,0.0,21.2,1,Republic Day
2026-01-26,2197.0,,0.1,21.4,0.6,21.0,1,Republic Day
2026-01-27,2197.0,,0.0,22.4,0.2,22.0,0,
2026-01-28,2197.0,,0.0,22.8,0.0,22.1,0,
2026-01-29,2197.0,,0.0,21.7,0.0,21.0,0,
2026-01-30,2197.0,,0.0,20.9,0.0,20.4,0,
2026-01-31,2197.0,,0.0,20.2,0.0,19.8,0,
2026-02-01,2259.0,,0.0,20.6,0.0,20.4,0,
2026-02-02,2259.0,,0.0,21.8,0.0,21.4,0,
2026-02-03,2259.0,,0.0,21.9,0.0,21.4,0,
2026-02-04,2259.0,,0.0,21.4,0.0,20.8,0,
2026-02-05,2259.0,,0.0,21.2,0.0,20.8,0,
2026-02-06,2259.0,,0.0,21.0,0.0,20.8,0,
2026-02-07,2259.0,,0.0,21.2,0.0,20.8,0,
2026-02-08,2259.0,,0.0,21.1,0.0,20.7,0,
2026-02-09,2259.0,,0.0,21.6,0.0,20.9,0,
2026-02-10,2259.0,,0.0,21.5,0.0,20.9,0,
2026-02-11,2259.0,,0.0,20.6,0.0,20.2,0,
2026-02-12,2259.0,,0.0,20.1,0.0,19.8,0,
2026-02-13,2259.0,,0.0,22.0,0.0,21.6,0,
2026-02-14,2259.0,,0.0,22.0,0.0,21.6,0,
2026-02-15,2259.0,,0.0,22.3,0.0,22.0,0,
2026-02-16,2259.0,,0.0,22.0,0.0,21.7,0,
2026-02-17,2259.0,,0.0,22.1,0.0,21.5,0,
2026-02-18,2259.0,,0.0,22.4,0.0,21.8,0,
2026-02-19,2259.0,,0.0,22.8,0.0,22.4,0,
2026-02-20,2259.0,,0.0,23.9,0.0,23.6,0,
2026-02-21,2259.0,,0.0,24.2,0.0,23.9,0,
2026-02-22,2259.0,,0.0,24.8,0.0,24.5,1,Holi
2026-02-23,2259.0,,0.0,24.8,0.0,24.3,1,Holi
2026-02-24,2259.0,,0.1,23.8,2.1,23.3,1,Holi
2026-02-25,2259.0,,0.2,23.7,0.1,23.3,1,Holi
2026-02-26,2259.0,,0.3,24.8,0.7,24.5,1,Holi
2026-02-27,2259.0,,0.0,24.6,0.1,24.0,1,Holi
2026-02-28,2259.0,,0.5,24.0,0.2,23.5,1,Holi
2026-03-01,2349.0,,0.1,23.7,0.0,23.3,1,Holi
2026-03-02,2349.0,,0.0,24.6,0.0,24.3,1,Holi
2026-03-03,2349.0,,0.0,24.5,0.0,24.3,1,Holi
2026-03-04,2349.0,,0.0,24.6,0.0,24.2,1,Holi
2026-03-05,2349.0,,0.0,24.5,0.0,24.0,0,
2026-03-06,2349.0,,0.0,24.8,0.0,24.3,0,
2026-03-07,2349.0,,0.0,24.2,0.0,23.9,0,
2026-03-08,2349.0,,0.0,24.9,0.0,24.2,0,
2026-03-09,2349.0,,0.0,25.3,0.0,24.8,0,
2026-03-10,2349.0,,0.0,24.1,0.0,23.7,0,
2026-03-11,2349.0,,0.0,24.1,0.0,23.5,1,Eid al-Fitr
2026-03-12,2349.0,,0.0,25.1,0.0,24.9,1,Eid al-Fitr
2026-03-13,2349.0,,0.0,25.9,0.0,25.2,1,Eid al-Fitr
2026-03-14,2349.0,,0.0,25.4,0.0,25.1,1,Eid al-Fitr
2026-03-15,2349.0,,0.0,24.8,0.0,24.4,1,Eid al-Fitr
2026-03-16,2349.0,,1.4,24.4,0.0,24.3,1,Ram Navami
2026-03-17,2349.0,,6.6,23.9,0.2,24.1,1,Ram Navami
2026-03-18,2349.0,,2.5,23.7,0.4,23.7,1,Ram Navami
2026-03-19,2349.0,,0.0,23.7,0.0,23.7,1,Ram Navami
2026-03-20,2349.0,,0.0,23.8,0.0,23.8,1,Ram Navami
2026-03-21,2349.0,,0.0,25.1,0.0,24.8,1,Ram Navami
2026-03-22,2349.0,,0.0,25.7,0.0,25.6,1,Ram Navami
2026-03-23,2349.0,,0.0,26.0,0.0,26.2,1,Ram Navami
2026-03-24,2349.0,,0.0,25.6,0.0,26.0,1,Ram Navami
2026-03-25,2349.0,,0.0,26.7,0.0,26.6,1,Ram Navami
2026-03-26,2349.0,,0.0,27.1,0.0,27.1,1,Ram Navami
2026-03-27,2349.0,,0.0,26.9,0.0,26.9,1,Mahavira's Birthday
2026-03-28,2349.0,,0.3,25.9,0.3,26.1,1,Mahavira's Birthday
2026-03-29,2349.0,,0.2,26.5,0.0,26.6,1,Mahavira's Birthday
2026-03-30,2349.0,,0.8,26.5,0.0,26.8,1,Mahavira's Birthday
2026-03-31,2349.0,,0.1,25.5,0.0,25.6,1,Mahavira's Birthday
2026-04-01,2332.0,,0.0,26.0,0.0,26.2,1,Good Friday
2026-04-02,2332.0,,0.0,25.3,0.0,25.5,1,Good Friday
2026-04-03,2332.0,,0.0,25.3,0.0,25.3,1,Good Friday
2026-04-04,2332.0,,0.4,25.4,0.0,25.5,1,Dr. B. R. Ambedkar's Birthday
2026-04-05,2332.0,,0.0,25.9,0.0,26.0,1,Dr. B. R. Ambedkar's Birthday
2026-04-06,2332.0,,0.0,25.7,0.0,25.8,1,Dr. B. R. Ambedkar's Birthday
2026-04-07,2332.0,,0.0,25.7,0.0,25.6,1,Dr. B. R. Ambedkar's Birthday
2026-04-08,2332.0,,0.0,25.8,0.0,25.4,1,Dr. B. R. Ambedkar's Birthday
2026-04-09,2332.0,,0.0,26.7,0.0,26.4,1,Dr. B. R. Ambedkar's Birthday
2026-04-10,2332.0,,0.0,27.3,0.0,27.2,1,Dr. B. R. Ambedkar's Birthday
2026-04-11,2332.0,,0.0,28.3,0.1,28.0,1,Dr. B. R. Ambedkar's Birthday
2026-04-12,2332.0,,0.0,28.1,0.0,27.7,1,Dr. B. R. Ambedkar's Birthday
2026-04-13,2332.0,,0.0,27.8,0.0,27.6,1,Dr. B. R. Ambedkar's Birthday
2026-04-14,2332.0,,0.0,28.4,0.0,28.0,1,Dr. B. R. Ambedkar's Birthday
2026-04-15,2332.0,,0.0,27.9,0.0,27.5,0,
2026-04-16,2332.0,,0.0,27.1,0.2,27.0,0,
2026-04-17,2332.0,,0.0,27.9,0.0,27.7,0,
2026-04-18,2332.0,,0.0,28.0,0.0,27.8,0,
2026-04-19,2332.0,,0.0,27.8,0.0,27.6,0,
2026-04-20,2332.0,,0.0,27.6,0.0,27.4,0,
2026-04-21,2332.0,,0.0,27.6,0.0,27.2,1,Buddha Purnima
2026-04-22,2332.0,,0.0,28.1,0.0,28.0,1,Buddha Purnima
2026-04-23,2332.0,,0.0,28.1,0.0,28.2,1,Buddha Purnima
2026-04-24,2332.0,,0.0,28.2,0.0,28.1,1,Buddha Purnima
2026-04-25,2332.0,,0.0,28.4,0.0,28.4,1,Buddha Purnima
2026-04-26,2332.0,,0.0,28.2,0.0,28.4,1,Buddha Purnima
2026-04-27,2332.0,,0.0,27.8,0.0,27.8,1,Buddha Purnima
2026-04-28,2332.0,,0.0,27.9,0.0,28.1,1,Buddha Purnima
2026-04-29,2332.0,,0.0,27.8,0.0,28.0,1,Buddha Purnima
2026-04-30,2332.0,,5.2,26.9,2.0,27.0,1,Buddha Purnima
2026-05-01,2172.0,,0.1,26.3,0.0,26.4,1,Buddha Purnima
2026-05-02,2172.0,,0.0,26.9,0.0,27.0,0,
2026-05-03,2172.0,,0.0,26.7,0.0,26.7,0,
2026-05-04,2172.0,,0.0,26.5,0.0,26.5,0,
2026-05-05,2172.0,,0.0,26.0,0.2,26.2,0,
2026-05-06,2172.0,,0.0,26.5,0.2,26.6,0,
2026-05-07,2172.0,,0.0,26.4,0.1,26.2,0,
2026-05-08,2172.0,,0.6,26.6,0.1,26.5,0,
2026-05-09,2172.0,,0.2,26.7,0.4,26.2,0,
2026-05-10,2172.0,,0.0,27.3,0.0,26.9,0,
2026-05-11,2172.0,,0.0,27.3,0.0,27.0,0,
2026-05-12,2172.0,,2.8,26.2,0.7,26.6,0,
2026-05-13,2172.0,,3.1,25.7,1.3,26.5,0,
2026-05-14,2172.0,,0.5,26.1,0.2,26.9,0,
2026-05-15,2172.0,,0.1,26.1,0.7,26.5,0,
2026-05-16,2172.0,,7.2,24.6,11.0,25.1,0,
2026-05-17,2172.0,,0.2,25.6,0.0,25.9,1,Eid al-Adha
2026-05-18,2172.0,,3.0,24.9,5.3,25.2,1,Eid al-Adha
2026-05-19,2172.0,,2.8,24.2,4.1,24.6,1,Eid al-Adha
2026-05-20,2172.0,,1.3,25.1,1.9,25.5,1,Eid al-Adha
2026-05-21,2172.0,,0.7,26.2,0.6,26.5,1,Eid al-Adha
2026-05-22,2172.0,,1.7,25.0,3.0,25.2,1,Eid al-Adha
2026-05-23,2172.0,,8.9,24.2,11.7,24.8,1,Eid al-Adha
2026-05-24,2172.0,,5.3,24.5,4.6,24.8,1,Eid al-Adha
2026-05-25,2172.0,,3.8,25.1,1.8,25.4,1,Eid al-Adha
2026-05-26,2172.0,,5.2,25.1,1.2,25.5,1,Eid al-Adha
2026-05-27,2172.0,,0.0,25.3,0.3,25.4,1,Eid al-Adha
2026-05-28,2172.0,,1.7,25.7,0.7,26.2,0,
2026-05-29,2172.0,,3.1,25.3,0.1,25.7,0,
2026-05-30,2172.0,,1.9,25.2,1.5,25.4,0,
2026-05-31,2172.0,,0.8,25.5,0.5,26.0,0,
2026-06-01,1979.0,,1.4,24.8,3.3,24.8,0,
2026-06-02,1979.0,,1.9,24.5,4.7,24.6,0,
2026-06-03,1979.0,,6.8,23.2,8.3,23.5,0,
2026-06-04,1979.0,,2.0,24.2,1.9,24.7,0,
2026-06-05,1979.0,,2.8,23.8,4.3,24.1,0,
2026-06-06,1979.0,,6.3,23.6,5.5,24.5,0,
2026-06-07,1979.0,,2.1,23.6,6.2,23.8,0,
2026-06-08,1979.0,,2.0,23.5,1.4,24.1,0,
2026-06-09,1979.0,,1.7,23.7,1.9,24.5,0,
2026-06-10,1979.0,,3.6,23.6,6.4,24.1,0,
2026-06-11,1979.0,,15.4,23.8,16.1,24.3,0,
2026-06-12,1979.0,,2.8,23.9,3.4,24.2,0,
2026-06-13,1979.0,,3.6,23.9,4.2,24.0,0,
2026-06-14,1979.0,,0.9,24.6,2.6,24.8,0,
2026-06-15,1979.0,,2.7,24.5,0.1,25.1,0,
2026-06-16,1979.0,,3.2,24.7,0.4,25.4,1,Ashura
2026-06-17,1979.0,,1.0,25.0,2.1,25.6,1,Ashura
2026-06-18,1979.0,,0.9,24.2,0.2,24.7,1,Ashura
2026-06-19,1979.0,,2.1,23.6,2.2,24.3,1,Ashura
2026-06-20,1979.0,,0.0,24.8,0.0,25.5,1,Ashura
2026-06-21,1979.0,,4.2,24.5,2.4,25.2,1,Ashura
2026-06-22,1979.0,,4.5,24.0,6.8,24.6,1,Ashura
2026-06-23,1979.0,,2.1,23.8,2.8,24.5,1,Ashura
2026-06-24,1979.0,,2.6,23.7,1.1,24.3,1,Ashura
2026-06-25,1979.0,,1.9,24.0,1.8,24.9,1,Ashura
2026-06-26,1979.0,,2.3,24.5,1.2,25.1,1,Ashura
2026-06-27,1979.0,,11.5,24.1,10.9,24.8,0,
2026-06-28,1979.0,,14.1,23.1,7.7,23.9,0,
2026-06-29,1979.0,,8.9,23.4,9.0,24.0,0,
2026-06-30,1979.0,,2.6,23.4,1.1,24.0,0,
2026-07-01,1979.0,,2.5,22.3,1.2,22.9,0,
2026-07-02,1979.0,,2.3,23.0,1.2,23.8,0,
2026-07-03,1979.0,,3.2,23.3,6.8,23.8,0,
2026-07-04,1979.0,,4.5,22.8,4.5,23.3,0,
2026-07-05,1979.0,,0.4,23.0,0.2,23.7,0,
2026-07-06,1979.0,,1.8,23.2,2.4,23.5,0,
2026-07-07,1979.0,,2.1,23.0,1.3,23.4,0,
2026-07-08,1979.0,,2.6,24.0,3.5,24.4,0,
2026-07-09,1979.0,,0.8,24.5,1.1,25.0,0,
2026-07-10,1979.0,,3.0,24.1,6.0,24.3,0,
2026-07-11,1979.0,,1.0,24.6,0.2,25.1,0,
2026-07-12,1979.0,,0.0,24.8,0.0,25.2,0,
2026-07-13,1979.0,,0.0,24.7,0.0,25.3,0,
2026-07-14,1979.0,,0.0,24.4,0.0,25.0,0,
2026-07-15,1979.0,,0.0,24.1,0.0,24.6,0,
2026-07-16,1979.0,,1.5,23.6,0.9,24.3,0,
2026-07-17,1979.0,,3.3,22.7,5.2,23.2,0,
2026-07-18,1979.0,,0.9,23.7,0.1,24.2,0,
2026-07-19,1979.0,,4.8,23.6,4.2,24.2,0,
2026-07-20,1979.0,,1.9,23.6,1.6,24.0,0,
2026-07-21,1979.0,,1.1,23.9,1.1,24.5,0,
2026-07-22,1979.0,,4.3,23.0,6.1,23.5,0,
2026-07-23,1979.0,,7.4,23.5,8.6,23.9,0,
2026-07-24,1979.0,,0.7,23.6,2.0,24.1,0,
2026-07-25,1979.0,,12.5,23.1,17.2,23.5,0,
2026-07-26,1979.0,,2.7,23.9,2.7,24.5,0,
2026-07-27,1979.0,,2.8,23.8,1.7,24.3,0,
